The target system is: Generic -  - ARM
The host system is: Linux - 6.8.0-100-generic - x86_64
Compiling the CXX compiler identification source file "CMakeCXXCompilerId.cpp" succeeded.
Compiler: /usr/bin/arm-none-eabi-g++ 
Build flags: 
Id flags: -c 

The output was:
0


Compilation of the CXX compiler identification source "CMakeCXXCompilerId.cpp" produced "CMakeCXXCompilerId.o"

The CXX compiler identification is GNU, found in "/home/nikita/MACHINE/proj/build/CMakeFiles/3.22.1/CompilerIdCXX/CMakeCXXCompilerId.o"

Compiling the C compiler identification source file "CMakeCCompilerId.c" succeeded.
Compiler: /usr/bin/arm-none-eabi-gcc 
Build flags: 
Id flags: -c 

The output was:
0


Compilation of the C compiler identification source "CMakeCCompilerId.c" produced "CMakeCCompilerId.o"

The C compiler identification is GNU, found in "/home/nikita/MACHINE/proj/build/CMakeFiles/3.22.1/CompilerIdC/CMakeCCompilerId.o"

Checking whether the ASM compiler is GNU using "--version" matched "(GNU assembler)|(GCC)|(Free Software Foundation)":
arm-none-eabi-gcc (15:10.3-2021.07-4) 10.3.1 20210621 (release)
Copyright (C) 2020 Free Software Foundation, Inc.
This is free software; see the source for copying conditions.  There is NO
warranty; not even for MERCHANTABILITY or FITNESS FOR A PARTICULAR PURPOSE.

Detecting CXX compiler ABI info compiled with the following output:
Change Dir: /home/nikita/MACHINE/proj/build/CMakeFiles/CMakeTmp

Run Build Command(s):/usr/bin/gmake -f Makefile cmTC_0f283/fast && /usr/bin/gmake  -f CMakeFiles/cmTC_0f283.dir/build.make CMakeFiles/cmTC_0f283.dir/build
gmake[1]: Entering directory '/home/nikita/MACHINE/proj/build/CMakeFiles/CMakeTmp'
Building CXX object CMakeFiles/cmTC_0f283.dir/CMakeCXXCompilerABI.cpp.obj
/usr/bin/arm-none-eabi-g++   -v -ggdb3 -Os -fdata-sections -ffunction-sections -fno-common -fno-exceptions -Wall -Wextra -Wshadow -Wdouble-promotion -Wundef -Wconversion -o CMakeFiles/cmTC_0f283.dir/CMakeCXXCompilerABI.cpp.obj -c /usr/share/cmake-3.22/Modules/CMakeCXXCompilerABI.cpp
Using built-in specs.
COLLECT_GCC=/usr/bin/arm-none-eabi-g++
Target: arm-none-eabi
Configured with: ../configure --build=x86_64-linux-gnu --prefix=/usr --includedir='/usr/lib/include' --mandir='/usr/lib/share/man' --infodir='/usr/lib/share/info' --sysconfdir=/etc --localstatedir=/var --disable-option-checking --disable-silent-rules --libdir='/usr/lib/lib/x86_64-linux-gnu' --libexecdir='/usr/lib/lib/x86_64-linux-gnu' --disable-maintainer-mode --disable-dependency-tracking --mandir=/usr/share/man --enable-languages=c,c++,lto --enable-multilib --disable-decimal-float --disable-libffi --disable-libgomp --disable-libmudflap --disable-libquadmath --disable-libssp --disable-libstdcxx-pch --disable-nls --disable-shared --disable-threads --enable-tls --build=x86_64-linux-gnu --target=arm-none-eabi --with-system-zlib --with-gnu-as --with-gnu-ld --with-pkgversion=15:10.3-2021.07-4 --without-included-gettext --prefix=/usr/lib --infodir=/usr/share/doc/gcc-arm-none-eabi/info --htmldir=/usr/share/doc/gcc-arm-none-eabi/html --pdfdir=/usr/share/doc/gcc-arm-none-eabi/pdf --bindir=/usr/bin --libexecdir=/usr/lib --libdir=/usr/lib --disable-libstdc++-v3 --host=x86_64-linux-gnu --with-headers=no --without-newlib --with-multilib-list=rmprofile,aprofile CFLAGS='-g -O2 -ffile-prefix-map=/build/gcc-arm-none-eabi-hYfgK4/gcc-arm-none-eabi-10.3-2021.07=. -flto=auto -ffat-lto-objects -fstack-protector-strong' CPPFLAGS='-Wdate-time -D_FORTIFY_SOURCE=2' CXXFLAGS='-g -O2 -ffile-prefix-map=/build/gcc-arm-none-eabi-hYfgK4/gcc-arm-none-eabi-10.3-2021.07=. -flto=auto -ffat-lto-objects -fstack-protector-strong' DFLAGS=-frelease FCFLAGS='-g -O2 -ffile-prefix-map=/build/gcc-arm-none-eabi-hYfgK4/gcc-arm-none-eabi-10.3-2021.07=. -flto=auto -ffat-lto-objects -fstack-protector-strong' FFLAGS='-g -O2 -ffile-prefix-map=/build/gcc-arm-none-eabi-hYfgK4/gcc-arm-none-eabi-10.3-2021.07=. -flto=auto -ffat-lto-objects -fstack-protector-strong' GCJFLAGS='-g -O2 -ffile-prefix-map=/build/gcc-arm-none-eabi-hYfgK4/gcc-arm-none-eabi-10.3-2021.07=. -fstack-protector-strong' LDFLAGS='-Wl,-Bsymbolic-functions -flto=auto -Wl,-z,relro' OBJCFLAGS='-g -O2 -ffile-prefix-map=/build/gcc-arm-none-eabi-hYfgK4/gcc-arm-none-eabi-10.3-2021.07=. -flto=auto -ffat-lto-objects -fstack-protector-strong' OBJCXXFLAGS='-g -O2 -ffile-prefix-map=/build/gcc-arm-none-eabi-hYfgK4/gcc-arm-none-eabi-10.3-2021.07=. -flto=auto -ffat-lto-objects -fstack-protector-strong' INHIBIT_LIBC_CFLAGS=-DUSE_TM_CLONE_REGISTRY=0 AR_FOR_TARGET=arm-none-eabi-ar AS_FOR_TARGET=arm-none-eabi-as LD_FOR_TARGET=arm-none-eabi-ld NM_FOR_TARGET=arm-none-eabi-nm OBJDUMP_FOR_TARGET=arm-none-eabi-objdump RANLIB_FOR_TARGET=arm-none-eabi-ranlib READELF_FOR_TARGET=arm-none-eabi-readelf STRIP_FOR_TARGET=arm-none-eabi-strip SED=/bin/sed SHELL=/bin/sh BASH=/bin/bash CONFIG_SHELL=/bin/bash
Thread model: single
Supported LTO compression algorithms: zlib
gcc version 10.3.1 20210621 (release) (15:10.3-2021.07-4) 
COLLECT_GCC_OPTIONS='-v' '-ggdb3' '-Os' '-fdata-sections' '-ffunction-sections' '-fno-common' '-fno-exceptions' '-Wall' '-Wextra' '-Wshadow' '-Wdouble-promotion' '-Wundef' '-Wconversion' '-o' 'CMakeFiles/cmTC_0f283.dir/CMakeCXXCompilerABI.cpp.obj' '-c' '-mcpu=arm7tdmi' '-mfloat-abi=soft' '-marm' '-mlibarch=armv4t' '-march=armv4t'
 /usr/lib/gcc/arm-none-eabi/10.3.1/cc1plus -quiet -v -dD -D__USES_INITFINI__ /usr/share/cmake-3.22/Modules/CMakeCXXCompilerABI.cpp -quiet -dumpbase CMakeCXXCompilerABI.cpp -mcpu=arm7tdmi -mfloat-abi=soft -marm -mlibarch=armv4t -march=armv4t -auxbase-strip CMakeFiles/cmTC_0f283.dir/CMakeCXXCompilerABI.cpp.obj -ggdb3 -Os -Wall -Wextra -Wshadow -Wdouble-promotion -Wundef -Wconversion -version -fdata-sections -ffunction-sections -fno-common -fno-exceptions -o /tmp/ccyvwSvF.s
GNU C++14 (15:10.3-2021.07-4) version 10.3.1 20210621 (release) (arm-none-eabi)
	compiled by GNU C version 11.2.0, GMP version 6.2.1, MPFR version 4.1.0, MPC version 1.2.1, isl version isl-0.24-GMP

GGC heuristics: --param ggc-min-expand=100 --param ggc-min-heapsize=131072
ignoring nonexistent directory "/usr/lib/gcc/arm-none-eabi/10.3.1/../../../arm-none-eabi/sys-include"
#include "..." search starts here:
#include <...> search starts here:
 /usr/lib/gcc/arm-none-eabi/10.3.1/../../../arm-none-eabi/include/c++/10.3.1
 /usr/lib/gcc/arm-none-eabi/10.3.1/../../../arm-none-eabi/include/c++/10.3.1/arm-none-eabi
 /usr/lib/gcc/arm-none-eabi/10.3.1/../../../arm-none-eabi/include/c++/10.3.1/backward
 /usr/lib/gcc/arm-none-eabi/10.3.1/include
 /usr/lib/gcc/arm-none-eabi/10.3.1/include-fixed
 /usr/lib/gcc/arm-none-eabi/10.3.1/../../../arm-none-eabi/include
End of search list.
GNU C++14 (15:10.3-2021.07-4) version 10.3.1 20210621 (release) (arm-none-eabi)
	compiled by GNU C version 11.2.0, GMP version 6.2.1, MPFR version 4.1.0, MPC version 1.2.1, isl version isl-0.24-GMP

GGC heuristics: --param ggc-min-expand=100 --param ggc-min-heapsize=131072
Compiler executable checksum: 4f994585a8ca8864fa1f4d2fb208a0ba
COLLECT_GCC_OPTIONS='-v' '-ggdb3' '-Os' '-fdata-sections' '-ffunction-sections' '-fno-common' '-fno-exceptions' '-Wall' '-Wextra' '-Wshadow' '-Wdouble-promotion' '-Wundef' '-Wconversion' '-o' 'CMakeFiles/cmTC_0f283.dir/CMakeCXXCompilerABI.cpp.obj' '-c' '-mcpu=arm7tdmi' '-mfloat-abi=soft' '-marm' '-mlibarch=armv4t' '-march=armv4t'
 /usr/lib/gcc/arm-none-eabi/10.3.1/../../../arm-none-eabi/bin/as -v -march=armv4t -mfloat-abi=soft -meabi=5 -o CMakeFiles/cmTC_0f283.dir/CMakeCXXCompilerABI.cpp.obj /tmp/ccyvwSvF.s
GNU assembler version 2.38 (arm-none-eabi) using BFD version (2.38-3ubuntu1+15build1) 2.38
COMPILER_PATH=/usr/lib/gcc/arm-none-eabi/10.3.1/:/usr/lib/gcc/arm-none-eabi/10.3.1/:/usr/lib/gcc/arm-none-eabi/:/usr/lib/gcc/arm-none-eabi/10.3.1/:/usr/lib/gcc/arm-none-eabi/:/usr/lib/gcc/arm-none-eabi/10.3.1/../../../arm-none-eabi/bin/
LIBRARY_PATH=/usr/lib/gcc/arm-none-eabi/10.3.1/:/usr/lib/gcc/arm-none-eabi/10.3.1/../../../arm-none-eabi/lib/
COLLECT_GCC_OPTIONS='-v' '-ggdb3' '-Os' '-fdata-sections' '-ffunction-sections' '-fno-common' '-fno-exceptions' '-Wall' '-Wextra' '-Wshadow' '-Wdouble-promotion' '-Wundef' '-Wconversion' '-o' 'CMakeFiles/cmTC_0f283.dir/CMakeCXXCompilerABI.cpp.obj' '-c' '-mcpu=arm7tdmi' '-mfloat-abi=soft' '-marm' '-mlibarch=armv4t' '-march=armv4t'
Linking CXX static library libcmTC_0f283.a
/usr/bin/cmake -P CMakeFiles/cmTC_0f283.dir/cmake_clean_target.cmake
/usr/bin/cmake -E cmake_link_script CMakeFiles/cmTC_0f283.dir/link.txt --verbose=1
/usr/bin/arm-none-eabi-ar qc libcmTC_0f283.a CMakeFiles/cmTC_0f283.dir/CMakeCXXCompilerABI.cpp.obj
/usr/bin/arm-none-eabi-ranlib libcmTC_0f283.a
gmake[1]: Leaving directory '/home/nikita/MACHINE/proj/build/CMakeFiles/CMakeTmp'



Parsed CXX implicit include dir info from above output: rv=done
  found start of include info
  found start of implicit include info
    add: [/usr/lib/gcc/arm-none-eabi/10.3.1/../../../arm-none-eabi/include/c++/10.3.1]
    add: [/usr/lib/gcc/arm-none-eabi/10.3.1/../../../arm-none-eabi/include/c++/10.3.1/arm-none-eabi]
    add: [/usr/lib/gcc/arm-none-eabi/10.3.1/../../../arm-none-eabi/include/c++/10.3.1/backward]
    add: [/usr/lib/gcc/arm-none-eabi/10.3.1/include]
    add: [/usr/lib/gcc/arm-none-eabi/10.3.1/include-fixed]
    add: [/usr/lib/gcc/arm-none-eabi/10.3.1/../../../arm-none-eabi/include]
  end of search list found
  collapse include dir [/usr/lib/gcc/arm-none-eabi/10.3.1/../../../arm-none-eabi/include/c++/10.3.1] ==> [/usr/lib/arm-none-eabi/include/c++/10.3.1]
  collapse include dir [/usr/lib/gcc/arm-none-eabi/10.3.1/../../../arm-none-eabi/include/c++/10.3.1/arm-none-eabi] ==> [/usr/lib/arm-none-eabi/include/c++/10.3.1/arm-none-eabi]
  collapse include dir [/usr/lib/gcc/arm-none-eabi/10.3.1/../../../arm-none-eabi/include/c++/10.3.1/backward] ==> [/usr/lib/arm-none-eabi/include/c++/10.3.1/backward]
  collapse include dir [/usr/lib/gcc/arm-none-eabi/10.3.1/include] ==> [/usr/lib/gcc/arm-none-eabi/10.3.1/include]
  collapse include dir [/usr/lib/gcc/arm-none-eabi/10.3.1/include-fixed] ==> [/usr/lib/gcc/arm-none-eabi/10.3.1/include-fixed]
  collapse include dir [/usr/lib/gcc/arm-none-eabi/10.3.1/../../../arm-none-eabi/include] ==> [/usr/lib/arm-none-eabi/include]
  implicit include dirs: [/usr/lib/arm-none-eabi/include/c++/10.3.1;/usr/lib/arm-none-eabi/include/c++/10.3.1/arm-none-eabi;/usr/lib/arm-none-eabi/include/c++/10.3.1/backward;/usr/lib/gcc/arm-none-eabi/10.3.1/include;/usr/lib/gcc/arm-none-eabi/10.3.1/include-fixed;/usr/lib/arm-none-eabi/include]


Parsed CXX implicit link information from above output:
  link line regex: [^( *|.*[/\])(arm-none-eabi-ld|CMAKE_LINK_STARTFILE-NOTFOUND|([^/\]+-)?ld|collect2)[^/\]*( |$)]
  ignore line: [Change Dir: /home/nikita/MACHINE/proj/build/CMakeFiles/CMakeTmp]
  ignore line: []
  ignore line: [Run Build Command(s):/usr/bin/gmake -f Makefile cmTC_0f283/fast && /usr/bin/gmake  -f CMakeFiles/cmTC_0f283.dir/build.make CMakeFiles/cmTC_0f283.dir/build]
  ignore line: [gmake[1]: Entering directory '/home/nikita/MACHINE/proj/build/CMakeFiles/CMakeTmp']
  ignore line: [Building CXX object CMakeFiles/cmTC_0f283.dir/CMakeCXXCompilerABI.cpp.obj]
  ignore line: [/usr/bin/arm-none-eabi-g++   -v -ggdb3 -Os -fdata-sections -ffunction-sections -fno-common -fno-exceptions -Wall -Wextra -Wshadow -Wdouble-promotion -Wundef -Wconversion -o CMakeFiles/cmTC_0f283.dir/CMakeCXXCompilerABI.cpp.obj -c /usr/share/cmake-3.22/Modules/CMakeCXXCompilerABI.cpp]
  ignore line: [Using built-in specs.]
  ignore line: [COLLECT_GCC=/usr/bin/arm-none-eabi-g++]
  ignore line: [Target: arm-none-eabi]
  ignore line: [Configured with: ../configure --build=x86_64-linux-gnu --prefix=/usr --includedir='/usr/lib/include' --mandir='/usr/lib/share/man' --infodir='/usr/lib/share/info' --sysconfdir=/etc --localstatedir=/var --disable-option-checking --disable-silent-rules --libdir='/usr/lib/lib/x86_64-linux-gnu' --libexecdir='/usr/lib/lib/x86_64-linux-gnu' --disable-maintainer-mode --disable-dependency-tracking --mandir=/usr/share/man --enable-languages=c,c++,lto --enable-multilib --disable-decimal-float --disable-libffi --disable-libgomp --disable-libmudflap --disable-libquadmath --disable-libssp --disable-libstdcxx-pch --disable-nls --disable-shared --disable-threads --enable-tls --build=x86_64-linux-gnu --target=arm-none-eabi --with-system-zlib --with-gnu-as --with-gnu-ld --with-pkgversion=15:10.3-2021.07-4 --without-included-gettext --prefix=/usr/lib --infodir=/usr/share/doc/gcc-arm-none-eabi/info --htmldir=/usr/share/doc/gcc-arm-none-eabi/html --pdfdir=/usr/share/doc/gcc-arm-none-eabi/pdf --bindir=/usr/bin --libexecdir=/usr/lib --libdir=/usr/lib --disable-libstdc++-v3 --host=x86_64-linux-gnu --with-headers=no --without-newlib --with-multilib-list=rmprofile,aprofile CFLAGS='-g -O2 -ffile-prefix-map=/build/gcc-arm-none-eabi-hYfgK4/gcc-arm-none-eabi-10.3-2021.07=. -flto=auto -ffat-lto-objects -fstack-protector-strong' CPPFLAGS='-Wdate-time -D_FORTIFY_SOURCE=2' CXXFLAGS='-g -O2 -ffile-prefix-map=/build/gcc-arm-none-eabi-hYfgK4/gcc-arm-none-eabi-10.3-2021.07=. -flto=auto -ffat-lto-objects -fstack-protector-strong' DFLAGS=-frelease FCFLAGS='-g -O2 -ffile-prefix-map=/build/gcc-arm-none-eabi-hYfgK4/gcc-arm-none-eabi-10.3-2021.07=. -flto=auto -ffat-lto-objects -fstack-protector-strong' FFLAGS='-g -O2 -ffile-prefix-map=/build/gcc-arm-none-eabi-hYfgK4/gcc-arm-none-eabi-10.3-2021.07=. -flto=auto -ffat-lto-objects -fstack-protector-strong' GCJFLAGS='-g -O2 -ffile-prefix-map=/build/gcc-arm-none-eabi-hYfgK4/gcc-arm-none-eabi-10.3-2021.07=. -fstack-protector-strong' LDFLAGS='-Wl,-Bsymbolic-functions -flto=auto -Wl,-z,relro' OBJCFLAGS='-g -O2 -ffile-prefix-map=/build/gcc-arm-none-eabi-hYfgK4/gcc-arm-none-eabi-10.3-2021.07=. -flto=auto -ffat-lto-objects -fstack-protector-strong' OBJCXXFLAGS='-g -O2 -ffile-prefix-map=/build/gcc-arm-none-eabi-hYfgK4/gcc-arm-none-eabi-10.3-2021.07=. -flto=auto -ffat-lto-objects -fstack-protector-strong' INHIBIT_LIBC_CFLAGS=-DUSE_TM_CLONE_REGISTRY=0 AR_FOR_TARGET=arm-none-eabi-ar AS_FOR_TARGET=arm-none-eabi-as LD_FOR_TARGET=arm-none-eabi-ld NM_FOR_TARGET=arm-none-eabi-nm OBJDUMP_FOR_TARGET=arm-none-eabi-objdump RANLIB_FOR_TARGET=arm-none-eabi-ranlib READELF_FOR_TARGET=arm-none-eabi-readelf STRIP_FOR_TARGET=arm-none-eabi-strip SED=/bin/sed SHELL=/bin/sh BASH=/bin/bash CONFIG_SHELL=/bin/bash]
  ignore line: [Thread model: single]
  ignore line: [Supported LTO compression algorithms: zlib]
  ignore line: [gcc version 10.3.1 20210621 (release) (15:10.3-2021.07-4) ]
  ignore line: [COLLECT_GCC_OPTIONS='-v' '-ggdb3' '-Os' '-fdata-sections' '-ffunction-sections' '-fno-common' '-fno-exceptions' '-Wall' '-Wextra' '-Wshadow' '-Wdouble-promotion' '-Wundef' '-Wconversion' '-o' 'CMakeFiles/cmTC_0f283.dir/CMakeCXXCompilerABI.cpp.obj' '-c' '-mcpu=arm7tdmi' '-mfloat-abi=soft' '-marm' '-mlibarch=armv4t' '-march=armv4t']
  ignore line: [ /usr/lib/gcc/arm-none-eabi/10.3.1/cc1plus -quiet -v -dD -D__USES_INITFINI__ /usr/share/cmake-3.22/Modules/CMakeCXXCompilerABI.cpp -quiet -dumpbase CMakeCXXCompilerABI.cpp -mcpu=arm7tdmi -mfloat-abi=soft -marm -mlibarch=armv4t -march=armv4t -auxbase-strip CMakeFiles/cmTC_0f283.dir/CMakeCXXCompilerABI.cpp.obj -ggdb3 -Os -Wall -Wextra -Wshadow -Wdouble-promotion -Wundef -Wconversion -version -fdata-sections -ffunction-sections -fno-common -fno-exceptions -o /tmp/ccyvwSvF.s]
  ignore line: [GNU C++14 (15:10.3-2021.07-4) version 10.3.1 20210621 (release) (arm-none-eabi)]
  ignore line: [	compiled by GNU C version 11.2.0  GMP version 6.2.1  MPFR version 4.1.0  MPC version 1.2.1  isl version isl-0.24-GMP]
  ignore line: []
  ignore line: [GGC heuristics: --param ggc-min-expand=100 --param ggc-min-heapsize=131072]
  ignore line: [ignoring nonexistent directory "/usr/lib/gcc/arm-none-eabi/10.3.1/../../../arm-none-eabi/sys-include"]
  ignore line: [#include "..." search starts here:]
  ignore line: [#include <...> search starts here:]
  ignore line: [ /usr/lib/gcc/arm-none-eabi/10.3.1/../../../arm-none-eabi/include/c++/10.3.1]
  ignore line: [ /usr/lib/gcc/arm-none-eabi/10.3.1/../../../arm-none-eabi/include/c++/10.3.1/arm-none-eabi]
  ignore line: [ /usr/lib/gcc/arm-none-eabi/10.3.1/../../../arm-none-eabi/include/c++/10.3.1/backward]
  ignore line: [ /usr/lib/gcc/arm-none-eabi/10.3.1/include]
  ignore line: [ /usr/lib/gcc/arm-none-eabi/10.3.1/include-fixed]
  ignore line: [ /usr/lib/gcc/arm-none-eabi/10.3.1/../../../arm-none-eabi/include]
  ignore line: [End of search list.]
  ignore line: [GNU C++14 (15:10.3-2021.07-4) version 10.3.1 20210621 (release) (arm-none-eabi)]
  ignore line: [	compiled by GNU C version 11.2.0  GMP version 6.2.1  MPFR version 4.1.0  MPC version 1.2.1  isl version isl-0.24-GMP]
  ignore line: []
  ignore line: [GGC heuristics: --param ggc-min-expand=100 --param ggc-min-heapsize=131072]
  ignore line: [Compiler executable checksum: 4f994585a8ca8864fa1f4d2fb208a0ba]
  ignore line: [COLLECT_GCC_OPTIONS='-v' '-ggdb3' '-Os' '-fdata-sections' '-ffunction-sections' '-fno-common' '-fno-exceptions' '-Wall' '-Wextra' '-Wshadow' '-Wdouble-promotion' '-Wundef' '-Wconversion' '-o' 'CMakeFiles/cmTC_0f283.dir/CMakeCXXCompilerABI.cpp.obj' '-c' '-mcpu=arm7tdmi' '-mfloat-abi=soft' '-marm' '-mlibarch=armv4t' '-march=armv4t']
  ignore line: [ /usr/lib/gcc/arm-none-eabi/10.3.1/../../../arm-none-eabi/bin/as -v -march=armv4t -mfloat-abi=soft -meabi=5 -o CMakeFiles/cmTC_0f283.dir/CMakeCXXCompilerABI.cpp.obj /tmp/ccyvwSvF.s]
  ignore line: [GNU assembler version 2.38 (arm-none-eabi) using BFD version (2.38-3ubuntu1+15build1) 2.38]
  ignore line: [COMPILER_PATH=/usr/lib/gcc/arm-none-eabi/10.3.1/:/usr/lib/gcc/arm-none-eabi/10.3.1/:/usr/lib/gcc/arm-none-eabi/:/usr/lib/gcc/arm-none-eabi/10.3.1/:/usr/lib/gcc/arm-none-eabi/:/usr/lib/gcc/arm-none-eabi/10.3.1/../../../arm-none-eabi/bin/]
  ignore line: [LIBRARY_PATH=/usr/lib/gcc/arm-none-eabi/10.3.1/:/usr/lib/gcc/arm-none-eabi/10.3.1/../../../arm-none-eabi/lib/]
  ignore line: [COLLECT_GCC_OPTIONS='-v' '-ggdb3' '-Os' '-fdata-sections' '-ffunction-sections' '-fno-common' '-fno-exceptions' '-Wall' '-Wextra' '-Wshadow' '-Wdouble-promotion' '-Wundef' '-Wconversion' '-o' 'CMakeFiles/cmTC_0f283.dir/CMakeCXXCompilerABI.cpp.obj' '-c' '-mcpu=arm7tdmi' '-mfloat-abi=soft' '-marm' '-mlibarch=armv4t' '-march=armv4t']
  ignore line: [Linking CXX static library libcmTC_0f283.a]
  ignore line: [/usr/bin/cmake -P CMakeFiles/cmTC_0f283.dir/cmake_clean_target.cmake]
  ignore line: [/usr/bin/cmake -E cmake_link_script CMakeFiles/cmTC_0f283.dir/link.txt --verbose=1]
  ignore line: [/usr/bin/arm-none-eabi-ar qc libcmTC_0f283.a CMakeFiles/cmTC_0f283.dir/CMakeCXXCompilerABI.cpp.obj]
  ignore line: [/usr/bin/arm-none-eabi-ranlib libcmTC_0f283.a]
  ignore line: [gmake[1]: Leaving directory '/home/nikita/MACHINE/proj/build/CMakeFiles/CMakeTmp']
  ignore line: []
  ignore line: []
  implicit libs: []
  implicit objs: []
  implicit dirs: []
  implicit fwks: []


Detecting C compiler ABI info compiled with the following output:
Change Dir: /home/nikita/MACHINE/proj/build/CMakeFiles/CMakeTmp

Run Build Command(s):/usr/bin/gmake -f Makefile cmTC_d59b9/fast && /usr/bin/gmake  -f CMakeFiles/cmTC_d59b9.dir/build.make CMakeFiles/cmTC_d59b9.dir/build
gmake[1]: Entering directory '/home/nikita/MACHINE/proj/build/CMakeFiles/CMakeTmp'
Building C object CMakeFiles/cmTC_d59b9.dir/CMakeCCompilerABI.c.obj
/usr/bin/arm-none-eabi-gcc   -v -ggdb3 -Os -fdata-sections -ffunction-sections -fno-common -fno-exceptions -Wall -Wextra -Wshadow -Wdouble-promotion -Wundef -Wconversion -o CMakeFiles/cmTC_d59b9.dir/CMakeCCompilerABI.c.obj -c /usr/share/cmake-3.22/Modules/CMakeCCompilerABI.c
Using built-in specs.
COLLECT_GCC=/usr/bin/arm-none-eabi-gcc
Target: arm-none-eabi
Configured with: ../configure --build=x86_64-linux-gnu --prefix=/usr --includedir='/usr/lib/include' --mandir='/usr/lib/share/man' --infodir='/usr/lib/share/info' --sysconfdir=/etc --localstatedir=/var --disable-option-checking --disable-silent-rules --libdir='/usr/lib/lib/x86_64-linux-gnu' --libexecdir='/usr/lib/lib/x86_64-linux-gnu' --disable-maintainer-mode --disable-dependency-tracking --mandir=/usr/share/man --enable-languages=c,c++,lto --enable-multilib --disable-decimal-float --disable-libffi --disable-libgomp --disable-libmudflap --disable-libquadmath --disable-libssp --disable-libstdcxx-pch --disable-nls --disable-shared --disable-threads --enable-tls --build=x86_64-linux-gnu --target=arm-none-eabi --with-system-zlib --with-gnu-as --with-gnu-ld --with-pkgversion=15:10.3-2021.07-4 --without-included-gettext --prefix=/usr/lib --infodir=/usr/share/doc/gcc-arm-none-eabi/info --htmldir=/usr/share/doc/gcc-arm-none-eabi/html --pdfdir=/usr/share/doc/gcc-arm-none-eabi/pdf --bindir=/usr/bin --libexecdir=/usr/lib --libdir=/usr/lib --disable-libstdc++-v3 --host=x86_64-linux-gnu --with-headers=no --without-newlib --with-multilib-list=rmprofile,aprofile CFLAGS='-g -O2 -ffile-prefix-map=/build/gcc-arm-none-eabi-hYfgK4/gcc-arm-none-eabi-10.3-2021.07=. -flto=auto -ffat-lto-objects -fstack-protector-strong' CPPFLAGS='-Wdate-time -D_FORTIFY_SOURCE=2' CXXFLAGS='-g -O2 -ffile-prefix-map=/build/gcc-arm-none-eabi-hYfgK4/gcc-arm-none-eabi-10.3-2021.07=. -flto=auto -ffat-lto-objects -fstack-protector-strong' DFLAGS=-frelease FCFLAGS='-g -O2 -ffile-prefix-map=/build/gcc-arm-none-eabi-hYfgK4/gcc-arm-none-eabi-10.3-2021.07=. -flto=auto -ffat-lto-objects -fstack-protector-strong' FFLAGS='-g -O2 -ffile-prefix-map=/build/gcc-arm-none-eabi-hYfgK4/gcc-arm-none-eabi-10.3-2021.07=. -flto=auto -ffat-lto-objects -fstack-protector-strong' GCJFLAGS='-g -O2 -ffile-prefix-map=/build/gcc-arm-none-eabi-hYfgK4/gcc-arm-none-eabi-10.3-2021.07=. -fstack-protector-strong' LDFLAGS='-Wl,-Bsymbolic-functions -flto=auto -Wl,-z,relro' OBJCFLAGS='-g -O2 -ffile-prefix-map=/build/gcc-arm-none-eabi-hYfgK4/gcc-arm-none-eabi-10.3-2021.07=. -flto=auto -ffat-lto-objects -fstack-protector-strong' OBJCXXFLAGS='-g -O2 -ffile-prefix-map=/build/gcc-arm-none-eabi-hYfgK4/gcc-arm-none-eabi-10.3-2021.07=. -flto=auto -ffat-lto-objects -fstack-protector-strong' INHIBIT_LIBC_CFLAGS=-DUSE_TM_CLONE_REGISTRY=0 AR_FOR_TARGET=arm-none-eabi-ar AS_FOR_TARGET=arm-none-eabi-as LD_FOR_TARGET=arm-none-eabi-ld NM_FOR_TARGET=arm-none-eabi-nm OBJDUMP_FOR_TARGET=arm-none-eabi-objdump RANLIB_FOR_TARGET=arm-none-eabi-ranlib READELF_FOR_TARGET=arm-none-eabi-readelf STRIP_FOR_TARGET=arm-none-eabi-strip SED=/bin/sed SHELL=/bin/sh BASH=/bin/bash CONFIG_SHELL=/bin/bash
Thread model: single
Supported LTO compression algorithms: zlib
gcc version 10.3.1 20210621 (release) (15:10.3-2021.07-4) 
COLLECT_GCC_OPTIONS='-v' '-ggdb3' '-Os' '-fdata-sections' '-ffunction-sections' '-fno-common' '-fno-exceptions' '-Wall' '-Wextra' '-Wshadow' '-Wdouble-promotion' '-Wundef' '-Wconversion' '-o' 'CMakeFiles/cmTC_d59b9.dir/CMakeCCompilerABI.c.obj' '-c' '-mcpu=arm7tdmi' '-mfloat-abi=soft' '-marm' '-mlibarch=armv4t' '-march=armv4t'
 /usr/lib/gcc/arm-none-eabi/10.3.1/cc1 -quiet -v -dD -D__USES_INITFINI__ /usr/share/cmake-3.22/Modules/CMakeCCompilerABI.c -quiet -dumpbase CMakeCCompilerABI.c -mcpu=arm7tdmi -mfloat-abi=soft -marm -mlibarch=armv4t -march=armv4t -auxbase-strip CMakeFiles/cmTC_d59b9.dir/CMakeCCompilerABI.c.obj -ggdb3 -Os -Wall -Wextra -Wshadow -Wdouble-promotion -Wundef -Wconversion -version -fdata-sections -ffunction-sections -fno-common -fno-exceptions -o /tmp/ccbOJ8DU.s
GNU C17 (15:10.3-2021.07-4) version 10.3.1 20210621 (release) (arm-none-eabi)
	compiled by GNU C version 11.2.0, GMP version 6.2.1, MPFR version 4.1.0, MPC version 1.2.1, isl version isl-0.24-GMP

GGC heuristics: --param ggc-min-expand=100 --param ggc-min-heapsize=131072
ignoring nonexistent directory "/usr/lib/gcc/arm-none-eabi/10.3.1/../../../arm-none-eabi/sys-include"
#include "..." search starts here:
#include <...> search starts here:
 /usr/lib/gcc/arm-none-eabi/10.3.1/include
 /usr/lib/gcc/arm-none-eabi/10.3.1/include-fixed
 /usr/lib/gcc/arm-none-eabi/10.3.1/../../../arm-none-eabi/include
End of search list.
GNU C17 (15:10.3-2021.07-4) version 10.3.1 20210621 (release) (arm-none-eabi)
	compiled by GNU C version 11.2.0, GMP version 6.2.1, MPFR version 4.1.0, MPC version 1.2.1, isl version isl-0.24-GMP

GGC heuristics: --param ggc-min-expand=100 --param ggc-min-heapsize=131072
Compiler executable checksum: 4cf7574ae54eb0935abb4a8c56f8bcfe
COLLECT_GCC_OPTIONS='-v' '-ggdb3' '-Os' '-fdata-sections' '-ffunction-sections' '-fno-common' '-fno-exceptions' '-Wall' '-Wextra' '-Wshadow' '-Wdouble-promotion' '-Wundef' '-Wconversion' '-o' 'CMakeFiles/cmTC_d59b9.dir/CMakeCCompilerABI.c.obj' '-c' '-mcpu=arm7tdmi' '-mfloat-abi=soft' '-marm' '-mlibarch=armv4t' '-march=armv4t'
 /usr/lib/gcc/arm-none-eabi/10.3.1/../../../arm-none-eabi/bin/as -v -march=armv4t -mfloat-abi=soft -meabi=5 -o CMakeFiles/cmTC_d59b9.dir/CMakeCCompilerABI.c.obj /tmp/ccbOJ8DU.s
GNU assembler version 2.38 (arm-none-eabi) using BFD version (2.38-3ubuntu1+15build1) 2.38
COMPILER_PATH=/usr/lib/gcc/arm-none-eabi/10.3.1/:/usr/lib/gcc/arm-none-eabi/10.3.1/:/usr/lib/gcc/arm-none-eabi/:/usr/lib/gcc/arm-none-eabi/10.3.1/:/usr/lib/gcc/arm-none-eabi/:/usr/lib/gcc/arm-none-eabi/10.3.1/../../../arm-none-eabi/bin/
LIBRARY_PATH=/usr/lib/gcc/arm-none-eabi/10.3.1/:/usr/lib/gcc/arm-none-eabi/10.3.1/../../../arm-none-eabi/lib/
COLLECT_GCC_OPTIONS='-v' '-ggdb3' '-Os' '-fdata-sections' '-ffunction-sections' '-fno-common' '-fno-exceptions' '-Wall' '-Wextra' '-Wshadow' '-Wdouble-promotion' '-Wundef' '-Wconversion' '-o' 'CMakeFiles/cmTC_d59b9.dir/CMakeCCompilerABI.c.obj' '-c' '-mcpu=arm7tdmi' '-mfloat-abi=soft' '-marm' '-mlibarch=armv4t' '-march=armv4t'
Linking C static library libcmTC_d59b9.a
/usr/bin/cmake -P CMakeFiles/cmTC_d59b9.dir/cmake_clean_target.cmake
/usr/bin/cmake -E cmake_link_script CMakeFiles/cmTC_d59b9.dir/link.txt --verbose=1
/usr/bin/arm-none-eabi-ar qc libcmTC_d59b9.a CMakeFiles/cmTC_d59b9.dir/CMakeCCompilerABI.c.obj
/usr/bin/arm-none-eabi-ranlib libcmTC_d59b9.a
gmake[1]: Leaving directory '/home/nikita/MACHINE/proj/build/CMakeFiles/CMakeTmp'



Parsed C implicit include dir info from above output: rv=done
  found start of include info
  found start of implicit include info
    add: [/usr/lib/gcc/arm-none-eabi/10.3.1/include]
    add: [/usr/lib/gcc/arm-none-eabi/10.3.1/include-fixed]
    add: [/usr/lib/gcc/arm-none-eabi/10.3.1/../../../arm-none-eabi/include]
  end of search list found
  collapse include dir [/usr/lib/gcc/arm-none-eabi/10.3.1/include] ==> [/usr/lib/gcc/arm-none-eabi/10.3.1/include]
  collapse include dir [/usr/lib/gcc/arm-none-eabi/10.3.1/include-fixed] ==> [/usr/lib/gcc/arm-none-eabi/10.3.1/include-fixed]
  collapse include dir [/usr/lib/gcc/arm-none-eabi/10.3.1/../../../arm-none-eabi/include] ==> [/usr/lib/arm-none-eabi/include]
  implicit include dirs: [/usr/lib/gcc/arm-none-eabi/10.3.1/include;/usr/lib/gcc/arm-none-eabi/10.3.1/include-fixed;/usr/lib/arm-none-eabi/include]


Parsed C implicit link information from above output:
  link line regex: [^( *|.*[/\])(arm-none-eabi-ld|CMAKE_LINK_STARTFILE-NOTFOUND|([^/\]+-)?ld|collect2)[^/\]*( |$)]
  ignore line: [Change Dir: /home/nikita/MACHINE/proj/build/CMakeFiles/CMakeTmp]
  ignore line: []
  ignore line: [Run Build Command(s):/usr/bin/gmake -f Makefile cmTC_d59b9/fast && /usr/bin/gmake  -f CMakeFiles/cmTC_d59b9.dir/build.make CMakeFiles/cmTC_d59b9.dir/build]
  ignore line: [gmake[1]: Entering directory '/home/nikita/MACHINE/proj/build/CMakeFiles/CMakeTmp']
  ignore line: [Building C object CMakeFiles/cmTC_d59b9.dir/CMakeCCompilerABI.c.obj]
  ignore line: [/usr/bin/arm-none-eabi-gcc   -v -ggdb3 -Os -fdata-sections -ffunction-sections -fno-common -fno-exceptions -Wall -Wextra -Wshadow -Wdouble-promotion -Wundef -Wconversion -o CMakeFiles/cmTC_d59b9.dir/CMakeCCompilerABI.c.obj -c /usr/share/cmake-3.22/Modules/CMakeCCompilerABI.c]
  ignore line: [Using built-in specs.]
  ignore line: [COLLECT_GCC=/usr/bin/arm-none-eabi-gcc]
  ignore line: [Target: arm-none-eabi]
  ignore line: [Configured with: ../configure --build=x86_64-linux-gnu --prefix=/usr --includedir='/usr/lib/include' --mandir='/usr/lib/share/man' --infodir='/usr/lib/share/info' --sysconfdir=/etc --localstatedir=/var --disable-option-checking --disable-silent-rules --libdir='/usr/lib/lib/x86_64-linux-gnu' --libexecdir='/usr/lib/lib/x86_64-linux-gnu' --disable-maintainer-mode --disable-dependency-tracking --mandir=/usr/share/man --enable-languages=c,c++,lto --enable-multilib --disable-decimal-float --disable-libffi --disable-libgomp --disable-libmudflap --disable-libquadmath --disable-libssp --disable-libstdcxx-pch --disable-nls --disable-shared --disable-threads --enable-tls --build=x86_64-linux-gnu --target=arm-none-eabi --with-system-zlib --with-gnu-as --with-gnu-ld --with-pkgversion=15:10.3-2021.07-4 --without-included-gettext --prefix=/usr/lib --infodir=/usr/share/doc/gcc-arm-none-eabi/info --htmldir=/usr/share/doc/gcc-arm-none-eabi/html --pdfdir=/usr/share/doc/gcc-arm-none-eabi/pdf --bindir=/usr/bin --libexecdir=/usr/lib --libdir=/usr/lib --disable-libstdc++-v3 --host=x86_64-linux-gnu --with-headers=no --without-newlib --with-multilib-list=rmprofile,aprofile CFLAGS='-g -O2 -ffile-prefix-map=/build/gcc-arm-none-eabi-hYfgK4/gcc-arm-none-eabi-10.3-2021.07=. -flto=auto -ffat-lto-objects -fstack-protector-strong' CPPFLAGS='-Wdate-time -D_FORTIFY_SOURCE=2' CXXFLAGS='-g -O2 -ffile-prefix-map=/build/gcc-arm-none-eabi-hYfgK4/gcc-arm-none-eabi-10.3-2021.07=. -flto=auto -ffat-lto-objects -fstack-protector-strong' DFLAGS=-frelease FCFLAGS='-g -O2 -ffile-prefix-map=/build/gcc-arm-none-eabi-hYfgK4/gcc-arm-none-eabi-10.3-2021.07=. -flto=auto -ffat-lto-objects -fstack-protector-strong' FFLAGS='-g -O2 -ffile-prefix-map=/build/gcc-arm-none-eabi-hYfgK4/gcc-arm-none-eabi-10.3-2021.07=. -flto=auto -ffat-lto-objects -fstack-protector-strong' GCJFLAGS='-g -O2 -ffile-prefix-map=/build/gcc-arm-none-eabi-hYfgK4/gcc-arm-none-eabi-10.3-2021.07=. -fstack-protector-strong' LDFLAGS='-Wl,-Bsymbolic-functions -flto=auto -Wl,-z,relro' OBJCFLAGS='-g -O2 -ffile-prefix-map=/build/gcc-arm-none-eabi-hYfgK4/gcc-arm-none-eabi-10.3-2021.07=. -flto=auto -ffat-lto-objects -fstack-protector-strong' OBJCXXFLAGS='-g -O2 -ffile-prefix-map=/build/gcc-arm-none-eabi-hYfgK4/gcc-arm-none-eabi-10.3-2021.07=. -flto=auto -ffat-lto-objects -fstack-protector-strong' INHIBIT_LIBC_CFLAGS=-DUSE_TM_CLONE_REGISTRY=0 AR_FOR_TARGET=arm-none-eabi-ar AS_FOR_TARGET=arm-none-eabi-as LD_FOR_TARGET=arm-none-eabi-ld NM_FOR_TARGET=arm-none-eabi-nm OBJDUMP_FOR_TARGET=arm-none-eabi-objdump RANLIB_FOR_TARGET=arm-none-eabi-ranlib READELF_FOR_TARGET=arm-none-eabi-readelf STRIP_FOR_TARGET=arm-none-eabi-strip SED=/bin/sed SHELL=/bin/sh BASH=/bin/bash CONFIG_SHELL=/bin/bash]
  ignore line: [Thread model: single]
  ignore line: [Supported LTO compression algorithms: zlib]
  ignore line: [gcc version 10.3.1 20210621 (release) (15:10.3-2021.07-4) ]
  ignore line: [COLLECT_GCC_OPTIONS='-v' '-ggdb3' '-Os' '-fdata-sections' '-ffunction-sections' '-fno-common' '-fno-exceptions' '-Wall' '-Wextra' '-Wshadow' '-Wdouble-promotion' '-Wundef' '-Wconversion' '-o' 'CMakeFiles/cmTC_d59b9.dir/CMakeCCompilerABI.c.obj' '-c' '-mcpu=arm7tdmi' '-mfloat-abi=soft' '-marm' '-mlibarch=armv4t' '-march=armv4t']
  ignore line: [ /usr/lib/gcc/arm-none-eabi/10.3.1/cc1 -quiet -v -dD -D__USES_INITFINI__ /usr/share/cmake-3.22/Modules/CMakeCCompilerABI.c -quiet -dumpbase CMakeCCompilerABI.c -mcpu=arm7tdmi -mfloat-abi=soft -marm -mlibarch=armv4t -march=armv4t -auxbase-strip CMakeFiles/cmTC_d59b9.dir/CMakeCCompilerABI.c.obj -ggdb3 -Os -Wall -Wextra -Wshadow -Wdouble-promotion -Wundef -Wconversion -version -fdata-sections -ffunction-sections -fno-common -fno-exceptions -o /tmp/ccbOJ8DU.s]
  ignore line: [GNU C17 (15:10.3-2021.07-4) version 10.3.1 20210621 (release) (arm-none-eabi)]
  ignore line: [	compiled by GNU C version 11.2.0  GMP version 6.2.1  MPFR version 4.1.0  MPC version 1.2.1  isl version isl-0.24-GMP]
  ignore line: []
  ignore line: [GGC heuristics: --param ggc-min-expand=100 --param ggc-min-heapsize=131072]
  ignore line: [ignoring nonexistent directory "/usr/lib/gcc/arm-none-eabi/10.3.1/../../../arm-none-eabi/sys-include"]
  ignore line: [#include "..." search starts here:]
  ignore line: [#include <...> search starts here:]
  ignore line: [ /usr/lib/gcc/arm-none-eabi/10.3.1/include]
  ignore line: [ /usr/lib/gcc/arm-none-eabi/10.3.1/include-fixed]
  ignore line: [ /usr/lib/gcc/arm-none-eabi/10.3.1/../../../arm-none-eabi/include]
  ignore line: [End of search list.]
  ignore line: [GNU C17 (15:10.3-2021.07-4) version 10.3.1 20210621 (release) (arm-none-eabi)]
  ignore line: [	compiled by GNU C version 11.2.0  GMP version 6.2.1  MPFR version 4.1.0  MPC version 1.2.1  isl version isl-0.24-GMP]
  ignore line: []
  ignore line: [GGC heuristics: --param ggc-min-expand=100 --param ggc-min-heapsize=131072]
  ignore line: [Compiler executable checksum: 4cf7574ae54eb0935abb4a8c56f8bcfe]
  ignore line: [COLLECT_GCC_OPTIONS='-v' '-ggdb3' '-Os' '-fdata-sections' '-ffunction-sections' '-fno-common' '-fno-exceptions' '-Wall' '-Wextra' '-Wshadow' '-Wdouble-promotion' '-Wundef' '-Wconversion' '-o' 'CMakeFiles/cmTC_d59b9.dir/CMakeCCompilerABI.c.obj' '-c' '-mcpu=arm7tdmi' '-mfloat-abi=soft' '-marm' '-mlibarch=armv4t' '-march=armv4t']
  ignore line: [ /usr/lib/gcc/arm-none-eabi/10.3.1/../../../arm-none-eabi/bin/as -v -march=armv4t -mfloat-abi=soft -meabi=5 -o CMakeFiles/cmTC_d59b9.dir/CMakeCCompilerABI.c.obj /tmp/ccbOJ8DU.s]
  ignore line: [GNU assembler version 2.38 (arm-none-eabi) using BFD version (2.38-3ubuntu1+15build1) 2.38]
  ignore line: [COMPILER_PATH=/usr/lib/gcc/arm-none-eabi/10.3.1/:/usr/lib/gcc/arm-none-eabi/10.3.1/:/usr/lib/gcc/arm-none-eabi/:/usr/lib/gcc/arm-none-eabi/10.3.1/:/usr/lib/gcc/arm-none-eabi/:/usr/lib/gcc/arm-none-eabi/10.3.1/../../../arm-none-eabi/bin/]
  ignore line: [LIBRARY_PATH=/usr/lib/gcc/arm-none-eabi/10.3.1/:/usr/lib/gcc/arm-none-eabi/10.3.1/../../../arm-none-eabi/lib/]
  ignore line: [COLLECT_GCC_OPTIONS='-v' '-ggdb3' '-Os' '-fdata-sections' '-ffunction-sections' '-fno-common' '-fno-exceptions' '-Wall' '-Wextra' '-Wshadow' '-Wdouble-promotion' '-Wundef' '-Wconversion' '-o' 'CMakeFiles/cmTC_d59b9.dir/CMakeCCompilerABI.c.obj' '-c' '-mcpu=arm7tdmi' '-mfloat-abi=soft' '-marm' '-mlibarch=armv4t' '-march=armv4t']
  ignore line: [Linking C static library libcmTC_d59b9.a]
  ignore line: [/usr/bin/cmake -P CMakeFiles/cmTC_d59b9.dir/cmake_clean_target.cmake]
  ignore line: [/usr/bin/cmake -E cmake_link_script CMakeFiles/cmTC_d59b9.dir/link.txt --verbose=1]
  ignore line: [/usr/bin/arm-none-eabi-ar qc libcmTC_d59b9.a CMakeFiles/cmTC_d59b9.dir/CMakeCCompilerABI.c.obj]
  ignore line: [/usr/bin/arm-none-eabi-ranlib libcmTC_d59b9.a]
  ignore line: [gmake[1]: Leaving directory '/home/nikita/MACHINE/proj/build/CMakeFiles/CMakeTmp']
  ignore line: []
  ignore line: []
  implicit libs: []
  implicit objs: []
  implicit dirs: []
  implicit fwks: []


The target system is: Generic -  - ARM
The host system is: Linux - 6.8.0-101-generic - x86_64
Compiling the CXX compiler identification source file "CMakeCXXCompilerId.cpp" succeeded.
Compiler: /usr/bin/arm-none-eabi-g++ 
Build flags: 
Id flags: -c 

The output was:
0


Compilation of the CXX compiler identification source "CMakeCXXCompilerId.cpp" produced "CMakeCXXCompilerId.o"

The CXX compiler identification is GNU, found in "/home/nikita/MACHINE/proj/build/CMakeFiles/3.22.1/CompilerIdCXX/CMakeCXXCompilerId.o"

Compiling the C compiler identification source file "CMakeCCompilerId.c" succeeded.
Compiler: /usr/bin/arm-none-eabi-gcc 
Build flags: 
Id flags: -c 

The output was:
0


Compilation of the C compiler identification source "CMakeCCompilerId.c" produced "CMakeCCompilerId.o"

The C compiler identification is GNU, found in "/home/nikita/MACHINE/proj/build/CMakeFiles/3.22.1/CompilerIdC/CMakeCCompilerId.o"

Checking whether the ASM compiler is GNU using "--version" matched "(GNU assembler)|(GCC)|(Free Software Foundation)":
arm-none-eabi-gcc (15:10.3-2021.07-4) 10.3.1 20210621 (release)
Copyright (C) 2020 Free Software Foundation, Inc.
This is free software; see the source for copying conditions.  There is NO
warranty; not even for MERCHANTABILITY or FITNESS FOR A PARTICULAR PURPOSE.

Detecting CXX compiler ABI info compiled with the following output:
Change Dir: /home/nikita/MACHINE/proj/build/CMakeFiles/CMakeTmp

Run Build Command(s):/usr/bin/gmake -f Makefile cmTC_64fdd/fast && /usr/bin/gmake  -f CMakeFiles/cmTC_64fdd.dir/build.make CMakeFiles/cmTC_64fdd.dir/build
gmake[1]: Entering directory '/home/nikita/MACHINE/proj/build/CMakeFiles/CMakeTmp'
Building CXX object CMakeFiles/cmTC_64fdd.dir/CMakeCXXCompilerABI.cpp.obj
/usr/bin/arm-none-eabi-g++   -v -ggdb3 -Os -fdata-sections -ffunction-sections -fno-common -fno-exceptions -Wall -Wextra -Wshadow -Wdouble-promotion -Wundef -Wconversion -o CMakeFiles/cmTC_64fdd.dir/CMakeCXXCompilerABI.cpp.obj -c /usr/share/cmake-3.22/Modules/CMakeCXXCompilerABI.cpp
Using built-in specs.
COLLECT_GCC=/usr/bin/arm-none-eabi-g++
Target: arm-none-eabi
Configured with: ../configure --build=x86_64-linux-gnu --prefix=/usr --includedir='/usr/lib/include' --mandir='/usr/lib/share/man' --infodir='/usr/lib/share/info' --sysconfdir=/etc --localstatedir=/var --disable-option-checking --disable-silent-rules --libdir='/usr/lib/lib/x86_64-linux-gnu' --libexecdir='/usr/lib/lib/x86_64-linux-gnu' --disable-maintainer-mode --disable-dependency-tracking --mandir=/usr/share/man --enable-languages=c,c++,lto --enable-multilib --disable-decimal-float --disable-libffi --disable-libgomp --disable-libmudflap --disable-libquadmath --disable-libssp --disable-libstdcxx-pch --disable-nls --disable-shared --disable-threads --enable-tls --build=x86_64-linux-gnu --target=arm-none-eabi --with-system-zlib --with-gnu-as --with-gnu-ld --with-pkgversion=15:10.3-2021.07-4 --without-included-gettext --prefix=/usr/lib --infodir=/usr/share/doc/gcc-arm-none-eabi/info --htmldir=/usr/share/doc/gcc-arm-none-eabi/html --pdfdir=/usr/share/doc/gcc-arm-none-eabi/pdf --bindir=/usr/bin --libexecdir=/usr/lib --libdir=/usr/lib --disable-libstdc++-v3 --host=x86_64-linux-gnu --with-headers=no --without-newlib --with-multilib-list=rmprofile,aprofile CFLAGS='-g -O2 -ffile-prefix-map=/build/gcc-arm-none-eabi-hYfgK4/gcc-arm-none-eabi-10.3-2021.07=. -flto=auto -ffat-lto-objects -fstack-protector-strong' CPPFLAGS='-Wdate-time -D_FORTIFY_SOURCE=2' CXXFLAGS='-g -O2 -ffile-prefix-map=/build/gcc-arm-none-eabi-hYfgK4/gcc-arm-none-eabi-10.3-2021.07=. -flto=auto -ffat-lto-objects -fstack-protector-strong' DFLAGS=-frelease FCFLAGS='-g -O2 -ffile-prefix-map=/build/gcc-arm-none-eabi-hYfgK4/gcc-arm-none-eabi-10.3-2021.07=. -flto=auto -ffat-lto-objects -fstack-protector-strong' FFLAGS='-g -O2 -ffile-prefix-map=/build/gcc-arm-none-eabi-hYfgK4/gcc-arm-none-eabi-10.3-2021.07=. -flto=auto -ffat-lto-objects -fstack-protector-strong' GCJFLAGS='-g -O2 -ffile-prefix-map=/build/gcc-arm-none-eabi-hYfgK4/gcc-arm-none-eabi-10.3-2021.07=. -fstack-protector-strong' LDFLAGS='-Wl,-Bsymbolic-functions -flto=auto -Wl,-z,relro' OBJCFLAGS='-g -O2 -ffile-prefix-map=/build/gcc-arm-none-eabi-hYfgK4/gcc-arm-none-eabi-10.3-2021.07=. -flto=auto -ffat-lto-objects -fstack-protector-strong' OBJCXXFLAGS='-g -O2 -ffile-prefix-map=/build/gcc-arm-none-eabi-hYfgK4/gcc-arm-none-eabi-10.3-2021.07=. -flto=auto -ffat-lto-objects -fstack-protector-strong' INHIBIT_LIBC_CFLAGS=-DUSE_TM_CLONE_REGISTRY=0 AR_FOR_TARGET=arm-none-eabi-ar AS_FOR_TARGET=arm-none-eabi-as LD_FOR_TARGET=arm-none-eabi-ld NM_FOR_TARGET=arm-none-eabi-nm OBJDUMP_FOR_TARGET=arm-none-eabi-objdump RANLIB_FOR_TARGET=arm-none-eabi-ranlib READELF_FOR_TARGET=arm-none-eabi-readelf STRIP_FOR_TARGET=arm-none-eabi-strip SED=/bin/sed SHELL=/bin/sh BASH=/bin/bash CONFIG_SHELL=/bin/bash
Thread model: single
Supported LTO compression algorithms: zlib
gcc version 10.3.1 20210621 (release) (15:10.3-2021.07-4) 
COLLECT_GCC_OPTIONS='-v' '-ggdb3' '-Os' '-fdata-sections' '-ffunction-sections' '-fno-common' '-fno-exceptions' '-Wall' '-Wextra' '-Wshadow' '-Wdouble-promotion' '-Wundef' '-Wconversion' '-o' 'CMakeFiles/cmTC_64fdd.dir/CMakeCXXCompilerABI.cpp.obj' '-c' '-mcpu=arm7tdmi' '-mfloat-abi=soft' '-marm' '-mlibarch=armv4t' '-march=armv4t'
 /usr/lib/gcc/arm-none-eabi/10.3.1/cc1plus -quiet -v -dD -D__USES_INITFINI__ /usr/share/cmake-3.22/Modules/CMakeCXXCompilerABI.cpp -quiet -dumpbase CMakeCXXCompilerABI.cpp -mcpu=arm7tdmi -mfloat-abi=soft -marm -mlibarch=armv4t -march=armv4t -auxbase-strip CMakeFiles/cmTC_64fdd.dir/CMakeCXXCompilerABI.cpp.obj -ggdb3 -Os -Wall -Wextra -Wshadow -Wdouble-promotion -Wundef -Wconversion -version -fdata-sections -ffunction-sections -fno-common -fno-exceptions -o /tmp/cczbtrUI.s
GNU C++14 (15:10.3-2021.07-4) version 10.3.1 20210621 (release) (arm-none-eabi)
	compiled by GNU C version 11.2.0, GMP version 6.2.1, MPFR version 4.1.0, MPC version 1.2.1, isl version isl-0.24-GMP

GGC heuristics: --param ggc-min-expand=100 --param ggc-min-heapsize=131072
ignoring nonexistent directory "/usr/lib/gcc/arm-none-eabi/10.3.1/../../../arm-none-eabi/sys-include"
#include "..." search starts here:
#include <...> search starts here:
 /usr/lib/gcc/arm-none-eabi/10.3.1/../../../arm-none-eabi/include/c++/10.3.1
 /usr/lib/gcc/arm-none-eabi/10.3.1/../../../arm-none-eabi/include/c++/10.3.1/arm-none-eabi
 /usr/lib/gcc/arm-none-eabi/10.3.1/../../../arm-none-eabi/include/c++/10.3.1/backward
 /usr/lib/gcc/arm-none-eabi/10.3.1/include
 /usr/lib/gcc/arm-none-eabi/10.3.1/include-fixed
 /usr/lib/gcc/arm-none-eabi/10.3.1/../../../arm-none-eabi/include
End of search list.
GNU C++14 (15:10.3-2021.07-4) version 10.3.1 20210621 (release) (arm-none-eabi)
	compiled by GNU C version 11.2.0, GMP version 6.2.1, MPFR version 4.1.0, MPC version 1.2.1, isl version isl-0.24-GMP

GGC heuristics: --param ggc-min-expand=100 --param ggc-min-heapsize=131072
Compiler executable checksum: 4f994585a8ca8864fa1f4d2fb208a0ba
COLLECT_GCC_OPTIONS='-v' '-ggdb3' '-Os' '-fdata-sections' '-ffunction-sections' '-fno-common' '-fno-exceptions' '-Wall' '-Wextra' '-Wshadow' '-Wdouble-promotion' '-Wundef' '-Wconversion' '-o' 'CMakeFiles/cmTC_64fdd.dir/CMakeCXXCompilerABI.cpp.obj' '-c' '-mcpu=arm7tdmi' '-mfloat-abi=soft' '-marm' '-mlibarch=armv4t' '-march=armv4t'
 /usr/lib/gcc/arm-none-eabi/10.3.1/../../../arm-none-eabi/bin/as -v -march=armv4t -mfloat-abi=soft -meabi=5 -o CMakeFiles/cmTC_64fdd.dir/CMakeCXXCompilerABI.cpp.obj /tmp/cczbtrUI.s
GNU assembler version 2.38 (arm-none-eabi) using BFD version (2.38-3ubuntu1+15build1) 2.38
COMPILER_PATH=/usr/lib/gcc/arm-none-eabi/10.3.1/:/usr/lib/gcc/arm-none-eabi/10.3.1/:/usr/lib/gcc/arm-none-eabi/:/usr/lib/gcc/arm-none-eabi/10.3.1/:/usr/lib/gcc/arm-none-eabi/:/usr/lib/gcc/arm-none-eabi/10.3.1/../../../arm-none-eabi/bin/
LIBRARY_PATH=/usr/lib/gcc/arm-none-eabi/10.3.1/:/usr/lib/gcc/arm-none-eabi/10.3.1/../../../arm-none-eabi/lib/
COLLECT_GCC_OPTIONS='-v' '-ggdb3' '-Os' '-fdata-sections' '-ffunction-sections' '-fno-common' '-fno-exceptions' '-Wall' '-Wextra' '-Wshadow' '-Wdouble-promotion' '-Wundef' '-Wconversion' '-o' 'CMakeFiles/cmTC_64fdd.dir/CMakeCXXCompilerABI.cpp.obj' '-c' '-mcpu=arm7tdmi' '-mfloat-abi=soft' '-marm' '-mlibarch=armv4t' '-march=armv4t'
Linking CXX static library libcmTC_64fdd.a
/usr/bin/cmake -P CMakeFiles/cmTC_64fdd.dir/cmake_clean_target.cmake
/usr/bin/cmake -E cmake_link_script CMakeFiles/cmTC_64fdd.dir/link.txt --verbose=1
/usr/bin/arm-none-eabi-ar qc libcmTC_64fdd.a CMakeFiles/cmTC_64fdd.dir/CMakeCXXCompilerABI.cpp.obj
/usr/bin/arm-none-eabi-ranlib libcmTC_64fdd.a
gmake[1]: Leaving directory '/home/nikita/MACHINE/proj/build/CMakeFiles/CMakeTmp'



Parsed CXX implicit include dir info from above output: rv=done
  found start of include info
  found start of implicit include info
    add: [/usr/lib/gcc/arm-none-eabi/10.3.1/../../../arm-none-eabi/include/c++/10.3.1]
    add: [/usr/lib/gcc/arm-none-eabi/10.3.1/../../../arm-none-eabi/include/c++/10.3.1/arm-none-eabi]
    add: [/usr/lib/gcc/arm-none-eabi/10.3.1/../../../arm-none-eabi/include/c++/10.3.1/backward]
    add: [/usr/lib/gcc/arm-none-eabi/10.3.1/include]
    add: [/usr/lib/gcc/arm-none-eabi/10.3.1/include-fixed]
    add: [/usr/lib/gcc/arm-none-eabi/10.3.1/../../../arm-none-eabi/include]
  end of search list found
  collapse include dir [/usr/lib/gcc/arm-none-eabi/10.3.1/../../../arm-none-eabi/include/c++/10.3.1] ==> [/usr/lib/arm-none-eabi/include/c++/10.3.1]
  collapse include dir [/usr/lib/gcc/arm-none-eabi/10.3.1/../../../arm-none-eabi/include/c++/10.3.1/arm-none-eabi] ==> [/usr/lib/arm-none-eabi/include/c++/10.3.1/arm-none-eabi]
  collapse include dir [/usr/lib/gcc/arm-none-eabi/10.3.1/../../../arm-none-eabi/include/c++/10.3.1/backward] ==> [/usr/lib/arm-none-eabi/include/c++/10.3.1/backward]
  collapse include dir [/usr/lib/gcc/arm-none-eabi/10.3.1/include] ==> [/usr/lib/gcc/arm-none-eabi/10.3.1/include]
  collapse include dir [/usr/lib/gcc/arm-none-eabi/10.3.1/include-fixed] ==> [/usr/lib/gcc/arm-none-eabi/10.3.1/include-fixed]
  collapse include dir [/usr/lib/gcc/arm-none-eabi/10.3.1/../../../arm-none-eabi/include] ==> [/usr/lib/arm-none-eabi/include]
  implicit include dirs: [/usr/lib/arm-none-eabi/include/c++/10.3.1;/usr/lib/arm-none-eabi/include/c++/10.3.1/arm-none-eabi;/usr/lib/arm-none-eabi/include/c++/10.3.1/backward;/usr/lib/gcc/arm-none-eabi/10.3.1/include;/usr/lib/gcc/arm-none-eabi/10.3.1/include-fixed;/usr/lib/arm-none-eabi/include]


Parsed CXX implicit link information from above output:
  link line regex: [^( *|.*[/\])(arm-none-eabi-ld|CMAKE_LINK_STARTFILE-NOTFOUND|([^/\]+-)?ld|collect2)[^/\]*( |$)]
  ignore line: [Change Dir: /home/nikita/MACHINE/proj/build/CMakeFiles/CMakeTmp]
  ignore line: []
  ignore line: [Run Build Command(s):/usr/bin/gmake -f Makefile cmTC_64fdd/fast && /usr/bin/gmake  -f CMakeFiles/cmTC_64fdd.dir/build.make CMakeFiles/cmTC_64fdd.dir/build]
  ignore line: [gmake[1]: Entering directory '/home/nikita/MACHINE/proj/build/CMakeFiles/CMakeTmp']
  ignore line: [Building CXX object CMakeFiles/cmTC_64fdd.dir/CMakeCXXCompilerABI.cpp.obj]
  ignore line: [/usr/bin/arm-none-eabi-g++   -v -ggdb3 -Os -fdata-sections -ffunction-sections -fno-common -fno-exceptions -Wall -Wextra -Wshadow -Wdouble-promotion -Wundef -Wconversion -o CMakeFiles/cmTC_64fdd.dir/CMakeCXXCompilerABI.cpp.obj -c /usr/share/cmake-3.22/Modules/CMakeCXXCompilerABI.cpp]
  ignore line: [Using built-in specs.]
  ignore line: [COLLECT_GCC=/usr/bin/arm-none-eabi-g++]
  ignore line: [Target: arm-none-eabi]
  ignore line: [Configured with: ../configure --build=x86_64-linux-gnu --prefix=/usr --includedir='/usr/lib/include' --mandir='/usr/lib/share/man' --infodir='/usr/lib/share/info' --sysconfdir=/etc --localstatedir=/var --disable-option-checking --disable-silent-rules --libdir='/usr/lib/lib/x86_64-linux-gnu' --libexecdir='/usr/lib/lib/x86_64-linux-gnu' --disable-maintainer-mode --disable-dependency-tracking --mandir=/usr/share/man --enable-languages=c,c++,lto --enable-multilib --disable-decimal-float --disable-libffi --disable-libgomp --disable-libmudflap --disable-libquadmath --disable-libssp --disable-libstdcxx-pch --disable-nls --disable-shared --disable-threads --enable-tls --build=x86_64-linux-gnu --target=arm-none-eabi --with-system-zlib --with-gnu-as --with-gnu-ld --with-pkgversion=15:10.3-2021.07-4 --without-included-gettext --prefix=/usr/lib --infodir=/usr/share/doc/gcc-arm-none-eabi/info --htmldir=/usr/share/doc/gcc-arm-none-eabi/html --pdfdir=/usr/share/doc/gcc-arm-none-eabi/pdf --bindir=/usr/bin --libexecdir=/usr/lib --libdir=/usr/lib --disable-libstdc++-v3 --host=x86_64-linux-gnu --with-headers=no --without-newlib --with-multilib-list=rmprofile,aprofile CFLAGS='-g -O2 -ffile-prefix-map=/build/gcc-arm-none-eabi-hYfgK4/gcc-arm-none-eabi-10.3-2021.07=. -flto=auto -ffat-lto-objects -fstack-protector-strong' CPPFLAGS='-Wdate-time -D_FORTIFY_SOURCE=2' CXXFLAGS='-g -O2 -ffile-prefix-map=/build/gcc-arm-none-eabi-hYfgK4/gcc-arm-none-eabi-10.3-2021.07=. -flto=auto -ffat-lto-objects -fstack-protector-strong' DFLAGS=-frelease FCFLAGS='-g -O2 -ffile-prefix-map=/build/gcc-arm-none-eabi-hYfgK4/gcc-arm-none-eabi-10.3-2021.07=. -flto=auto -ffat-lto-objects -fstack-protector-strong' FFLAGS='-g -O2 -ffile-prefix-map=/build/gcc-arm-none-eabi-hYfgK4/gcc-arm-none-eabi-10.3-2021.07=. -flto=auto -ffat-lto-objects -fstack-protector-strong' GCJFLAGS='-g -O2 -ffile-prefix-map=/build/gcc-arm-none-eabi-hYfgK4/gcc-arm-none-eabi-10.3-2021.07=. -fstack-protector-strong' LDFLAGS='-Wl,-Bsymbolic-functions -flto=auto -Wl,-z,relro' OBJCFLAGS='-g -O2 -ffile-prefix-map=/build/gcc-arm-none-eabi-hYfgK4/gcc-arm-none-eabi-10.3-2021.07=. -flto=auto -ffat-lto-objects -fstack-protector-strong' OBJCXXFLAGS='-g -O2 -ffile-prefix-map=/build/gcc-arm-none-eabi-hYfgK4/gcc-arm-none-eabi-10.3-2021.07=. -flto=auto -ffat-lto-objects -fstack-protector-strong' INHIBIT_LIBC_CFLAGS=-DUSE_TM_CLONE_REGISTRY=0 AR_FOR_TARGET=arm-none-eabi-ar AS_FOR_TARGET=arm-none-eabi-as LD_FOR_TARGET=arm-none-eabi-ld NM_FOR_TARGET=arm-none-eabi-nm OBJDUMP_FOR_TARGET=arm-none-eabi-objdump RANLIB_FOR_TARGET=arm-none-eabi-ranlib READELF_FOR_TARGET=arm-none-eabi-readelf STRIP_FOR_TARGET=arm-none-eabi-strip SED=/bin/sed SHELL=/bin/sh BASH=/bin/bash CONFIG_SHELL=/bin/bash]
  ignore line: [Thread model: single]
  ignore line: [Supported LTO compression algorithms: zlib]
  ignore line: [gcc version 10.3.1 20210621 (release) (15:10.3-2021.07-4) ]
  ignore line: [COLLECT_GCC_OPTIONS='-v' '-ggdb3' '-Os' '-fdata-sections' '-ffunction-sections' '-fno-common' '-fno-exceptions' '-Wall' '-Wextra' '-Wshadow' '-Wdouble-promotion' '-Wundef' '-Wconversion' '-o' 'CMakeFiles/cmTC_64fdd.dir/CMakeCXXCompilerABI.cpp.obj' '-c' '-mcpu=arm7tdmi' '-mfloat-abi=soft' '-marm' '-mlibarch=armv4t' '-march=armv4t']
  ignore line: [ /usr/lib/gcc/arm-none-eabi/10.3.1/cc1plus -quiet -v -dD -D__USES_INITFINI__ /usr/share/cmake-3.22/Modules/CMakeCXXCompilerABI.cpp -quiet -dumpbase CMakeCXXCompilerABI.cpp -mcpu=arm7tdmi -mfloat-abi=soft -marm -mlibarch=armv4t -march=armv4t -auxbase-strip CMakeFiles/cmTC_64fdd.dir/CMakeCXXCompilerABI.cpp.obj -ggdb3 -Os -Wall -Wextra -Wshadow -Wdouble-promotion -Wundef -Wconversion -version -fdata-sections -ffunction-sections -fno-common -fno-exceptions -o /tmp/cczbtrUI.s]
  ignore line: [GNU C++14 (15:10.3-2021.07-4) version 10.3.1 20210621 (release) (arm-none-eabi)]
  ignore line: [	compiled by GNU C version 11.2.0  GMP version 6.2.1  MPFR version 4.1.0  MPC version 1.2.1  isl version isl-0.24-GMP]
  ignore line: []
  ignore line: [GGC heuristics: --param ggc-min-expand=100 --param ggc-min-heapsize=131072]
  ignore line: [ignoring nonexistent directory "/usr/lib/gcc/arm-none-eabi/10.3.1/../../../arm-none-eabi/sys-include"]
  ignore line: [#include "..." search starts here:]
  ignore line: [#include <...> search starts here:]
  ignore line: [ /usr/lib/gcc/arm-none-eabi/10.3.1/../../../arm-none-eabi/include/c++/10.3.1]
  ignore line: [ /usr/lib/gcc/arm-none-eabi/10.3.1/../../../arm-none-eabi/include/c++/10.3.1/arm-none-eabi]
  ignore line: [ /usr/lib/gcc/arm-none-eabi/10.3.1/../../../arm-none-eabi/include/c++/10.3.1/backward]
  ignore line: [ /usr/lib/gcc/arm-none-eabi/10.3.1/include]
  ignore line: [ /usr/lib/gcc/arm-none-eabi/10.3.1/include-fixed]
  ignore line: [ /usr/lib/gcc/arm-none-eabi/10.3.1/../../../arm-none-eabi/include]
  ignore line: [End of search list.]
  ignore line: [GNU C++14 (15:10.3-2021.07-4) version 10.3.1 20210621 (release) (arm-none-eabi)]
  ignore line: [	compiled by GNU C version 11.2.0  GMP version 6.2.1  MPFR version 4.1.0  MPC version 1.2.1  isl version isl-0.24-GMP]
  ignore line: []
  ignore line: [GGC heuristics: --param ggc-min-expand=100 --param ggc-min-heapsize=131072]
  ignore line: [Compiler executable checksum: 4f994585a8ca8864fa1f4d2fb208a0ba]
  ignore line: [COLLECT_GCC_OPTIONS='-v' '-ggdb3' '-Os' '-fdata-sections' '-ffunction-sections' '-fno-common' '-fno-exceptions' '-Wall' '-Wextra' '-Wshadow' '-Wdouble-promotion' '-Wundef' '-Wconversion' '-o' 'CMakeFiles/cmTC_64fdd.dir/CMakeCXXCompilerABI.cpp.obj' '-c' '-mcpu=arm7tdmi' '-mfloat-abi=soft' '-marm' '-mlibarch=armv4t' '-march=armv4t']
  ignore line: [ /usr/lib/gcc/arm-none-eabi/10.3.1/../../../arm-none-eabi/bin/as -v -march=armv4t -mfloat-abi=soft -meabi=5 -o CMakeFiles/cmTC_64fdd.dir/CMakeCXXCompilerABI.cpp.obj /tmp/cczbtrUI.s]
  ignore line: [GNU assembler version 2.38 (arm-none-eabi) using BFD version (2.38-3ubuntu1+15build1) 2.38]
  ignore line: [COMPILER_PATH=/usr/lib/gcc/arm-none-eabi/10.3.1/:/usr/lib/gcc/arm-none-eabi/10.3.1/:/usr/lib/gcc/arm-none-eabi/:/usr/lib/gcc/arm-none-eabi/10.3.1/:/usr/lib/gcc/arm-none-eabi/:/usr/lib/gcc/arm-none-eabi/10.3.1/../../../arm-none-eabi/bin/]
  ignore line: [LIBRARY_PATH=/usr/lib/gcc/arm-none-eabi/10.3.1/:/usr/lib/gcc/arm-none-eabi/10.3.1/../../../arm-none-eabi/lib/]
  ignore line: [COLLECT_GCC_OPTIONS='-v' '-ggdb3' '-Os' '-fdata-sections' '-ffunction-sections' '-fno-common' '-fno-exceptions' '-Wall' '-Wextra' '-Wshadow' '-Wdouble-promotion' '-Wundef' '-Wconversion' '-o' 'CMakeFiles/cmTC_64fdd.dir/CMakeCXXCompilerABI.cpp.obj' '-c' '-mcpu=arm7tdmi' '-mfloat-abi=soft' '-marm' '-mlibarch=armv4t' '-march=armv4t']
  ignore line: [Linking CXX static library libcmTC_64fdd.a]
  ignore line: [/usr/bin/cmake -P CMakeFiles/cmTC_64fdd.dir/cmake_clean_target.cmake]
  ignore line: [/usr/bin/cmake -E cmake_link_script CMakeFiles/cmTC_64fdd.dir/link.txt --verbose=1]
  ignore line: [/usr/bin/arm-none-eabi-ar qc libcmTC_64fdd.a CMakeFiles/cmTC_64fdd.dir/CMakeCXXCompilerABI.cpp.obj]
  ignore line: [/usr/bin/arm-none-eabi-ranlib libcmTC_64fdd.a]
  ignore line: [gmake[1]: Leaving directory '/home/nikita/MACHINE/proj/build/CMakeFiles/CMakeTmp']
  ignore line: []
  ignore line: []
  implicit libs: []
  implicit objs: []
  implicit dirs: []
  implicit fwks: []


Detecting C compiler ABI info compiled with the following output:
Change Dir: /home/nikita/MACHINE/proj/build/CMakeFiles/CMakeTmp

Run Build Command(s):/usr/bin/gmake -f Makefile cmTC_3adf6/fast && /usr/bin/gmake  -f CMakeFiles/cmTC_3adf6.dir/build.make CMakeFiles/cmTC_3adf6.dir/build
gmake[1]: Entering directory '/home/nikita/MACHINE/proj/build/CMakeFiles/CMakeTmp'
Building C object CMakeFiles/cmTC_3adf6.dir/CMakeCCompilerABI.c.obj
/usr/bin/arm-none-eabi-gcc   -v -ggdb3 -Os -fdata-sections -ffunction-sections -fno-common -fno-exceptions -Wall -Wextra -Wshadow -Wdouble-promotion -Wundef -Wconversion -o CMakeFiles/cmTC_3adf6.dir/CMakeCCompilerABI.c.obj -c /usr/share/cmake-3.22/Modules/CMakeCCompilerABI.c
Using built-in specs.
COLLECT_GCC=/usr/bin/arm-none-eabi-gcc
Target: arm-none-eabi
Configured with: ../configure --build=x86_64-linux-gnu --prefix=/usr --includedir='/usr/lib/include' --mandir='/usr/lib/share/man' --infodir='/usr/lib/share/info' --sysconfdir=/etc --localstatedir=/var --disable-option-checking --disable-silent-rules --libdir='/usr/lib/lib/x86_64-linux-gnu' --libexecdir='/usr/lib/lib/x86_64-linux-gnu' --disable-maintainer-mode --disable-dependency-tracking --mandir=/usr/share/man --enable-languages=c,c++,lto --enable-multilib --disable-decimal-float --disable-libffi --disable-libgomp --disable-libmudflap --disable-libquadmath --disable-libssp --disable-libstdcxx-pch --disable-nls --disable-shared --disable-threads --enable-tls --build=x86_64-linux-gnu --target=arm-none-eabi --with-system-zlib --with-gnu-as --with-gnu-ld --with-pkgversion=15:10.3-2021.07-4 --without-included-gettext --prefix=/usr/lib --infodir=/usr/share/doc/gcc-arm-none-eabi/info --htmldir=/usr/share/doc/gcc-arm-none-eabi/html --pdfdir=/usr/share/doc/gcc-arm-none-eabi/pdf --bindir=/usr/bin --libexecdir=/usr/lib --libdir=/usr/lib --disable-libstdc++-v3 --host=x86_64-linux-gnu --with-headers=no --without-newlib --with-multilib-list=rmprofile,aprofile CFLAGS='-g -O2 -ffile-prefix-map=/build/gcc-arm-none-eabi-hYfgK4/gcc-arm-none-eabi-10.3-2021.07=. -flto=auto -ffat-lto-objects -fstack-protector-strong' CPPFLAGS='-Wdate-time -D_FORTIFY_SOURCE=2' CXXFLAGS='-g -O2 -ffile-prefix-map=/build/gcc-arm-none-eabi-hYfgK4/gcc-arm-none-eabi-10.3-2021.07=. -flto=auto -ffat-lto-objects -fstack-protector-strong' DFLAGS=-frelease FCFLAGS='-g -O2 -ffile-prefix-map=/build/gcc-arm-none-eabi-hYfgK4/gcc-arm-none-eabi-10.3-2021.07=. -flto=auto -ffat-lto-objects -fstack-protector-strong' FFLAGS='-g -O2 -ffile-prefix-map=/build/gcc-arm-none-eabi-hYfgK4/gcc-arm-none-eabi-10.3-2021.07=. -flto=auto -ffat-lto-objects -fstack-protector-strong' GCJFLAGS='-g -O2 -ffile-prefix-map=/build/gcc-arm-none-eabi-hYfgK4/gcc-arm-none-eabi-10.3-2021.07=. -fstack-protector-strong' LDFLAGS='-Wl,-Bsymbolic-functions -flto=auto -Wl,-z,relro' OBJCFLAGS='-g -O2 -ffile-prefix-map=/build/gcc-arm-none-eabi-hYfgK4/gcc-arm-none-eabi-10.3-2021.07=. -flto=auto -ffat-lto-objects -fstack-protector-strong' OBJCXXFLAGS='-g -O2 -ffile-prefix-map=/build/gcc-arm-none-eabi-hYfgK4/gcc-arm-none-eabi-10.3-2021.07=. -flto=auto -ffat-lto-objects -fstack-protector-strong' INHIBIT_LIBC_CFLAGS=-DUSE_TM_CLONE_REGISTRY=0 AR_FOR_TARGET=arm-none-eabi-ar AS_FOR_TARGET=arm-none-eabi-as LD_FOR_TARGET=arm-none-eabi-ld NM_FOR_TARGET=arm-none-eabi-nm OBJDUMP_FOR_TARGET=arm-none-eabi-objdump RANLIB_FOR_TARGET=arm-none-eabi-ranlib READELF_FOR_TARGET=arm-none-eabi-readelf STRIP_FOR_TARGET=arm-none-eabi-strip SED=/bin/sed SHELL=/bin/sh BASH=/bin/bash CONFIG_SHELL=/bin/bash
Thread model: single
Supported LTO compression algorithms: zlib
gcc version 10.3.1 20210621 (release) (15:10.3-2021.07-4) 
COLLECT_GCC_OPTIONS='-v' '-ggdb3' '-Os' '-fdata-sections' '-ffunction-sections' '-fno-common' '-fno-exceptions' '-Wall' '-Wextra' '-Wshadow' '-Wdouble-promotion' '-Wundef' '-Wconversion' '-o' 'CMakeFiles/cmTC_3adf6.dir/CMakeCCompilerABI.c.obj' '-c' '-mcpu=arm7tdmi' '-mfloat-abi=soft' '-marm' '-mlibarch=armv4t' '-march=armv4t'
 /usr/lib/gcc/arm-none-eabi/10.3.1/cc1 -quiet -v -dD -D__USES_INITFINI__ /usr/share/cmake-3.22/Modules/CMakeCCompilerABI.c -quiet -dumpbase CMakeCCompilerABI.c -mcpu=arm7tdmi -mfloat-abi=soft -marm -mlibarch=armv4t -march=armv4t -auxbase-strip CMakeFiles/cmTC_3adf6.dir/CMakeCCompilerABI.c.obj -ggdb3 -Os -Wall -Wextra -Wshadow -Wdouble-promotion -Wundef -Wconversion -version -fdata-sections -ffunction-sections -fno-common -fno-exceptions -o /tmp/ccDyl3Lb.s
GNU C17 (15:10.3-2021.07-4) version 10.3.1 20210621 (release) (arm-none-eabi)
	compiled by GNU C version 11.2.0, GMP version 6.2.1, MPFR version 4.1.0, MPC version 1.2.1, isl version isl-0.24-GMP

GGC heuristics: --param ggc-min-expand=100 --param ggc-min-heapsize=131072
ignoring nonexistent directory "/usr/lib/gcc/arm-none-eabi/10.3.1/../../../arm-none-eabi/sys-include"
#include "..." search starts here:
#include <...> search starts here:
 /usr/lib/gcc/arm-none-eabi/10.3.1/include
 /usr/lib/gcc/arm-none-eabi/10.3.1/include-fixed
 /usr/lib/gcc/arm-none-eabi/10.3.1/../../../arm-none-eabi/include
End of search list.
GNU C17 (15:10.3-2021.07-4) version 10.3.1 20210621 (release) (arm-none-eabi)
	compiled by GNU C version 11.2.0, GMP version 6.2.1, MPFR version 4.1.0, MPC version 1.2.1, isl version isl-0.24-GMP

GGC heuristics: --param ggc-min-expand=100 --param ggc-min-heapsize=131072
Compiler executable checksum: 4cf7574ae54eb0935abb4a8c56f8bcfe
COLLECT_GCC_OPTIONS='-v' '-ggdb3' '-Os' '-fdata-sections' '-ffunction-sections' '-fno-common' '-fno-exceptions' '-Wall' '-Wextra' '-Wshadow' '-Wdouble-promotion' '-Wundef' '-Wconversion' '-o' 'CMakeFiles/cmTC_3adf6.dir/CMakeCCompilerABI.c.obj' '-c' '-mcpu=arm7tdmi' '-mfloat-abi=soft' '-marm' '-mlibarch=armv4t' '-march=armv4t'
 /usr/lib/gcc/arm-none-eabi/10.3.1/../../../arm-none-eabi/bin/as -v -march=armv4t -mfloat-abi=soft -meabi=5 -o CMakeFiles/cmTC_3adf6.dir/CMakeCCompilerABI.c.obj /tmp/ccDyl3Lb.s
GNU assembler version 2.38 (arm-none-eabi) using BFD version (2.38-3ubuntu1+15build1) 2.38
COMPILER_PATH=/usr/lib/gcc/arm-none-eabi/10.3.1/:/usr/lib/gcc/arm-none-eabi/10.3.1/:/usr/lib/gcc/arm-none-eabi/:/usr/lib/gcc/arm-none-eabi/10.3.1/:/usr/lib/gcc/arm-none-eabi/:/usr/lib/gcc/arm-none-eabi/10.3.1/../../../arm-none-eabi/bin/
LIBRARY_PATH=/usr/lib/gcc/arm-none-eabi/10.3.1/:/usr/lib/gcc/arm-none-eabi/10.3.1/../../../arm-none-eabi/lib/
COLLECT_GCC_OPTIONS='-v' '-ggdb3' '-Os' '-fdata-sections' '-ffunction-sections' '-fno-common' '-fno-exceptions' '-Wall' '-Wextra' '-Wshadow' '-Wdouble-promotion' '-Wundef' '-Wconversion' '-o' 'CMakeFiles/cmTC_3adf6.dir/CMakeCCompilerABI.c.obj' '-c' '-mcpu=arm7tdmi' '-mfloat-abi=soft' '-marm' '-mlibarch=armv4t' '-march=armv4t'
Linking C static library libcmTC_3adf6.a
/usr/bin/cmake -P CMakeFiles/cmTC_3adf6.dir/cmake_clean_target.cmake
/usr/bin/cmake -E cmake_link_script CMakeFiles/cmTC_3adf6.dir/link.txt --verbose=1
/usr/bin/arm-none-eabi-ar qc libcmTC_3adf6.a CMakeFiles/cmTC_3adf6.dir/CMakeCCompilerABI.c.obj
/usr/bin/arm-none-eabi-ranlib libcmTC_3adf6.a
gmake[1]: Leaving directory '/home/nikita/MACHINE/proj/build/CMakeFiles/CMakeTmp'



Parsed C implicit include dir info from above output: rv=done
  found start of include info
  found start of implicit include info
    add: [/usr/lib/gcc/arm-none-eabi/10.3.1/include]
    add: [/usr/lib/gcc/arm-none-eabi/10.3.1/include-fixed]
    add: [/usr/lib/gcc/arm-none-eabi/10.3.1/../../../arm-none-eabi/include]
  end of search list found
  collapse include dir [/usr/lib/gcc/arm-none-eabi/10.3.1/include] ==> [/usr/lib/gcc/arm-none-eabi/10.3.1/include]
  collapse include dir [/usr/lib/gcc/arm-none-eabi/10.3.1/include-fixed] ==> [/usr/lib/gcc/arm-none-eabi/10.3.1/include-fixed]
  collapse include dir [/usr/lib/gcc/arm-none-eabi/10.3.1/../../../arm-none-eabi/include] ==> [/usr/lib/arm-none-eabi/include]
  implicit include dirs: [/usr/lib/gcc/arm-none-eabi/10.3.1/include;/usr/lib/gcc/arm-none-eabi/10.3.1/include-fixed;/usr/lib/arm-none-eabi/include]


Parsed C implicit link information from above output:
  link line regex: [^( *|.*[/\])(arm-none-eabi-ld|CMAKE_LINK_STARTFILE-NOTFOUND|([^/\]+-)?ld|collect2)[^/\]*( |$)]
  ignore line: [Change Dir: /home/nikita/MACHINE/proj/build/CMakeFiles/CMakeTmp]
  ignore line: []
  ignore line: [Run Build Command(s):/usr/bin/gmake -f Makefile cmTC_3adf6/fast && /usr/bin/gmake  -f CMakeFiles/cmTC_3adf6.dir/build.make CMakeFiles/cmTC_3adf6.dir/build]
  ignore line: [gmake[1]: Entering directory '/home/nikita/MACHINE/proj/build/CMakeFiles/CMakeTmp']
  ignore line: [Building C object CMakeFiles/cmTC_3adf6.dir/CMakeCCompilerABI.c.obj]
  ignore line: [/usr/bin/arm-none-eabi-gcc   -v -ggdb3 -Os -fdata-sections -ffunction-sections -fno-common -fno-exceptions -Wall -Wextra -Wshadow -Wdouble-promotion -Wundef -Wconversion -o CMakeFiles/cmTC_3adf6.dir/CMakeCCompilerABI.c.obj -c /usr/share/cmake-3.22/Modules/CMakeCCompilerABI.c]
  ignore line: [Using built-in specs.]
  ignore line: [COLLECT_GCC=/usr/bin/arm-none-eabi-gcc]
  ignore line: [Target: arm-none-eabi]
  ignore line: [Configured with: ../configure --build=x86_64-linux-gnu --prefix=/usr --includedir='/usr/lib/include' --mandir='/usr/lib/share/man' --infodir='/usr/lib/share/info' --sysconfdir=/etc --localstatedir=/var --disable-option-checking --disable-silent-rules --libdir='/usr/lib/lib/x86_64-linux-gnu' --libexecdir='/usr/lib/lib/x86_64-linux-gnu' --disable-maintainer-mode --disable-dependency-tracking --mandir=/usr/share/man --enable-languages=c,c++,lto --enable-multilib --disable-decimal-float --disable-libffi --disable-libgomp --disable-libmudflap --disable-libquadmath --disable-libssp --disable-libstdcxx-pch --disable-nls --disable-shared --disable-threads --enable-tls --build=x86_64-linux-gnu --target=arm-none-eabi --with-system-zlib --with-gnu-as --with-gnu-ld --with-pkgversion=15:10.3-2021.07-4 --without-included-gettext --prefix=/usr/lib --infodir=/usr/share/doc/gcc-arm-none-eabi/info --htmldir=/usr/share/doc/gcc-arm-none-eabi/html --pdfdir=/usr/share/doc/gcc-arm-none-eabi/pdf --bindir=/usr/bin --libexecdir=/usr/lib --libdir=/usr/lib --disable-libstdc++-v3 --host=x86_64-linux-gnu --with-headers=no --without-newlib --with-multilib-list=rmprofile,aprofile CFLAGS='-g -O2 -ffile-prefix-map=/build/gcc-arm-none-eabi-hYfgK4/gcc-arm-none-eabi-10.3-2021.07=. -flto=auto -ffat-lto-objects -fstack-protector-strong' CPPFLAGS='-Wdate-time -D_FORTIFY_SOURCE=2' CXXFLAGS='-g -O2 -ffile-prefix-map=/build/gcc-arm-none-eabi-hYfgK4/gcc-arm-none-eabi-10.3-2021.07=. -flto=auto -ffat-lto-objects -fstack-protector-strong' DFLAGS=-frelease FCFLAGS='-g -O2 -ffile-prefix-map=/build/gcc-arm-none-eabi-hYfgK4/gcc-arm-none-eabi-10.3-2021.07=. -flto=auto -ffat-lto-objects -fstack-protector-strong' FFLAGS='-g -O2 -ffile-prefix-map=/build/gcc-arm-none-eabi-hYfgK4/gcc-arm-none-eabi-10.3-2021.07=. -flto=auto -ffat-lto-objects -fstack-protector-strong' GCJFLAGS='-g -O2 -ffile-prefix-map=/build/gcc-arm-none-eabi-hYfgK4/gcc-arm-none-eabi-10.3-2021.07=. -fstack-protector-strong' LDFLAGS='-Wl,-Bsymbolic-functions -flto=auto -Wl,-z,relro' OBJCFLAGS='-g -O2 -ffile-prefix-map=/build/gcc-arm-none-eabi-hYfgK4/gcc-arm-none-eabi-10.3-2021.07=. -flto=auto -ffat-lto-objects -fstack-protector-strong' OBJCXXFLAGS='-g -O2 -ffile-prefix-map=/build/gcc-arm-none-eabi-hYfgK4/gcc-arm-none-eabi-10.3-2021.07=. -flto=auto -ffat-lto-objects -fstack-protector-strong' INHIBIT_LIBC_CFLAGS=-DUSE_TM_CLONE_REGISTRY=0 AR_FOR_TARGET=arm-none-eabi-ar AS_FOR_TARGET=arm-none-eabi-as LD_FOR_TARGET=arm-none-eabi-ld NM_FOR_TARGET=arm-none-eabi-nm OBJDUMP_FOR_TARGET=arm-none-eabi-objdump RANLIB_FOR_TARGET=arm-none-eabi-ranlib READELF_FOR_TARGET=arm-none-eabi-readelf STRIP_FOR_TARGET=arm-none-eabi-strip SED=/bin/sed SHELL=/bin/sh BASH=/bin/bash CONFIG_SHELL=/bin/bash]
  ignore line: [Thread model: single]
  ignore line: [Supported LTO compression algorithms: zlib]
  ignore line: [gcc version 10.3.1 20210621 (release) (15:10.3-2021.07-4) ]
  ignore line: [COLLECT_GCC_OPTIONS='-v' '-ggdb3' '-Os' '-fdata-sections' '-ffunction-sections' '-fno-common' '-fno-exceptions' '-Wall' '-Wextra' '-Wshadow' '-Wdouble-promotion' '-Wundef' '-Wconversion' '-o' 'CMakeFiles/cmTC_3adf6.dir/CMakeCCompilerABI.c.obj' '-c' '-mcpu=arm7tdmi' '-mfloat-abi=soft' '-marm' '-mlibarch=armv4t' '-march=armv4t']
  ignore line: [ /usr/lib/gcc/arm-none-eabi/10.3.1/cc1 -quiet -v -dD -D__USES_INITFINI__ /usr/share/cmake-3.22/Modules/CMakeCCompilerABI.c -quiet -dumpbase CMakeCCompilerABI.c -mcpu=arm7tdmi -mfloat-abi=soft -marm -mlibarch=armv4t -march=armv4t -auxbase-strip CMakeFiles/cmTC_3adf6.dir/CMakeCCompilerABI.c.obj -ggdb3 -Os -Wall -Wextra -Wshadow -Wdouble-promotion -Wundef -Wconversion -version -fdata-sections -ffunction-sections -fno-common -fno-exceptions -o /tmp/ccDyl3Lb.s]
  ignore line: [GNU C17 (15:10.3-2021.07-4) version 10.3.1 20210621 (release) (arm-none-eabi)]
  ignore line: [	compiled by GNU C version 11.2.0  GMP version 6.2.1  MPFR version 4.1.0  MPC version 1.2.1  isl version isl-0.24-GMP]
  ignore line: []
  ignore line: [GGC heuristics: --param ggc-min-expand=100 --param ggc-min-heapsize=131072]
  ignore line: [ignoring nonexistent directory "/usr/lib/gcc/arm-none-eabi/10.3.1/../../../arm-none-eabi/sys-include"]
  ignore line: [#include "..." search starts here:]
  ignore line: [#include <...> search starts here:]
  ignore line: [ /usr/lib/gcc/arm-none-eabi/10.3.1/include]
  ignore line: [ /usr/lib/gcc/arm-none-eabi/10.3.1/include-fixed]
  ignore line: [ /usr/lib/gcc/arm-none-eabi/10.3.1/../../../arm-none-eabi/include]
  ignore line: [End of search list.]
  ignore line: [GNU C17 (15:10.3-2021.07-4) version 10.3.1 20210621 (release) (arm-none-eabi)]
  ignore line: [	compiled by GNU C version 11.2.0  GMP version 6.2.1  MPFR version 4.1.0  MPC version 1.2.1  isl version isl-0.24-GMP]
  ignore line: []
  ignore line: [GGC heuristics: --param ggc-min-expand=100 --param ggc-min-heapsize=131072]
  ignore line: [Compiler executable checksum: 4cf7574ae54eb0935abb4a8c56f8bcfe]
  ignore line: [COLLECT_GCC_OPTIONS='-v' '-ggdb3' '-Os' '-fdata-sections' '-ffunction-sections' '-fno-common' '-fno-exceptions' '-Wall' '-Wextra' '-Wshadow' '-Wdouble-promotion' '-Wundef' '-Wconversion' '-o' 'CMakeFiles/cmTC_3adf6.dir/CMakeCCompilerABI.c.obj' '-c' '-mcpu=arm7tdmi' '-mfloat-abi=soft' '-marm' '-mlibarch=armv4t' '-march=armv4t']
  ignore line: [ /usr/lib/gcc/arm-none-eabi/10.3.1/../../../arm-none-eabi/bin/as -v -march=armv4t -mfloat-abi=soft -meabi=5 -o CMakeFiles/cmTC_3adf6.dir/CMakeCCompilerABI.c.obj /tmp/ccDyl3Lb.s]
  ignore line: [GNU assembler version 2.38 (arm-none-eabi) using BFD version (2.38-3ubuntu1+15build1) 2.38]
  ignore line: [COMPILER_PATH=/usr/lib/gcc/arm-none-eabi/10.3.1/:/usr/lib/gcc/arm-none-eabi/10.3.1/:/usr/lib/gcc/arm-none-eabi/:/usr/lib/gcc/arm-none-eabi/10.3.1/:/usr/lib/gcc/arm-none-eabi/:/usr/lib/gcc/arm-none-eabi/10.3.1/../../../arm-none-eabi/bin/]
  ignore line: [LIBRARY_PATH=/usr/lib/gcc/arm-none-eabi/10.3.1/:/usr/lib/gcc/arm-none-eabi/10.3.1/../../../arm-none-eabi/lib/]
  ignore line: [COLLECT_GCC_OPTIONS='-v' '-ggdb3' '-Os' '-fdata-sections' '-ffunction-sections' '-fno-common' '-fno-exceptions' '-Wall' '-Wextra' '-Wshadow' '-Wdouble-promotion' '-Wundef' '-Wconversion' '-o' 'CMakeFiles/cmTC_3adf6.dir/CMakeCCompilerABI.c.obj' '-c' '-mcpu=arm7tdmi' '-mfloat-abi=soft' '-marm' '-mlibarch=armv4t' '-march=armv4t']
  ignore line: [Linking C static library libcmTC_3adf6.a]
  ignore line: [/usr/bin/cmake -P CMakeFiles/cmTC_3adf6.dir/cmake_clean_target.cmake]
  ignore line: [/usr/bin/cmake -E cmake_link_script CMakeFiles/cmTC_3adf6.dir/link.txt --verbose=1]
  ignore line: [/usr/bin/arm-none-eabi-ar qc libcmTC_3adf6.a CMakeFiles/cmTC_3adf6.dir/CMakeCCompilerABI.c.obj]
  ignore line: [/usr/bin/arm-none-eabi-ranlib libcmTC_3adf6.a]
  ignore line: [gmake[1]: Leaving directory '/home/nikita/MACHINE/proj/build/CMakeFiles/CMakeTmp']
  ignore line: []
  ignore line: []
  implicit libs: []
  implicit objs: []
  implicit dirs: []
  implicit fwks: []


The target system is: Generic -  - ARM
The host system is: Linux - 6.8.0-101-generic - x86_64
Compiling the CXX compiler identification source file "CMakeCXXCompilerId.cpp" succeeded.
Compiler: /usr/bin/arm-none-eabi-g++ 
Build flags: 
Id flags: -c 

The output was:
0


Compilation of the CXX compiler identification source "CMakeCXXCompilerId.cpp" produced "CMakeCXXCompilerId.o"

The CXX compiler identification is GNU, found in "/home/nikita/MACHINE/proj/build/CMakeFiles/3.22.1/CompilerIdCXX/CMakeCXXCompilerId.o"

Compiling the C compiler identification source file "CMakeCCompilerId.c" succeeded.
Compiler: /usr/bin/arm-none-eabi-gcc 
Build flags: 
Id flags: -c 

The output was:
0


Compilation of the C compiler identification source "CMakeCCompilerId.c" produced "CMakeCCompilerId.o"

The C compiler identification is GNU, found in "/home/nikita/MACHINE/proj/build/CMakeFiles/3.22.1/CompilerIdC/CMakeCCompilerId.o"

Checking whether the ASM compiler is GNU using "--version" matched "(GNU assembler)|(GCC)|(Free Software Foundation)":
arm-none-eabi-gcc (15:10.3-2021.07-4) 10.3.1 20210621 (release)
Copyright (C) 2020 Free Software Foundation, Inc.
This is free software; see the source for copying conditions.  There is NO
warranty; not even for MERCHANTABILITY or FITNESS FOR A PARTICULAR PURPOSE.

Detecting CXX compiler ABI info compiled with the following output:
Change Dir: /home/nikita/MACHINE/proj/build/CMakeFiles/CMakeTmp

Run Build Command(s):/usr/bin/gmake -f Makefile cmTC_055c7/fast && /usr/bin/gmake  -f CMakeFiles/cmTC_055c7.dir/build.make CMakeFiles/cmTC_055c7.dir/build
gmake[1]: Entering directory '/home/nikita/MACHINE/proj/build/CMakeFiles/CMakeTmp'
Building CXX object CMakeFiles/cmTC_055c7.dir/CMakeCXXCompilerABI.cpp.obj
/usr/bin/arm-none-eabi-g++   -v -ggdb3 -Os -fdata-sections -ffunction-sections -fno-common -fno-exceptions -Wall -Wextra -Wshadow -Wdouble-promotion -Wundef -Wconversion -o CMakeFiles/cmTC_055c7.dir/CMakeCXXCompilerABI.cpp.obj -c /usr/share/cmake-3.22/Modules/CMakeCXXCompilerABI.cpp
Using built-in specs.
COLLECT_GCC=/usr/bin/arm-none-eabi-g++
Target: arm-none-eabi
Configured with: ../configure --build=x86_64-linux-gnu --prefix=/usr --includedir='/usr/lib/include' --mandir='/usr/lib/share/man' --infodir='/usr/lib/share/info' --sysconfdir=/etc --localstatedir=/var --disable-option-checking --disable-silent-rules --libdir='/usr/lib/lib/x86_64-linux-gnu' --libexecdir='/usr/lib/lib/x86_64-linux-gnu' --disable-maintainer-mode --disable-dependency-tracking --mandir=/usr/share/man --enable-languages=c,c++,lto --enable-multilib --disable-decimal-float --disable-libffi --disable-libgomp --disable-libmudflap --disable-libquadmath --disable-libssp --disable-libstdcxx-pch --disable-nls --disable-shared --disable-threads --enable-tls --build=x86_64-linux-gnu --target=arm-none-eabi --with-system-zlib --with-gnu-as --with-gnu-ld --with-pkgversion=15:10.3-2021.07-4 --without-included-gettext --prefix=/usr/lib --infodir=/usr/share/doc/gcc-arm-none-eabi/info --htmldir=/usr/share/doc/gcc-arm-none-eabi/html --pdfdir=/usr/share/doc/gcc-arm-none-eabi/pdf --bindir=/usr/bin --libexecdir=/usr/lib --libdir=/usr/lib --disable-libstdc++-v3 --host=x86_64-linux-gnu --with-headers=no --without-newlib --with-multilib-list=rmprofile,aprofile CFLAGS='-g -O2 -ffile-prefix-map=/build/gcc-arm-none-eabi-hYfgK4/gcc-arm-none-eabi-10.3-2021.07=. -flto=auto -ffat-lto-objects -fstack-protector-strong' CPPFLAGS='-Wdate-time -D_FORTIFY_SOURCE=2' CXXFLAGS='-g -O2 -ffile-prefix-map=/build/gcc-arm-none-eabi-hYfgK4/gcc-arm-none-eabi-10.3-2021.07=. -flto=auto -ffat-lto-objects -fstack-protector-strong' DFLAGS=-frelease FCFLAGS='-g -O2 -ffile-prefix-map=/build/gcc-arm-none-eabi-hYfgK4/gcc-arm-none-eabi-10.3-2021.07=. -flto=auto -ffat-lto-objects -fstack-protector-strong' FFLAGS='-g -O2 -ffile-prefix-map=/build/gcc-arm-none-eabi-hYfgK4/gcc-arm-none-eabi-10.3-2021.07=. -flto=auto -ffat-lto-objects -fstack-protector-strong' GCJFLAGS='-g -O2 -ffile-prefix-map=/build/gcc-arm-none-eabi-hYfgK4/gcc-arm-none-eabi-10.3-2021.07=. -fstack-protector-strong' LDFLAGS='-Wl,-Bsymbolic-functions -flto=auto -Wl,-z,relro' OBJCFLAGS='-g -O2 -ffile-prefix-map=/build/gcc-arm-none-eabi-hYfgK4/gcc-arm-none-eabi-10.3-2021.07=. -flto=auto -ffat-lto-objects -fstack-protector-strong' OBJCXXFLAGS='-g -O2 -ffile-prefix-map=/build/gcc-arm-none-eabi-hYfgK4/gcc-arm-none-eabi-10.3-2021.07=. -flto=auto -ffat-lto-objects -fstack-protector-strong' INHIBIT_LIBC_CFLAGS=-DUSE_TM_CLONE_REGISTRY=0 AR_FOR_TARGET=arm-none-eabi-ar AS_FOR_TARGET=arm-none-eabi-as LD_FOR_TARGET=arm-none-eabi-ld NM_FOR_TARGET=arm-none-eabi-nm OBJDUMP_FOR_TARGET=arm-none-eabi-objdump RANLIB_FOR_TARGET=arm-none-eabi-ranlib READELF_FOR_TARGET=arm-none-eabi-readelf STRIP_FOR_TARGET=arm-none-eabi-strip SED=/bin/sed SHELL=/bin/sh BASH=/bin/bash CONFIG_SHELL=/bin/bash
Thread model: single
Supported LTO compression algorithms: zlib
gcc version 10.3.1 20210621 (release) (15:10.3-2021.07-4) 
COLLECT_GCC_OPTIONS='-v' '-ggdb3' '-Os' '-fdata-sections' '-ffunction-sections' '-fno-common' '-fno-exceptions' '-Wall' '-Wextra' '-Wshadow' '-Wdouble-promotion' '-Wundef' '-Wconversion' '-o' 'CMakeFiles/cmTC_055c7.dir/CMakeCXXCompilerABI.cpp.obj' '-c' '-mcpu=arm7tdmi' '-mfloat-abi=soft' '-marm' '-mlibarch=armv4t' '-march=armv4t'
 /usr/lib/gcc/arm-none-eabi/10.3.1/cc1plus -quiet -v -dD -D__USES_INITFINI__ /usr/share/cmake-3.22/Modules/CMakeCXXCompilerABI.cpp -quiet -dumpbase CMakeCXXCompilerABI.cpp -mcpu=arm7tdmi -mfloat-abi=soft -marm -mlibarch=armv4t -march=armv4t -auxbase-strip CMakeFiles/cmTC_055c7.dir/CMakeCXXCompilerABI.cpp.obj -ggdb3 -Os -Wall -Wextra -Wshadow -Wdouble-promotion -Wundef -Wconversion -version -fdata-sections -ffunction-sections -fno-common -fno-exceptions -o /tmp/cck89NlP.s
GNU C++14 (15:10.3-2021.07-4) version 10.3.1 20210621 (release) (arm-none-eabi)
	compiled by GNU C version 11.2.0, GMP version 6.2.1, MPFR version 4.1.0, MPC version 1.2.1, isl version isl-0.24-GMP

GGC heuristics: --param ggc-min-expand=100 --param ggc-min-heapsize=131072
ignoring nonexistent directory "/usr/lib/gcc/arm-none-eabi/10.3.1/../../../arm-none-eabi/sys-include"
#include "..." search starts here:
#include <...> search starts here:
 /usr/lib/gcc/arm-none-eabi/10.3.1/../../../arm-none-eabi/include/c++/10.3.1
 /usr/lib/gcc/arm-none-eabi/10.3.1/../../../arm-none-eabi/include/c++/10.3.1/arm-none-eabi
 /usr/lib/gcc/arm-none-eabi/10.3.1/../../../arm-none-eabi/include/c++/10.3.1/backward
 /usr/lib/gcc/arm-none-eabi/10.3.1/include
 /usr/lib/gcc/arm-none-eabi/10.3.1/include-fixed
 /usr/lib/gcc/arm-none-eabi/10.3.1/../../../arm-none-eabi/include
End of search list.
GNU C++14 (15:10.3-2021.07-4) version 10.3.1 20210621 (release) (arm-none-eabi)
	compiled by GNU C version 11.2.0, GMP version 6.2.1, MPFR version 4.1.0, MPC version 1.2.1, isl version isl-0.24-GMP

GGC heuristics: --param ggc-min-expand=100 --param ggc-min-heapsize=131072
Compiler executable checksum: 4f994585a8ca8864fa1f4d2fb208a0ba
COLLECT_GCC_OPTIONS='-v' '-ggdb3' '-Os' '-fdata-sections' '-ffunction-sections' '-fno-common' '-fno-exceptions' '-Wall' '-Wextra' '-Wshadow' '-Wdouble-promotion' '-Wundef' '-Wconversion' '-o' 'CMakeFiles/cmTC_055c7.dir/CMakeCXXCompilerABI.cpp.obj' '-c' '-mcpu=arm7tdmi' '-mfloat-abi=soft' '-marm' '-mlibarch=armv4t' '-march=armv4t'
 /usr/lib/gcc/arm-none-eabi/10.3.1/../../../arm-none-eabi/bin/as -v -march=armv4t -mfloat-abi=soft -meabi=5 -o CMakeFiles/cmTC_055c7.dir/CMakeCXXCompilerABI.cpp.obj /tmp/cck89NlP.s
GNU assembler version 2.38 (arm-none-eabi) using BFD version (2.38-3ubuntu1+15build1) 2.38
COMPILER_PATH=/usr/lib/gcc/arm-none-eabi/10.3.1/:/usr/lib/gcc/arm-none-eabi/10.3.1/:/usr/lib/gcc/arm-none-eabi/:/usr/lib/gcc/arm-none-eabi/10.3.1/:/usr/lib/gcc/arm-none-eabi/:/usr/lib/gcc/arm-none-eabi/10.3.1/../../../arm-none-eabi/bin/
LIBRARY_PATH=/usr/lib/gcc/arm-none-eabi/10.3.1/:/usr/lib/gcc/arm-none-eabi/10.3.1/../../../arm-none-eabi/lib/
COLLECT_GCC_OPTIONS='-v' '-ggdb3' '-Os' '-fdata-sections' '-ffunction-sections' '-fno-common' '-fno-exceptions' '-Wall' '-Wextra' '-Wshadow' '-Wdouble-promotion' '-Wundef' '-Wconversion' '-o' 'CMakeFiles/cmTC_055c7.dir/CMakeCXXCompilerABI.cpp.obj' '-c' '-mcpu=arm7tdmi' '-mfloat-abi=soft' '-marm' '-mlibarch=armv4t' '-march=armv4t'
Linking CXX static library libcmTC_055c7.a
/usr/bin/cmake -P CMakeFiles/cmTC_055c7.dir/cmake_clean_target.cmake
/usr/bin/cmake -E cmake_link_script CMakeFiles/cmTC_055c7.dir/link.txt --verbose=1
/usr/bin/arm-none-eabi-ar qc libcmTC_055c7.a CMakeFiles/cmTC_055c7.dir/CMakeCXXCompilerABI.cpp.obj
/usr/bin/arm-none-eabi-ranlib libcmTC_055c7.a
gmake[1]: Leaving directory '/home/nikita/MACHINE/proj/build/CMakeFiles/CMakeTmp'



Parsed CXX implicit include dir info from above output: rv=done
  found start of include info
  found start of implicit include info
    add: [/usr/lib/gcc/arm-none-eabi/10.3.1/../../../arm-none-eabi/include/c++/10.3.1]
    add: [/usr/lib/gcc/arm-none-eabi/10.3.1/../../../arm-none-eabi/include/c++/10.3.1/arm-none-eabi]
    add: [/usr/lib/gcc/arm-none-eabi/10.3.1/../../../arm-none-eabi/include/c++/10.3.1/backward]
    add: [/usr/lib/gcc/arm-none-eabi/10.3.1/include]
    add: [/usr/lib/gcc/arm-none-eabi/10.3.1/include-fixed]
    add: [/usr/lib/gcc/arm-none-eabi/10.3.1/../../../arm-none-eabi/include]
  end of search list found
  collapse include dir [/usr/lib/gcc/arm-none-eabi/10.3.1/../../../arm-none-eabi/include/c++/10.3.1] ==> [/usr/lib/arm-none-eabi/include/c++/10.3.1]
  collapse include dir [/usr/lib/gcc/arm-none-eabi/10.3.1/../../../arm-none-eabi/include/c++/10.3.1/arm-none-eabi] ==> [/usr/lib/arm-none-eabi/include/c++/10.3.1/arm-none-eabi]
  collapse include dir [/usr/lib/gcc/arm-none-eabi/10.3.1/../../../arm-none-eabi/include/c++/10.3.1/backward] ==> [/usr/lib/arm-none-eabi/include/c++/10.3.1/backward]
  collapse include dir [/usr/lib/gcc/arm-none-eabi/10.3.1/include] ==> [/usr/lib/gcc/arm-none-eabi/10.3.1/include]
  collapse include dir [/usr/lib/gcc/arm-none-eabi/10.3.1/include-fixed] ==> [/usr/lib/gcc/arm-none-eabi/10.3.1/include-fixed]
  collapse include dir [/usr/lib/gcc/arm-none-eabi/10.3.1/../../../arm-none-eabi/include] ==> [/usr/lib/arm-none-eabi/include]
  implicit include dirs: [/usr/lib/arm-none-eabi/include/c++/10.3.1;/usr/lib/arm-none-eabi/include/c++/10.3.1/arm-none-eabi;/usr/lib/arm-none-eabi/include/c++/10.3.1/backward;/usr/lib/gcc/arm-none-eabi/10.3.1/include;/usr/lib/gcc/arm-none-eabi/10.3.1/include-fixed;/usr/lib/arm-none-eabi/include]


Parsed CXX implicit link information from above output:
  link line regex: [^( *|.*[/\])(arm-none-eabi-ld|CMAKE_LINK_STARTFILE-NOTFOUND|([^/\]+-)?ld|collect2)[^/\]*( |$)]
  ignore line: [Change Dir: /home/nikita/MACHINE/proj/build/CMakeFiles/CMakeTmp]
  ignore line: []
  ignore line: [Run Build Command(s):/usr/bin/gmake -f Makefile cmTC_055c7/fast && /usr/bin/gmake  -f CMakeFiles/cmTC_055c7.dir/build.make CMakeFiles/cmTC_055c7.dir/build]
  ignore line: [gmake[1]: Entering directory '/home/nikita/MACHINE/proj/build/CMakeFiles/CMakeTmp']
  ignore line: [Building CXX object CMakeFiles/cmTC_055c7.dir/CMakeCXXCompilerABI.cpp.obj]
  ignore line: [/usr/bin/arm-none-eabi-g++   -v -ggdb3 -Os -fdata-sections -ffunction-sections -fno-common -fno-exceptions -Wall -Wextra -Wshadow -Wdouble-promotion -Wundef -Wconversion -o CMakeFiles/cmTC_055c7.dir/CMakeCXXCompilerABI.cpp.obj -c /usr/share/cmake-3.22/Modules/CMakeCXXCompilerABI.cpp]
  ignore line: [Using built-in specs.]
  ignore line: [COLLECT_GCC=/usr/bin/arm-none-eabi-g++]
  ignore line: [Target: arm-none-eabi]
  ignore line: [Configured with: ../configure --build=x86_64-linux-gnu --prefix=/usr --includedir='/usr/lib/include' --mandir='/usr/lib/share/man' --infodir='/usr/lib/share/info' --sysconfdir=/etc --localstatedir=/var --disable-option-checking --disable-silent-rules --libdir='/usr/lib/lib/x86_64-linux-gnu' --libexecdir='/usr/lib/lib/x86_64-linux-gnu' --disable-maintainer-mode --disable-dependency-tracking --mandir=/usr/share/man --enable-languages=c,c++,lto --enable-multilib --disable-decimal-float --disable-libffi --disable-libgomp --disable-libmudflap --disable-libquadmath --disable-libssp --disable-libstdcxx-pch --disable-nls --disable-shared --disable-threads --enable-tls --build=x86_64-linux-gnu --target=arm-none-eabi --with-system-zlib --with-gnu-as --with-gnu-ld --with-pkgversion=15:10.3-2021.07-4 --without-included-gettext --prefix=/usr/lib --infodir=/usr/share/doc/gcc-arm-none-eabi/info --htmldir=/usr/share/doc/gcc-arm-none-eabi/html --pdfdir=/usr/share/doc/gcc-arm-none-eabi/pdf --bindir=/usr/bin --libexecdir=/usr/lib --libdir=/usr/lib --disable-libstdc++-v3 --host=x86_64-linux-gnu --with-headers=no --without-newlib --with-multilib-list=rmprofile,aprofile CFLAGS='-g -O2 -ffile-prefix-map=/build/gcc-arm-none-eabi-hYfgK4/gcc-arm-none-eabi-10.3-2021.07=. -flto=auto -ffat-lto-objects -fstack-protector-strong' CPPFLAGS='-Wdate-time -D_FORTIFY_SOURCE=2' CXXFLAGS='-g -O2 -ffile-prefix-map=/build/gcc-arm-none-eabi-hYfgK4/gcc-arm-none-eabi-10.3-2021.07=. -flto=auto -ffat-lto-objects -fstack-protector-strong' DFLAGS=-frelease FCFLAGS='-g -O2 -ffile-prefix-map=/build/gcc-arm-none-eabi-hYfgK4/gcc-arm-none-eabi-10.3-2021.07=. -flto=auto -ffat-lto-objects -fstack-protector-strong' FFLAGS='-g -O2 -ffile-prefix-map=/build/gcc-arm-none-eabi-hYfgK4/gcc-arm-none-eabi-10.3-2021.07=. -flto=auto -ffat-lto-objects -fstack-protector-strong' GCJFLAGS='-g -O2 -ffile-prefix-map=/build/gcc-arm-none-eabi-hYfgK4/gcc-arm-none-eabi-10.3-2021.07=. -fstack-protector-strong' LDFLAGS='-Wl,-Bsymbolic-functions -flto=auto -Wl,-z,relro' OBJCFLAGS='-g -O2 -ffile-prefix-map=/build/gcc-arm-none-eabi-hYfgK4/gcc-arm-none-eabi-10.3-2021.07=. -flto=auto -ffat-lto-objects -fstack-protector-strong' OBJCXXFLAGS='-g -O2 -ffile-prefix-map=/build/gcc-arm-none-eabi-hYfgK4/gcc-arm-none-eabi-10.3-2021.07=. -flto=auto -ffat-lto-objects -fstack-protector-strong' INHIBIT_LIBC_CFLAGS=-DUSE_TM_CLONE_REGISTRY=0 AR_FOR_TARGET=arm-none-eabi-ar AS_FOR_TARGET=arm-none-eabi-as LD_FOR_TARGET=arm-none-eabi-ld NM_FOR_TARGET=arm-none-eabi-nm OBJDUMP_FOR_TARGET=arm-none-eabi-objdump RANLIB_FOR_TARGET=arm-none-eabi-ranlib READELF_FOR_TARGET=arm-none-eabi-readelf STRIP_FOR_TARGET=arm-none-eabi-strip SED=/bin/sed SHELL=/bin/sh BASH=/bin/bash CONFIG_SHELL=/bin/bash]
  ignore line: [Thread model: single]
  ignore line: [Supported LTO compression algorithms: zlib]
  ignore line: [gcc version 10.3.1 20210621 (release) (15:10.3-2021.07-4) ]
  ignore line: [COLLECT_GCC_OPTIONS='-v' '-ggdb3' '-Os' '-fdata-sections' '-ffunction-sections' '-fno-common' '-fno-exceptions' '-Wall' '-Wextra' '-Wshadow' '-Wdouble-promotion' '-Wundef' '-Wconversion' '-o' 'CMakeFiles/cmTC_055c7.dir/CMakeCXXCompilerABI.cpp.obj' '-c' '-mcpu=arm7tdmi' '-mfloat-abi=soft' '-marm' '-mlibarch=armv4t' '-march=armv4t']
  ignore line: [ /usr/lib/gcc/arm-none-eabi/10.3.1/cc1plus -quiet -v -dD -D__USES_INITFINI__ /usr/share/cmake-3.22/Modules/CMakeCXXCompilerABI.cpp -quiet -dumpbase CMakeCXXCompilerABI.cpp -mcpu=arm7tdmi -mfloat-abi=soft -marm -mlibarch=armv4t -march=armv4t -auxbase-strip CMakeFiles/cmTC_055c7.dir/CMakeCXXCompilerABI.cpp.obj -ggdb3 -Os -Wall -Wextra -Wshadow -Wdouble-promotion -Wundef -Wconversion -version -fdata-sections -ffunction-sections -fno-common -fno-exceptions -o /tmp/cck89NlP.s]
  ignore line: [GNU C++14 (15:10.3-2021.07-4) version 10.3.1 20210621 (release) (arm-none-eabi)]
  ignore line: [	compiled by GNU C version 11.2.0  GMP version 6.2.1  MPFR version 4.1.0  MPC version 1.2.1  isl version isl-0.24-GMP]
  ignore line: []
  ignore line: [GGC heuristics: --param ggc-min-expand=100 --param ggc-min-heapsize=131072]
  ignore line: [ignoring nonexistent directory "/usr/lib/gcc/arm-none-eabi/10.3.1/../../../arm-none-eabi/sys-include"]
  ignore line: [#include "..." search starts here:]
  ignore line: [#include <...> search starts here:]
  ignore line: [ /usr/lib/gcc/arm-none-eabi/10.3.1/../../../arm-none-eabi/include/c++/10.3.1]
  ignore line: [ /usr/lib/gcc/arm-none-eabi/10.3.1/../../../arm-none-eabi/include/c++/10.3.1/arm-none-eabi]
  ignore line: [ /usr/lib/gcc/arm-none-eabi/10.3.1/../../../arm-none-eabi/include/c++/10.3.1/backward]
  ignore line: [ /usr/lib/gcc/arm-none-eabi/10.3.1/include]
  ignore line: [ /usr/lib/gcc/arm-none-eabi/10.3.1/include-fixed]
  ignore line: [ /usr/lib/gcc/arm-none-eabi/10.3.1/../../../arm-none-eabi/include]
  ignore line: [End of search list.]
  ignore line: [GNU C++14 (15:10.3-2021.07-4) version 10.3.1 20210621 (release) (arm-none-eabi)]
  ignore line: [	compiled by GNU C version 11.2.0  GMP version 6.2.1  MPFR version 4.1.0  MPC version 1.2.1  isl version isl-0.24-GMP]
  ignore line: []
  ignore line: [GGC heuristics: --param ggc-min-expand=100 --param ggc-min-heapsize=131072]
  ignore line: [Compiler executable checksum: 4f994585a8ca8864fa1f4d2fb208a0ba]
  ignore line: [COLLECT_GCC_OPTIONS='-v' '-ggdb3' '-Os' '-fdata-sections' '-ffunction-sections' '-fno-common' '-fno-exceptions' '-Wall' '-Wextra' '-Wshadow' '-Wdouble-promotion' '-Wundef' '-Wconversion' '-o' 'CMakeFiles/cmTC_055c7.dir/CMakeCXXCompilerABI.cpp.obj' '-c' '-mcpu=arm7tdmi' '-mfloat-abi=soft' '-marm' '-mlibarch=armv4t' '-march=armv4t']
  ignore line: [ /usr/lib/gcc/arm-none-eabi/10.3.1/../../../arm-none-eabi/bin/as -v -march=armv4t -mfloat-abi=soft -meabi=5 -o CMakeFiles/cmTC_055c7.dir/CMakeCXXCompilerABI.cpp.obj /tmp/cck89NlP.s]
  ignore line: [GNU assembler version 2.38 (arm-none-eabi) using BFD version (2.38-3ubuntu1+15build1) 2.38]
  ignore line: [COMPILER_PATH=/usr/lib/gcc/arm-none-eabi/10.3.1/:/usr/lib/gcc/arm-none-eabi/10.3.1/:/usr/lib/gcc/arm-none-eabi/:/usr/lib/gcc/arm-none-eabi/10.3.1/:/usr/lib/gcc/arm-none-eabi/:/usr/lib/gcc/arm-none-eabi/10.3.1/../../../arm-none-eabi/bin/]
  ignore line: [LIBRARY_PATH=/usr/lib/gcc/arm-none-eabi/10.3.1/:/usr/lib/gcc/arm-none-eabi/10.3.1/../../../arm-none-eabi/lib/]
  ignore line: [COLLECT_GCC_OPTIONS='-v' '-ggdb3' '-Os' '-fdata-sections' '-ffunction-sections' '-fno-common' '-fno-exceptions' '-Wall' '-Wextra' '-Wshadow' '-Wdouble-promotion' '-Wundef' '-Wconversion' '-o' 'CMakeFiles/cmTC_055c7.dir/CMakeCXXCompilerABI.cpp.obj' '-c' '-mcpu=arm7tdmi' '-mfloat-abi=soft' '-marm' '-mlibarch=armv4t' '-march=armv4t']
  ignore line: [Linking CXX static library libcmTC_055c7.a]
  ignore line: [/usr/bin/cmake -P CMakeFiles/cmTC_055c7.dir/cmake_clean_target.cmake]
  ignore line: [/usr/bin/cmake -E cmake_link_script CMakeFiles/cmTC_055c7.dir/link.txt --verbose=1]
  ignore line: [/usr/bin/arm-none-eabi-ar qc libcmTC_055c7.a CMakeFiles/cmTC_055c7.dir/CMakeCXXCompilerABI.cpp.obj]
  ignore line: [/usr/bin/arm-none-eabi-ranlib libcmTC_055c7.a]
  ignore line: [gmake[1]: Leaving directory '/home/nikita/MACHINE/proj/build/CMakeFiles/CMakeTmp']
  ignore line: []
  ignore line: []
  implicit libs: []
  implicit objs: []
  implicit dirs: []
  implicit fwks: []


Detecting C compiler ABI info compiled with the following output:
Change Dir: /home/nikita/MACHINE/proj/build/CMakeFiles/CMakeTmp

Run Build Command(s):/usr/bin/gmake -f Makefile cmTC_37b2d/fast && /usr/bin/gmake  -f CMakeFiles/cmTC_37b2d.dir/build.make CMakeFiles/cmTC_37b2d.dir/build
gmake[1]: Entering directory '/home/nikita/MACHINE/proj/build/CMakeFiles/CMakeTmp'
Building C object CMakeFiles/cmTC_37b2d.dir/CMakeCCompilerABI.c.obj
/usr/bin/arm-none-eabi-gcc   -v -ggdb3 -Os -fdata-sections -ffunction-sections -fno-common -fno-exceptions -Wall -Wextra -Wshadow -Wdouble-promotion -Wundef -Wconversion -o CMakeFiles/cmTC_37b2d.dir/CMakeCCompilerABI.c.obj -c /usr/share/cmake-3.22/Modules/CMakeCCompilerABI.c
Using built-in specs.
COLLECT_GCC=/usr/bin/arm-none-eabi-gcc
Target: arm-none-eabi
Configured with: ../configure --build=x86_64-linux-gnu --prefix=/usr --includedir='/usr/lib/include' --mandir='/usr/lib/share/man' --infodir='/usr/lib/share/info' --sysconfdir=/etc --localstatedir=/var --disable-option-checking --disable-silent-rules --libdir='/usr/lib/lib/x86_64-linux-gnu' --libexecdir='/usr/lib/lib/x86_64-linux-gnu' --disable-maintainer-mode --disable-dependency-tracking --mandir=/usr/share/man --enable-languages=c,c++,lto --enable-multilib --disable-decimal-float --disable-libffi --disable-libgomp --disable-libmudflap --disable-libquadmath --disable-libssp --disable-libstdcxx-pch --disable-nls --disable-shared --disable-threads --enable-tls --build=x86_64-linux-gnu --target=arm-none-eabi --with-system-zlib --with-gnu-as --with-gnu-ld --with-pkgversion=15:10.3-2021.07-4 --without-included-gettext --prefix=/usr/lib --infodir=/usr/share/doc/gcc-arm-none-eabi/info --htmldir=/usr/share/doc/gcc-arm-none-eabi/html --pdfdir=/usr/share/doc/gcc-arm-none-eabi/pdf --bindir=/usr/bin --libexecdir=/usr/lib --libdir=/usr/lib --disable-libstdc++-v3 --host=x86_64-linux-gnu --with-headers=no --without-newlib --with-multilib-list=rmprofile,aprofile CFLAGS='-g -O2 -ffile-prefix-map=/build/gcc-arm-none-eabi-hYfgK4/gcc-arm-none-eabi-10.3-2021.07=. -flto=auto -ffat-lto-objects -fstack-protector-strong' CPPFLAGS='-Wdate-time -D_FORTIFY_SOURCE=2' CXXFLAGS='-g -O2 -ffile-prefix-map=/build/gcc-arm-none-eabi-hYfgK4/gcc-arm-none-eabi-10.3-2021.07=. -flto=auto -ffat-lto-objects -fstack-protector-strong' DFLAGS=-frelease FCFLAGS='-g -O2 -ffile-prefix-map=/build/gcc-arm-none-eabi-hYfgK4/gcc-arm-none-eabi-10.3-2021.07=. -flto=auto -ffat-lto-objects -fstack-protector-strong' FFLAGS='-g -O2 -ffile-prefix-map=/build/gcc-arm-none-eabi-hYfgK4/gcc-arm-none-eabi-10.3-2021.07=. -flto=auto -ffat-lto-objects -fstack-protector-strong' GCJFLAGS='-g -O2 -ffile-prefix-map=/build/gcc-arm-none-eabi-hYfgK4/gcc-arm-none-eabi-10.3-2021.07=. -fstack-protector-strong' LDFLAGS='-Wl,-Bsymbolic-functions -flto=auto -Wl,-z,relro' OBJCFLAGS='-g -O2 -ffile-prefix-map=/build/gcc-arm-none-eabi-hYfgK4/gcc-arm-none-eabi-10.3-2021.07=. -flto=auto -ffat-lto-objects -fstack-protector-strong' OBJCXXFLAGS='-g -O2 -ffile-prefix-map=/build/gcc-arm-none-eabi-hYfgK4/gcc-arm-none-eabi-10.3-2021.07=. -flto=auto -ffat-lto-objects -fstack-protector-strong' INHIBIT_LIBC_CFLAGS=-DUSE_TM_CLONE_REGISTRY=0 AR_FOR_TARGET=arm-none-eabi-ar AS_FOR_TARGET=arm-none-eabi-as LD_FOR_TARGET=arm-none-eabi-ld NM_FOR_TARGET=arm-none-eabi-nm OBJDUMP_FOR_TARGET=arm-none-eabi-objdump RANLIB_FOR_TARGET=arm-none-eabi-ranlib READELF_FOR_TARGET=arm-none-eabi-readelf STRIP_FOR_TARGET=arm-none-eabi-strip SED=/bin/sed SHELL=/bin/sh BASH=/bin/bash CONFIG_SHELL=/bin/bash
Thread model: single
Supported LTO compression algorithms: zlib
gcc version 10.3.1 20210621 (release) (15:10.3-2021.07-4) 
COLLECT_GCC_OPTIONS='-v' '-ggdb3' '-Os' '-fdata-sections' '-ffunction-sections' '-fno-common' '-fno-exceptions' '-Wall' '-Wextra' '-Wshadow' '-Wdouble-promotion' '-Wundef' '-Wconversion' '-o' 'CMakeFiles/cmTC_37b2d.dir/CMakeCCompilerABI.c.obj' '-c' '-mcpu=arm7tdmi' '-mfloat-abi=soft' '-marm' '-mlibarch=armv4t' '-march=armv4t'
 /usr/lib/gcc/arm-none-eabi/10.3.1/cc1 -quiet -v -dD -D__USES_INITFINI__ /usr/share/cmake-3.22/Modules/CMakeCCompilerABI.c -quiet -dumpbase CMakeCCompilerABI.c -mcpu=arm7tdmi -mfloat-abi=soft -marm -mlibarch=armv4t -march=armv4t -auxbase-strip CMakeFiles/cmTC_37b2d.dir/CMakeCCompilerABI.c.obj -ggdb3 -Os -Wall -Wextra -Wshadow -Wdouble-promotion -Wundef -Wconversion -version -fdata-sections -ffunction-sections -fno-common -fno-exceptions -o /tmp/ccIXwBkd.s
GNU C17 (15:10.3-2021.07-4) version 10.3.1 20210621 (release) (arm-none-eabi)
	compiled by GNU C version 11.2.0, GMP version 6.2.1, MPFR version 4.1.0, MPC version 1.2.1, isl version isl-0.24-GMP

GGC heuristics: --param ggc-min-expand=100 --param ggc-min-heapsize=131072
ignoring nonexistent directory "/usr/lib/gcc/arm-none-eabi/10.3.1/../../../arm-none-eabi/sys-include"
#include "..." search starts here:
#include <...> search starts here:
 /usr/lib/gcc/arm-none-eabi/10.3.1/include
 /usr/lib/gcc/arm-none-eabi/10.3.1/include-fixed
 /usr/lib/gcc/arm-none-eabi/10.3.1/../../../arm-none-eabi/include
End of search list.
GNU C17 (15:10.3-2021.07-4) version 10.3.1 20210621 (release) (arm-none-eabi)
	compiled by GNU C version 11.2.0, GMP version 6.2.1, MPFR version 4.1.0, MPC version 1.2.1, isl version isl-0.24-GMP

GGC heuristics: --param ggc-min-expand=100 --param ggc-min-heapsize=131072
Compiler executable checksum: 4cf7574ae54eb0935abb4a8c56f8bcfe
COLLECT_GCC_OPTIONS='-v' '-ggdb3' '-Os' '-fdata-sections' '-ffunction-sections' '-fno-common' '-fno-exceptions' '-Wall' '-Wextra' '-Wshadow' '-Wdouble-promotion' '-Wundef' '-Wconversion' '-o' 'CMakeFiles/cmTC_37b2d.dir/CMakeCCompilerABI.c.obj' '-c' '-mcpu=arm7tdmi' '-mfloat-abi=soft' '-marm' '-mlibarch=armv4t' '-march=armv4t'
 /usr/lib/gcc/arm-none-eabi/10.3.1/../../../arm-none-eabi/bin/as -v -march=armv4t -mfloat-abi=soft -meabi=5 -o CMakeFiles/cmTC_37b2d.dir/CMakeCCompilerABI.c.obj /tmp/ccIXwBkd.s
GNU assembler version 2.38 (arm-none-eabi) using BFD version (2.38-3ubuntu1+15build1) 2.38
COMPILER_PATH=/usr/lib/gcc/arm-none-eabi/10.3.1/:/usr/lib/gcc/arm-none-eabi/10.3.1/:/usr/lib/gcc/arm-none-eabi/:/usr/lib/gcc/arm-none-eabi/10.3.1/:/usr/lib/gcc/arm-none-eabi/:/usr/lib/gcc/arm-none-eabi/10.3.1/../../../arm-none-eabi/bin/
LIBRARY_PATH=/usr/lib/gcc/arm-none-eabi/10.3.1/:/usr/lib/gcc/arm-none-eabi/10.3.1/../../../arm-none-eabi/lib/
COLLECT_GCC_OPTIONS='-v' '-ggdb3' '-Os' '-fdata-sections' '-ffunction-sections' '-fno-common' '-fno-exceptions' '-Wall' '-Wextra' '-Wshadow' '-Wdouble-promotion' '-Wundef' '-Wconversion' '-o' 'CMakeFiles/cmTC_37b2d.dir/CMakeCCompilerABI.c.obj' '-c' '-mcpu=arm7tdmi' '-mfloat-abi=soft' '-marm' '-mlibarch=armv4t' '-march=armv4t'
Linking C static library libcmTC_37b2d.a
/usr/bin/cmake -P CMakeFiles/cmTC_37b2d.dir/cmake_clean_target.cmake
/usr/bin/cmake -E cmake_link_script CMakeFiles/cmTC_37b2d.dir/link.txt --verbose=1
/usr/bin/arm-none-eabi-ar qc libcmTC_37b2d.a CMakeFiles/cmTC_37b2d.dir/CMakeCCompilerABI.c.obj
/usr/bin/arm-none-eabi-ranlib libcmTC_37b2d.a
gmake[1]: Leaving directory '/home/nikita/MACHINE/proj/build/CMakeFiles/CMakeTmp'



Parsed C implicit include dir info from above output: rv=done
  found start of include info
  found start of implicit include info
    add: [/usr/lib/gcc/arm-none-eabi/10.3.1/include]
    add: [/usr/lib/gcc/arm-none-eabi/10.3.1/include-fixed]
    add: [/usr/lib/gcc/arm-none-eabi/10.3.1/../../../arm-none-eabi/include]
  end of search list found
  collapse include dir [/usr/lib/gcc/arm-none-eabi/10.3.1/include] ==> [/usr/lib/gcc/arm-none-eabi/10.3.1/include]
  collapse include dir [/usr/lib/gcc/arm-none-eabi/10.3.1/include-fixed] ==> [/usr/lib/gcc/arm-none-eabi/10.3.1/include-fixed]
  collapse include dir [/usr/lib/gcc/arm-none-eabi/10.3.1/../../../arm-none-eabi/include] ==> [/usr/lib/arm-none-eabi/include]
  implicit include dirs: [/usr/lib/gcc/arm-none-eabi/10.3.1/include;/usr/lib/gcc/arm-none-eabi/10.3.1/include-fixed;/usr/lib/arm-none-eabi/include]


Parsed C implicit link information from above output:
  link line regex: [^( *|.*[/\])(arm-none-eabi-ld|CMAKE_LINK_STARTFILE-NOTFOUND|([^/\]+-)?ld|collect2)[^/\]*( |$)]
  ignore line: [Change Dir: /home/nikita/MACHINE/proj/build/CMakeFiles/CMakeTmp]
  ignore line: []
  ignore line: [Run Build Command(s):/usr/bin/gmake -f Makefile cmTC_37b2d/fast && /usr/bin/gmake  -f CMakeFiles/cmTC_37b2d.dir/build.make CMakeFiles/cmTC_37b2d.dir/build]
  ignore line: [gmake[1]: Entering directory '/home/nikita/MACHINE/proj/build/CMakeFiles/CMakeTmp']
  ignore line: [Building C object CMakeFiles/cmTC_37b2d.dir/CMakeCCompilerABI.c.obj]
  ignore line: [/usr/bin/arm-none-eabi-gcc   -v -ggdb3 -Os -fdata-sections -ffunction-sections -fno-common -fno-exceptions -Wall -Wextra -Wshadow -Wdouble-promotion -Wundef -Wconversion -o CMakeFiles/cmTC_37b2d.dir/CMakeCCompilerABI.c.obj -c /usr/share/cmake-3.22/Modules/CMakeCCompilerABI.c]
  ignore line: [Using built-in specs.]
  ignore line: [COLLECT_GCC=/usr/bin/arm-none-eabi-gcc]
  ignore line: [Target: arm-none-eabi]
  ignore line: [Configured with: ../configure --build=x86_64-linux-gnu --prefix=/usr --includedir='/usr/lib/include' --mandir='/usr/lib/share/man' --infodir='/usr/lib/share/info' --sysconfdir=/etc --localstatedir=/var --disable-option-checking --disable-silent-rules --libdir='/usr/lib/lib/x86_64-linux-gnu' --libexecdir='/usr/lib/lib/x86_64-linux-gnu' --disable-maintainer-mode --disable-dependency-tracking --mandir=/usr/share/man --enable-languages=c,c++,lto --enable-multilib --disable-decimal-float --disable-libffi --disable-libgomp --disable-libmudflap --disable-libquadmath --disable-libssp --disable-libstdcxx-pch --disable-nls --disable-shared --disable-threads --enable-tls --build=x86_64-linux-gnu --target=arm-none-eabi --with-system-zlib --with-gnu-as --with-gnu-ld --with-pkgversion=15:10.3-2021.07-4 --without-included-gettext --prefix=/usr/lib --infodir=/usr/share/doc/gcc-arm-none-eabi/info --htmldir=/usr/share/doc/gcc-arm-none-eabi/html --pdfdir=/usr/share/doc/gcc-arm-none-eabi/pdf --bindir=/usr/bin --libexecdir=/usr/lib --libdir=/usr/lib --disable-libstdc++-v3 --host=x86_64-linux-gnu --with-headers=no --without-newlib --with-multilib-list=rmprofile,aprofile CFLAGS='-g -O2 -ffile-prefix-map=/build/gcc-arm-none-eabi-hYfgK4/gcc-arm-none-eabi-10.3-2021.07=. -flto=auto -ffat-lto-objects -fstack-protector-strong' CPPFLAGS='-Wdate-time -D_FORTIFY_SOURCE=2' CXXFLAGS='-g -O2 -ffile-prefix-map=/build/gcc-arm-none-eabi-hYfgK4/gcc-arm-none-eabi-10.3-2021.07=. -flto=auto -ffat-lto-objects -fstack-protector-strong' DFLAGS=-frelease FCFLAGS='-g -O2 -ffile-prefix-map=/build/gcc-arm-none-eabi-hYfgK4/gcc-arm-none-eabi-10.3-2021.07=. -flto=auto -ffat-lto-objects -fstack-protector-strong' FFLAGS='-g -O2 -ffile-prefix-map=/build/gcc-arm-none-eabi-hYfgK4/gcc-arm-none-eabi-10.3-2021.07=. -flto=auto -ffat-lto-objects -fstack-protector-strong' GCJFLAGS='-g -O2 -ffile-prefix-map=/build/gcc-arm-none-eabi-hYfgK4/gcc-arm-none-eabi-10.3-2021.07=. -fstack-protector-strong' LDFLAGS='-Wl,-Bsymbolic-functions -flto=auto -Wl,-z,relro' OBJCFLAGS='-g -O2 -ffile-prefix-map=/build/gcc-arm-none-eabi-hYfgK4/gcc-arm-none-eabi-10.3-2021.07=. -flto=auto -ffat-lto-objects -fstack-protector-strong' OBJCXXFLAGS='-g -O2 -ffile-prefix-map=/build/gcc-arm-none-eabi-hYfgK4/gcc-arm-none-eabi-10.3-2021.07=. -flto=auto -ffat-lto-objects -fstack-protector-strong' INHIBIT_LIBC_CFLAGS=-DUSE_TM_CLONE_REGISTRY=0 AR_FOR_TARGET=arm-none-eabi-ar AS_FOR_TARGET=arm-none-eabi-as LD_FOR_TARGET=arm-none-eabi-ld NM_FOR_TARGET=arm-none-eabi-nm OBJDUMP_FOR_TARGET=arm-none-eabi-objdump RANLIB_FOR_TARGET=arm-none-eabi-ranlib READELF_FOR_TARGET=arm-none-eabi-readelf STRIP_FOR_TARGET=arm-none-eabi-strip SED=/bin/sed SHELL=/bin/sh BASH=/bin/bash CONFIG_SHELL=/bin/bash]
  ignore line: [Thread model: single]
  ignore line: [Supported LTO compression algorithms: zlib]
  ignore line: [gcc version 10.3.1 20210621 (release) (15:10.3-2021.07-4) ]
  ignore line: [COLLECT_GCC_OPTIONS='-v' '-ggdb3' '-Os' '-fdata-sections' '-ffunction-sections' '-fno-common' '-fno-exceptions' '-Wall' '-Wextra' '-Wshadow' '-Wdouble-promotion' '-Wundef' '-Wconversion' '-o' 'CMakeFiles/cmTC_37b2d.dir/CMakeCCompilerABI.c.obj' '-c' '-mcpu=arm7tdmi' '-mfloat-abi=soft' '-marm' '-mlibarch=armv4t' '-march=armv4t']
  ignore line: [ /usr/lib/gcc/arm-none-eabi/10.3.1/cc1 -quiet -v -dD -D__USES_INITFINI__ /usr/share/cmake-3.22/Modules/CMakeCCompilerABI.c -quiet -dumpbase CMakeCCompilerABI.c -mcpu=arm7tdmi -mfloat-abi=soft -marm -mlibarch=armv4t -march=armv4t -auxbase-strip CMakeFiles/cmTC_37b2d.dir/CMakeCCompilerABI.c.obj -ggdb3 -Os -Wall -Wextra -Wshadow -Wdouble-promotion -Wundef -Wconversion -version -fdata-sections -ffunction-sections -fno-common -fno-exceptions -o /tmp/ccIXwBkd.s]
  ignore line: [GNU C17 (15:10.3-2021.07-4) version 10.3.1 20210621 (release) (arm-none-eabi)]
  ignore line: [	compiled by GNU C version 11.2.0  GMP version 6.2.1  MPFR version 4.1.0  MPC version 1.2.1  isl version isl-0.24-GMP]
  ignore line: []
  ignore line: [GGC heuristics: --param ggc-min-expand=100 --param ggc-min-heapsize=131072]
  ignore line: [ignoring nonexistent directory "/usr/lib/gcc/arm-none-eabi/10.3.1/../../../arm-none-eabi/sys-include"]
  ignore line: [#include "..." search starts here:]
  ignore line: [#include <...> search starts here:]
  ignore line: [ /usr/lib/gcc/arm-none-eabi/10.3.1/include]
  ignore line: [ /usr/lib/gcc/arm-none-eabi/10.3.1/include-fixed]
  ignore line: [ /usr/lib/gcc/arm-none-eabi/10.3.1/../../../arm-none-eabi/include]
  ignore line: [End of search list.]
  ignore line: [GNU C17 (15:10.3-2021.07-4) version 10.3.1 20210621 (release) (arm-none-eabi)]
  ignore line: [	compiled by GNU C version 11.2.0  GMP version 6.2.1  MPFR version 4.1.0  MPC version 1.2.1  isl version isl-0.24-GMP]
  ignore line: []
  ignore line: [GGC heuristics: --param ggc-min-expand=100 --param ggc-min-heapsize=131072]
  ignore line: [Compiler executable checksum: 4cf7574ae54eb0935abb4a8c56f8bcfe]
  ignore line: [COLLECT_GCC_OPTIONS='-v' '-ggdb3' '-Os' '-fdata-sections' '-ffunction-sections' '-fno-common' '-fno-exceptions' '-Wall' '-Wextra' '-Wshadow' '-Wdouble-promotion' '-Wundef' '-Wconversion' '-o' 'CMakeFiles/cmTC_37b2d.dir/CMakeCCompilerABI.c.obj' '-c' '-mcpu=arm7tdmi' '-mfloat-abi=soft' '-marm' '-mlibarch=armv4t' '-march=armv4t']
  ignore line: [ /usr/lib/gcc/arm-none-eabi/10.3.1/../../../arm-none-eabi/bin/as -v -march=armv4t -mfloat-abi=soft -meabi=5 -o CMakeFiles/cmTC_37b2d.dir/CMakeCCompilerABI.c.obj /tmp/ccIXwBkd.s]
  ignore line: [GNU assembler version 2.38 (arm-none-eabi) using BFD version (2.38-3ubuntu1+15build1) 2.38]
  ignore line: [COMPILER_PATH=/usr/lib/gcc/arm-none-eabi/10.3.1/:/usr/lib/gcc/arm-none-eabi/10.3.1/:/usr/lib/gcc/arm-none-eabi/:/usr/lib/gcc/arm-none-eabi/10.3.1/:/usr/lib/gcc/arm-none-eabi/:/usr/lib/gcc/arm-none-eabi/10.3.1/../../../arm-none-eabi/bin/]
  ignore line: [LIBRARY_PATH=/usr/lib/gcc/arm-none-eabi/10.3.1/:/usr/lib/gcc/arm-none-eabi/10.3.1/../../../arm-none-eabi/lib/]
  ignore line: [COLLECT_GCC_OPTIONS='-v' '-ggdb3' '-Os' '-fdata-sections' '-ffunction-sections' '-fno-common' '-fno-exceptions' '-Wall' '-Wextra' '-Wshadow' '-Wdouble-promotion' '-Wundef' '-Wconversion' '-o' 'CMakeFiles/cmTC_37b2d.dir/CMakeCCompilerABI.c.obj' '-c' '-mcpu=arm7tdmi' '-mfloat-abi=soft' '-marm' '-mlibarch=armv4t' '-march=armv4t']
  ignore line: [Linking C static library libcmTC_37b2d.a]
  ignore line: [/usr/bin/cmake -P CMakeFiles/cmTC_37b2d.dir/cmake_clean_target.cmake]
  ignore line: [/usr/bin/cmake -E cmake_link_script CMakeFiles/cmTC_37b2d.dir/link.txt --verbose=1]
  ignore line: [/usr/bin/arm-none-eabi-ar qc libcmTC_37b2d.a CMakeFiles/cmTC_37b2d.dir/CMakeCCompilerABI.c.obj]
  ignore line: [/usr/bin/arm-none-eabi-ranlib libcmTC_37b2d.a]
  ignore line: [gmake[1]: Leaving directory '/home/nikita/MACHINE/proj/build/CMakeFiles/CMakeTmp']
  ignore line: []
  ignore line: []
  implicit libs: []
  implicit objs: []
  implicit dirs: []
  implicit fwks: []


The target system is: Generic -  - ARM
The host system is: Linux - 6.8.0-101-generic - x86_64
Compiling the CXX compiler identification source file "CMakeCXXCompilerId.cpp" succeeded.
Compiler: /usr/bin/arm-none-eabi-g++ 
Build flags: 
Id flags: -c 

The output was:
0


Compilation of the CXX compiler identification source "CMakeCXXCompilerId.cpp" produced "CMakeCXXCompilerId.o"

The CXX compiler identification is GNU, found in "/home/nikita/MACHINE/proj/build/CMakeFiles/3.22.1/CompilerIdCXX/CMakeCXXCompilerId.o"

Compiling the C compiler identification source file "CMakeCCompilerId.c" succeeded.
Compiler: /usr/bin/arm-none-eabi-gcc 
Build flags: 
Id flags: -c 

The output was:
0


Compilation of the C compiler identification source "CMakeCCompilerId.c" produced "CMakeCCompilerId.o"

The C compiler identification is GNU, found in "/home/nikita/MACHINE/proj/build/CMakeFiles/3.22.1/CompilerIdC/CMakeCCompilerId.o"

Checking whether the ASM compiler is GNU using "--version" matched "(GNU assembler)|(GCC)|(Free Software Foundation)":
arm-none-eabi-gcc (15:10.3-2021.07-4) 10.3.1 20210621 (release)
Copyright (C) 2020 Free Software Foundation, Inc.
This is free software; see the source for copying conditions.  There is NO
warranty; not even for MERCHANTABILITY or FITNESS FOR A PARTICULAR PURPOSE.

Detecting CXX compiler ABI info compiled with the following output:
Change Dir: /home/nikita/MACHINE/proj/build/CMakeFiles/CMakeTmp

Run Build Command(s):/usr/bin/gmake -f Makefile cmTC_3362b/fast && /usr/bin/gmake  -f CMakeFiles/cmTC_3362b.dir/build.make CMakeFiles/cmTC_3362b.dir/build
gmake[1]: Entering directory '/home/nikita/MACHINE/proj/build/CMakeFiles/CMakeTmp'
Building CXX object CMakeFiles/cmTC_3362b.dir/CMakeCXXCompilerABI.cpp.obj
/usr/bin/arm-none-eabi-g++   -v -ggdb3 -Os -fdata-sections -ffunction-sections -fno-common -fno-exceptions -Wall -Wextra -Wshadow -Wdouble-promotion -Wundef -Wconversion -o CMakeFiles/cmTC_3362b.dir/CMakeCXXCompilerABI.cpp.obj -c /usr/share/cmake-3.22/Modules/CMakeCXXCompilerABI.cpp
Using built-in specs.
COLLECT_GCC=/usr/bin/arm-none-eabi-g++
Target: arm-none-eabi
Configured with: ../configure --build=x86_64-linux-gnu --prefix=/usr --includedir='/usr/lib/include' --mandir='/usr/lib/share/man' --infodir='/usr/lib/share/info' --sysconfdir=/etc --localstatedir=/var --disable-option-checking --disable-silent-rules --libdir='/usr/lib/lib/x86_64-linux-gnu' --libexecdir='/usr/lib/lib/x86_64-linux-gnu' --disable-maintainer-mode --disable-dependency-tracking --mandir=/usr/share/man --enable-languages=c,c++,lto --enable-multilib --disable-decimal-float --disable-libffi --disable-libgomp --disable-libmudflap --disable-libquadmath --disable-libssp --disable-libstdcxx-pch --disable-nls --disable-shared --disable-threads --enable-tls --build=x86_64-linux-gnu --target=arm-none-eabi --with-system-zlib --with-gnu-as --with-gnu-ld --with-pkgversion=15:10.3-2021.07-4 --without-included-gettext --prefix=/usr/lib --infodir=/usr/share/doc/gcc-arm-none-eabi/info --htmldir=/usr/share/doc/gcc-arm-none-eabi/html --pdfdir=/usr/share/doc/gcc-arm-none-eabi/pdf --bindir=/usr/bin --libexecdir=/usr/lib --libdir=/usr/lib --disable-libstdc++-v3 --host=x86_64-linux-gnu --with-headers=no --without-newlib --with-multilib-list=rmprofile,aprofile CFLAGS='-g -O2 -ffile-prefix-map=/build/gcc-arm-none-eabi-hYfgK4/gcc-arm-none-eabi-10.3-2021.07=. -flto=auto -ffat-lto-objects -fstack-protector-strong' CPPFLAGS='-Wdate-time -D_FORTIFY_SOURCE=2' CXXFLAGS='-g -O2 -ffile-prefix-map=/build/gcc-arm-none-eabi-hYfgK4/gcc-arm-none-eabi-10.3-2021.07=. -flto=auto -ffat-lto-objects -fstack-protector-strong' DFLAGS=-frelease FCFLAGS='-g -O2 -ffile-prefix-map=/build/gcc-arm-none-eabi-hYfgK4/gcc-arm-none-eabi-10.3-2021.07=. -flto=auto -ffat-lto-objects -fstack-protector-strong' FFLAGS='-g -O2 -ffile-prefix-map=/build/gcc-arm-none-eabi-hYfgK4/gcc-arm-none-eabi-10.3-2021.07=. -flto=auto -ffat-lto-objects -fstack-protector-strong' GCJFLAGS='-g -O2 -ffile-prefix-map=/build/gcc-arm-none-eabi-hYfgK4/gcc-arm-none-eabi-10.3-2021.07=. -fstack-protector-strong' LDFLAGS='-Wl,-Bsymbolic-functions -flto=auto -Wl,-z,relro' OBJCFLAGS='-g -O2 -ffile-prefix-map=/build/gcc-arm-none-eabi-hYfgK4/gcc-arm-none-eabi-10.3-2021.07=. -flto=auto -ffat-lto-objects -fstack-protector-strong' OBJCXXFLAGS='-g -O2 -ffile-prefix-map=/build/gcc-arm-none-eabi-hYfgK4/gcc-arm-none-eabi-10.3-2021.07=. -flto=auto -ffat-lto-objects -fstack-protector-strong' INHIBIT_LIBC_CFLAGS=-DUSE_TM_CLONE_REGISTRY=0 AR_FOR_TARGET=arm-none-eabi-ar AS_FOR_TARGET=arm-none-eabi-as LD_FOR_TARGET=arm-none-eabi-ld NM_FOR_TARGET=arm-none-eabi-nm OBJDUMP_FOR_TARGET=arm-none-eabi-objdump RANLIB_FOR_TARGET=arm-none-eabi-ranlib READELF_FOR_TARGET=arm-none-eabi-readelf STRIP_FOR_TARGET=arm-none-eabi-strip SED=/bin/sed SHELL=/bin/sh BASH=/bin/bash CONFIG_SHELL=/bin/bash
Thread model: single
Supported LTO compression algorithms: zlib
gcc version 10.3.1 20210621 (release) (15:10.3-2021.07-4) 
COLLECT_GCC_OPTIONS='-v' '-ggdb3' '-Os' '-fdata-sections' '-ffunction-sections' '-fno-common' '-fno-exceptions' '-Wall' '-Wextra' '-Wshadow' '-Wdouble-promotion' '-Wundef' '-Wconversion' '-o' 'CMakeFiles/cmTC_3362b.dir/CMakeCXXCompilerABI.cpp.obj' '-c' '-mcpu=arm7tdmi' '-mfloat-abi=soft' '-marm' '-mlibarch=armv4t' '-march=armv4t'
 /usr/lib/gcc/arm-none-eabi/10.3.1/cc1plus -quiet -v -dD -D__USES_INITFINI__ /usr/share/cmake-3.22/Modules/CMakeCXXCompilerABI.cpp -quiet -dumpbase CMakeCXXCompilerABI.cpp -mcpu=arm7tdmi -mfloat-abi=soft -marm -mlibarch=armv4t -march=armv4t -auxbase-strip CMakeFiles/cmTC_3362b.dir/CMakeCXXCompilerABI.cpp.obj -ggdb3 -Os -Wall -Wextra -Wshadow -Wdouble-promotion -Wundef -Wconversion -version -fdata-sections -ffunction-sections -fno-common -fno-exceptions -o /tmp/cchx3lex.s
GNU C++14 (15:10.3-2021.07-4) version 10.3.1 20210621 (release) (arm-none-eabi)
	compiled by GNU C version 11.2.0, GMP version 6.2.1, MPFR version 4.1.0, MPC version 1.2.1, isl version isl-0.24-GMP

GGC heuristics: --param ggc-min-expand=100 --param ggc-min-heapsize=131072
ignoring nonexistent directory "/usr/lib/gcc/arm-none-eabi/10.3.1/../../../arm-none-eabi/sys-include"
#include "..." search starts here:
#include <...> search starts here:
 /usr/lib/gcc/arm-none-eabi/10.3.1/../../../arm-none-eabi/include/c++/10.3.1
 /usr/lib/gcc/arm-none-eabi/10.3.1/../../../arm-none-eabi/include/c++/10.3.1/arm-none-eabi
 /usr/lib/gcc/arm-none-eabi/10.3.1/../../../arm-none-eabi/include/c++/10.3.1/backward
 /usr/lib/gcc/arm-none-eabi/10.3.1/include
 /usr/lib/gcc/arm-none-eabi/10.3.1/include-fixed
 /usr/lib/gcc/arm-none-eabi/10.3.1/../../../arm-none-eabi/include
End of search list.
GNU C++14 (15:10.3-2021.07-4) version 10.3.1 20210621 (release) (arm-none-eabi)
	compiled by GNU C version 11.2.0, GMP version 6.2.1, MPFR version 4.1.0, MPC version 1.2.1, isl version isl-0.24-GMP

GGC heuristics: --param ggc-min-expand=100 --param ggc-min-heapsize=131072
Compiler executable checksum: 4f994585a8ca8864fa1f4d2fb208a0ba
COLLECT_GCC_OPTIONS='-v' '-ggdb3' '-Os' '-fdata-sections' '-ffunction-sections' '-fno-common' '-fno-exceptions' '-Wall' '-Wextra' '-Wshadow' '-Wdouble-promotion' '-Wundef' '-Wconversion' '-o' 'CMakeFiles/cmTC_3362b.dir/CMakeCXXCompilerABI.cpp.obj' '-c' '-mcpu=arm7tdmi' '-mfloat-abi=soft' '-marm' '-mlibarch=armv4t' '-march=armv4t'
 /usr/lib/gcc/arm-none-eabi/10.3.1/../../../arm-none-eabi/bin/as -v -march=armv4t -mfloat-abi=soft -meabi=5 -o CMakeFiles/cmTC_3362b.dir/CMakeCXXCompilerABI.cpp.obj /tmp/cchx3lex.s
GNU assembler version 2.38 (arm-none-eabi) using BFD version (2.38-3ubuntu1+15build1) 2.38
COMPILER_PATH=/usr/lib/gcc/arm-none-eabi/10.3.1/:/usr/lib/gcc/arm-none-eabi/10.3.1/:/usr/lib/gcc/arm-none-eabi/:/usr/lib/gcc/arm-none-eabi/10.3.1/:/usr/lib/gcc/arm-none-eabi/:/usr/lib/gcc/arm-none-eabi/10.3.1/../../../arm-none-eabi/bin/
LIBRARY_PATH=/usr/lib/gcc/arm-none-eabi/10.3.1/:/usr/lib/gcc/arm-none-eabi/10.3.1/../../../arm-none-eabi/lib/
COLLECT_GCC_OPTIONS='-v' '-ggdb3' '-Os' '-fdata-sections' '-ffunction-sections' '-fno-common' '-fno-exceptions' '-Wall' '-Wextra' '-Wshadow' '-Wdouble-promotion' '-Wundef' '-Wconversion' '-o' 'CMakeFiles/cmTC_3362b.dir/CMakeCXXCompilerABI.cpp.obj' '-c' '-mcpu=arm7tdmi' '-mfloat-abi=soft' '-marm' '-mlibarch=armv4t' '-march=armv4t'
Linking CXX static library libcmTC_3362b.a
/usr/bin/cmake -P CMakeFiles/cmTC_3362b.dir/cmake_clean_target.cmake
/usr/bin/cmake -E cmake_link_script CMakeFiles/cmTC_3362b.dir/link.txt --verbose=1
/usr/bin/arm-none-eabi-ar qc libcmTC_3362b.a CMakeFiles/cmTC_3362b.dir/CMakeCXXCompilerABI.cpp.obj
/usr/bin/arm-none-eabi-ranlib libcmTC_3362b.a
gmake[1]: Leaving directory '/home/nikita/MACHINE/proj/build/CMakeFiles/CMakeTmp'



Parsed CXX implicit include dir info from above output: rv=done
  found start of include info
  found start of implicit include info
    add: [/usr/lib/gcc/arm-none-eabi/10.3.1/../../../arm-none-eabi/include/c++/10.3.1]
    add: [/usr/lib/gcc/arm-none-eabi/10.3.1/../../../arm-none-eabi/include/c++/10.3.1/arm-none-eabi]
    add: [/usr/lib/gcc/arm-none-eabi/10.3.1/../../../arm-none-eabi/include/c++/10.3.1/backward]
    add: [/usr/lib/gcc/arm-none-eabi/10.3.1/include]
    add: [/usr/lib/gcc/arm-none-eabi/10.3.1/include-fixed]
    add: [/usr/lib/gcc/arm-none-eabi/10.3.1/../../../arm-none-eabi/include]
  end of search list found
  collapse include dir [/usr/lib/gcc/arm-none-eabi/10.3.1/../../../arm-none-eabi/include/c++/10.3.1] ==> [/usr/lib/arm-none-eabi/include/c++/10.3.1]
  collapse include dir [/usr/lib/gcc/arm-none-eabi/10.3.1/../../../arm-none-eabi/include/c++/10.3.1/arm-none-eabi] ==> [/usr/lib/arm-none-eabi/include/c++/10.3.1/arm-none-eabi]
  collapse include dir [/usr/lib/gcc/arm-none-eabi/10.3.1/../../../arm-none-eabi/include/c++/10.3.1/backward] ==> [/usr/lib/arm-none-eabi/include/c++/10.3.1/backward]
  collapse include dir [/usr/lib/gcc/arm-none-eabi/10.3.1/include] ==> [/usr/lib/gcc/arm-none-eabi/10.3.1/include]
  collapse include dir [/usr/lib/gcc/arm-none-eabi/10.3.1/include-fixed] ==> [/usr/lib/gcc/arm-none-eabi/10.3.1/include-fixed]
  collapse include dir [/usr/lib/gcc/arm-none-eabi/10.3.1/../../../arm-none-eabi/include] ==> [/usr/lib/arm-none-eabi/include]
  implicit include dirs: [/usr/lib/arm-none-eabi/include/c++/10.3.1;/usr/lib/arm-none-eabi/include/c++/10.3.1/arm-none-eabi;/usr/lib/arm-none-eabi/include/c++/10.3.1/backward;/usr/lib/gcc/arm-none-eabi/10.3.1/include;/usr/lib/gcc/arm-none-eabi/10.3.1/include-fixed;/usr/lib/arm-none-eabi/include]


Parsed CXX implicit link information from above output:
  link line regex: [^( *|.*[/\])(arm-none-eabi-ld|CMAKE_LINK_STARTFILE-NOTFOUND|([^/\]+-)?ld|collect2)[^/\]*( |$)]
  ignore line: [Change Dir: /home/nikita/MACHINE/proj/build/CMakeFiles/CMakeTmp]
  ignore line: []
  ignore line: [Run Build Command(s):/usr/bin/gmake -f Makefile cmTC_3362b/fast && /usr/bin/gmake  -f CMakeFiles/cmTC_3362b.dir/build.make CMakeFiles/cmTC_3362b.dir/build]
  ignore line: [gmake[1]: Entering directory '/home/nikita/MACHINE/proj/build/CMakeFiles/CMakeTmp']
  ignore line: [Building CXX object CMakeFiles/cmTC_3362b.dir/CMakeCXXCompilerABI.cpp.obj]
  ignore line: [/usr/bin/arm-none-eabi-g++   -v -ggdb3 -Os -fdata-sections -ffunction-sections -fno-common -fno-exceptions -Wall -Wextra -Wshadow -Wdouble-promotion -Wundef -Wconversion -o CMakeFiles/cmTC_3362b.dir/CMakeCXXCompilerABI.cpp.obj -c /usr/share/cmake-3.22/Modules/CMakeCXXCompilerABI.cpp]
  ignore line: [Using built-in specs.]
  ignore line: [COLLECT_GCC=/usr/bin/arm-none-eabi-g++]
  ignore line: [Target: arm-none-eabi]
  ignore line: [Configured with: ../configure --build=x86_64-linux-gnu --prefix=/usr --includedir='/usr/lib/include' --mandir='/usr/lib/share/man' --infodir='/usr/lib/share/info' --sysconfdir=/etc --localstatedir=/var --disable-option-checking --disable-silent-rules --libdir='/usr/lib/lib/x86_64-linux-gnu' --libexecdir='/usr/lib/lib/x86_64-linux-gnu' --disable-maintainer-mode --disable-dependency-tracking --mandir=/usr/share/man --enable-languages=c,c++,lto --enable-multilib --disable-decimal-float --disable-libffi --disable-libgomp --disable-libmudflap --disable-libquadmath --disable-libssp --disable-libstdcxx-pch --disable-nls --disable-shared --disable-threads --enable-tls --build=x86_64-linux-gnu --target=arm-none-eabi --with-system-zlib --with-gnu-as --with-gnu-ld --with-pkgversion=15:10.3-2021.07-4 --without-included-gettext --prefix=/usr/lib --infodir=/usr/share/doc/gcc-arm-none-eabi/info --htmldir=/usr/share/doc/gcc-arm-none-eabi/html --pdfdir=/usr/share/doc/gcc-arm-none-eabi/pdf --bindir=/usr/bin --libexecdir=/usr/lib --libdir=/usr/lib --disable-libstdc++-v3 --host=x86_64-linux-gnu --with-headers=no --without-newlib --with-multilib-list=rmprofile,aprofile CFLAGS='-g -O2 -ffile-prefix-map=/build/gcc-arm-none-eabi-hYfgK4/gcc-arm-none-eabi-10.3-2021.07=. -flto=auto -ffat-lto-objects -fstack-protector-strong' CPPFLAGS='-Wdate-time -D_FORTIFY_SOURCE=2' CXXFLAGS='-g -O2 -ffile-prefix-map=/build/gcc-arm-none-eabi-hYfgK4/gcc-arm-none-eabi-10.3-2021.07=. -flto=auto -ffat-lto-objects -fstack-protector-strong' DFLAGS=-frelease FCFLAGS='-g -O2 -ffile-prefix-map=/build/gcc-arm-none-eabi-hYfgK4/gcc-arm-none-eabi-10.3-2021.07=. -flto=auto -ffat-lto-objects -fstack-protector-strong' FFLAGS='-g -O2 -ffile-prefix-map=/build/gcc-arm-none-eabi-hYfgK4/gcc-arm-none-eabi-10.3-2021.07=. -flto=auto -ffat-lto-objects -fstack-protector-strong' GCJFLAGS='-g -O2 -ffile-prefix-map=/build/gcc-arm-none-eabi-hYfgK4/gcc-arm-none-eabi-10.3-2021.07=. -fstack-protector-strong' LDFLAGS='-Wl,-Bsymbolic-functions -flto=auto -Wl,-z,relro' OBJCFLAGS='-g -O2 -ffile-prefix-map=/build/gcc-arm-none-eabi-hYfgK4/gcc-arm-none-eabi-10.3-2021.07=. -flto=auto -ffat-lto-objects -fstack-protector-strong' OBJCXXFLAGS='-g -O2 -ffile-prefix-map=/build/gcc-arm-none-eabi-hYfgK4/gcc-arm-none-eabi-10.3-2021.07=. -flto=auto -ffat-lto-objects -fstack-protector-strong' INHIBIT_LIBC_CFLAGS=-DUSE_TM_CLONE_REGISTRY=0 AR_FOR_TARGET=arm-none-eabi-ar AS_FOR_TARGET=arm-none-eabi-as LD_FOR_TARGET=arm-none-eabi-ld NM_FOR_TARGET=arm-none-eabi-nm OBJDUMP_FOR_TARGET=arm-none-eabi-objdump RANLIB_FOR_TARGET=arm-none-eabi-ranlib READELF_FOR_TARGET=arm-none-eabi-readelf STRIP_FOR_TARGET=arm-none-eabi-strip SED=/bin/sed SHELL=/bin/sh BASH=/bin/bash CONFIG_SHELL=/bin/bash]
  ignore line: [Thread model: single]
  ignore line: [Supported LTO compression algorithms: zlib]
  ignore line: [gcc version 10.3.1 20210621 (release) (15:10.3-2021.07-4) ]
  ignore line: [COLLECT_GCC_OPTIONS='-v' '-ggdb3' '-Os' '-fdata-sections' '-ffunction-sections' '-fno-common' '-fno-exceptions' '-Wall' '-Wextra' '-Wshadow' '-Wdouble-promotion' '-Wundef' '-Wconversion' '-o' 'CMakeFiles/cmTC_3362b.dir/CMakeCXXCompilerABI.cpp.obj' '-c' '-mcpu=arm7tdmi' '-mfloat-abi=soft' '-marm' '-mlibarch=armv4t' '-march=armv4t']
  ignore line: [ /usr/lib/gcc/arm-none-eabi/10.3.1/cc1plus -quiet -v -dD -D__USES_INITFINI__ /usr/share/cmake-3.22/Modules/CMakeCXXCompilerABI.cpp -quiet -dumpbase CMakeCXXCompilerABI.cpp -mcpu=arm7tdmi -mfloat-abi=soft -marm -mlibarch=armv4t -march=armv4t -auxbase-strip CMakeFiles/cmTC_3362b.dir/CMakeCXXCompilerABI.cpp.obj -ggdb3 -Os -Wall -Wextra -Wshadow -Wdouble-promotion -Wundef -Wconversion -version -fdata-sections -ffunction-sections -fno-common -fno-exceptions -o /tmp/cchx3lex.s]
  ignore line: [GNU C++14 (15:10.3-2021.07-4) version 10.3.1 20210621 (release) (arm-none-eabi)]
  ignore line: [	compiled by GNU C version 11.2.0  GMP version 6.2.1  MPFR version 4.1.0  MPC version 1.2.1  isl version isl-0.24-GMP]
  ignore line: []
  ignore line: [GGC heuristics: --param ggc-min-expand=100 --param ggc-min-heapsize=131072]
  ignore line: [ignoring nonexistent directory "/usr/lib/gcc/arm-none-eabi/10.3.1/../../../arm-none-eabi/sys-include"]
  ignore line: [#include "..." search starts here:]
  ignore line: [#include <...> search starts here:]
  ignore line: [ /usr/lib/gcc/arm-none-eabi/10.3.1/../../../arm-none-eabi/include/c++/10.3.1]
  ignore line: [ /usr/lib/gcc/arm-none-eabi/10.3.1/../../../arm-none-eabi/include/c++/10.3.1/arm-none-eabi]
  ignore line: [ /usr/lib/gcc/arm-none-eabi/10.3.1/../../../arm-none-eabi/include/c++/10.3.1/backward]
  ignore line: [ /usr/lib/gcc/arm-none-eabi/10.3.1/include]
  ignore line: [ /usr/lib/gcc/arm-none-eabi/10.3.1/include-fixed]
  ignore line: [ /usr/lib/gcc/arm-none-eabi/10.3.1/../../../arm-none-eabi/include]
  ignore line: [End of search list.]
  ignore line: [GNU C++14 (15:10.3-2021.07-4) version 10.3.1 20210621 (release) (arm-none-eabi)]
  ignore line: [	compiled by GNU C version 11.2.0  GMP version 6.2.1  MPFR version 4.1.0  MPC version 1.2.1  isl version isl-0.24-GMP]
  ignore line: []
  ignore line: [GGC heuristics: --param ggc-min-expand=100 --param ggc-min-heapsize=131072]
  ignore line: [Compiler executable checksum: 4f994585a8ca8864fa1f4d2fb208a0ba]
  ignore line: [COLLECT_GCC_OPTIONS='-v' '-ggdb3' '-Os' '-fdata-sections' '-ffunction-sections' '-fno-common' '-fno-exceptions' '-Wall' '-Wextra' '-Wshadow' '-Wdouble-promotion' '-Wundef' '-Wconversion' '-o' 'CMakeFiles/cmTC_3362b.dir/CMakeCXXCompilerABI.cpp.obj' '-c' '-mcpu=arm7tdmi' '-mfloat-abi=soft' '-marm' '-mlibarch=armv4t' '-march=armv4t']
  ignore line: [ /usr/lib/gcc/arm-none-eabi/10.3.1/../../../arm-none-eabi/bin/as -v -march=armv4t -mfloat-abi=soft -meabi=5 -o CMakeFiles/cmTC_3362b.dir/CMakeCXXCompilerABI.cpp.obj /tmp/cchx3lex.s]
  ignore line: [GNU assembler version 2.38 (arm-none-eabi) using BFD version (2.38-3ubuntu1+15build1) 2.38]
  ignore line: [COMPILER_PATH=/usr/lib/gcc/arm-none-eabi/10.3.1/:/usr/lib/gcc/arm-none-eabi/10.3.1/:/usr/lib/gcc/arm-none-eabi/:/usr/lib/gcc/arm-none-eabi/10.3.1/:/usr/lib/gcc/arm-none-eabi/:/usr/lib/gcc/arm-none-eabi/10.3.1/../../../arm-none-eabi/bin/]
  ignore line: [LIBRARY_PATH=/usr/lib/gcc/arm-none-eabi/10.3.1/:/usr/lib/gcc/arm-none-eabi/10.3.1/../../../arm-none-eabi/lib/]
  ignore line: [COLLECT_GCC_OPTIONS='-v' '-ggdb3' '-Os' '-fdata-sections' '-ffunction-sections' '-fno-common' '-fno-exceptions' '-Wall' '-Wextra' '-Wshadow' '-Wdouble-promotion' '-Wundef' '-Wconversion' '-o' 'CMakeFiles/cmTC_3362b.dir/CMakeCXXCompilerABI.cpp.obj' '-c' '-mcpu=arm7tdmi' '-mfloat-abi=soft' '-marm' '-mlibarch=armv4t' '-march=armv4t']
  ignore line: [Linking CXX static library libcmTC_3362b.a]
  ignore line: [/usr/bin/cmake -P CMakeFiles/cmTC_3362b.dir/cmake_clean_target.cmake]
  ignore line: [/usr/bin/cmake -E cmake_link_script CMakeFiles/cmTC_3362b.dir/link.txt --verbose=1]
  ignore line: [/usr/bin/arm-none-eabi-ar qc libcmTC_3362b.a CMakeFiles/cmTC_3362b.dir/CMakeCXXCompilerABI.cpp.obj]
  ignore line: [/usr/bin/arm-none-eabi-ranlib libcmTC_3362b.a]
  ignore line: [gmake[1]: Leaving directory '/home/nikita/MACHINE/proj/build/CMakeFiles/CMakeTmp']
  ignore line: []
  ignore line: []
  implicit libs: []
  implicit objs: []
  implicit dirs: []
  implicit fwks: []


Detecting C compiler ABI info compiled with the following output:
Change Dir: /home/nikita/MACHINE/proj/build/CMakeFiles/CMakeTmp

Run Build Command(s):/usr/bin/gmake -f Makefile cmTC_7282a/fast && /usr/bin/gmake  -f CMakeFiles/cmTC_7282a.dir/build.make CMakeFiles/cmTC_7282a.dir/build
gmake[1]: Entering directory '/home/nikita/MACHINE/proj/build/CMakeFiles/CMakeTmp'
Building C object CMakeFiles/cmTC_7282a.dir/CMakeCCompilerABI.c.obj
/usr/bin/arm-none-eabi-gcc   -v -ggdb3 -Os -fdata-sections -ffunction-sections -fno-common -fno-exceptions -Wall -Wextra -Wshadow -Wdouble-promotion -Wundef -Wconversion -o CMakeFiles/cmTC_7282a.dir/CMakeCCompilerABI.c.obj -c /usr/share/cmake-3.22/Modules/CMakeCCompilerABI.c
Using built-in specs.
COLLECT_GCC=/usr/bin/arm-none-eabi-gcc
Target: arm-none-eabi
Configured with: ../configure --build=x86_64-linux-gnu --prefix=/usr --includedir='/usr/lib/include' --mandir='/usr/lib/share/man' --infodir='/usr/lib/share/info' --sysconfdir=/etc --localstatedir=/var --disable-option-checking --disable-silent-rules --libdir='/usr/lib/lib/x86_64-linux-gnu' --libexecdir='/usr/lib/lib/x86_64-linux-gnu' --disable-maintainer-mode --disable-dependency-tracking --mandir=/usr/share/man --enable-languages=c,c++,lto --enable-multilib --disable-decimal-float --disable-libffi --disable-libgomp --disable-libmudflap --disable-libquadmath --disable-libssp --disable-libstdcxx-pch --disable-nls --disable-shared --disable-threads --enable-tls --build=x86_64-linux-gnu --target=arm-none-eabi --with-system-zlib --with-gnu-as --with-gnu-ld --with-pkgversion=15:10.3-2021.07-4 --without-included-gettext --prefix=/usr/lib --infodir=/usr/share/doc/gcc-arm-none-eabi/info --htmldir=/usr/share/doc/gcc-arm-none-eabi/html --pdfdir=/usr/share/doc/gcc-arm-none-eabi/pdf --bindir=/usr/bin --libexecdir=/usr/lib --libdir=/usr/lib --disable-libstdc++-v3 --host=x86_64-linux-gnu --with-headers=no --without-newlib --with-multilib-list=rmprofile,aprofile CFLAGS='-g -O2 -ffile-prefix-map=/build/gcc-arm-none-eabi-hYfgK4/gcc-arm-none-eabi-10.3-2021.07=. -flto=auto -ffat-lto-objects -fstack-protector-strong' CPPFLAGS='-Wdate-time -D_FORTIFY_SOURCE=2' CXXFLAGS='-g -O2 -ffile-prefix-map=/build/gcc-arm-none-eabi-hYfgK4/gcc-arm-none-eabi-10.3-2021.07=. -flto=auto -ffat-lto-objects -fstack-protector-strong' DFLAGS=-frelease FCFLAGS='-g -O2 -ffile-prefix-map=/build/gcc-arm-none-eabi-hYfgK4/gcc-arm-none-eabi-10.3-2021.07=. -flto=auto -ffat-lto-objects -fstack-protector-strong' FFLAGS='-g -O2 -ffile-prefix-map=/build/gcc-arm-none-eabi-hYfgK4/gcc-arm-none-eabi-10.3-2021.07=. -flto=auto -ffat-lto-objects -fstack-protector-strong' GCJFLAGS='-g -O2 -ffile-prefix-map=/build/gcc-arm-none-eabi-hYfgK4/gcc-arm-none-eabi-10.3-2021.07=. -fstack-protector-strong' LDFLAGS='-Wl,-Bsymbolic-functions -flto=auto -Wl,-z,relro' OBJCFLAGS='-g -O2 -ffile-prefix-map=/build/gcc-arm-none-eabi-hYfgK4/gcc-arm-none-eabi-10.3-2021.07=. -flto=auto -ffat-lto-objects -fstack-protector-strong' OBJCXXFLAGS='-g -O2 -ffile-prefix-map=/build/gcc-arm-none-eabi-hYfgK4/gcc-arm-none-eabi-10.3-2021.07=. -flto=auto -ffat-lto-objects -fstack-protector-strong' INHIBIT_LIBC_CFLAGS=-DUSE_TM_CLONE_REGISTRY=0 AR_FOR_TARGET=arm-none-eabi-ar AS_FOR_TARGET=arm-none-eabi-as LD_FOR_TARGET=arm-none-eabi-ld NM_FOR_TARGET=arm-none-eabi-nm OBJDUMP_FOR_TARGET=arm-none-eabi-objdump RANLIB_FOR_TARGET=arm-none-eabi-ranlib READELF_FOR_TARGET=arm-none-eabi-readelf STRIP_FOR_TARGET=arm-none-eabi-strip SED=/bin/sed SHELL=/bin/sh BASH=/bin/bash CONFIG_SHELL=/bin/bash
Thread model: single
Supported LTO compression algorithms: zlib
gcc version 10.3.1 20210621 (release) (15:10.3-2021.07-4) 
COLLECT_GCC_OPTIONS='-v' '-ggdb3' '-Os' '-fdata-sections' '-ffunction-sections' '-fno-common' '-fno-exceptions' '-Wall' '-Wextra' '-Wshadow' '-Wdouble-promotion' '-Wundef' '-Wconversion' '-o' 'CMakeFiles/cmTC_7282a.dir/CMakeCCompilerABI.c.obj' '-c' '-mcpu=arm7tdmi' '-mfloat-abi=soft' '-marm' '-mlibarch=armv4t' '-march=armv4t'
 /usr/lib/gcc/arm-none-eabi/10.3.1/cc1 -quiet -v -dD -D__USES_INITFINI__ /usr/share/cmake-3.22/Modules/CMakeCCompilerABI.c -quiet -dumpbase CMakeCCompilerABI.c -mcpu=arm7tdmi -mfloat-abi=soft -marm -mlibarch=armv4t -march=armv4t -auxbase-strip CMakeFiles/cmTC_7282a.dir/CMakeCCompilerABI.c.obj -ggdb3 -Os -Wall -Wextra -Wshadow -Wdouble-promotion -Wundef -Wconversion -version -fdata-sections -ffunction-sections -fno-common -fno-exceptions -o /tmp/ccpQXMcK.s
GNU C17 (15:10.3-2021.07-4) version 10.3.1 20210621 (release) (arm-none-eabi)
	compiled by GNU C version 11.2.0, GMP version 6.2.1, MPFR version 4.1.0, MPC version 1.2.1, isl version isl-0.24-GMP

GGC heuristics: --param ggc-min-expand=100 --param ggc-min-heapsize=131072
ignoring nonexistent directory "/usr/lib/gcc/arm-none-eabi/10.3.1/../../../arm-none-eabi/sys-include"
#include "..." search starts here:
#include <...> search starts here:
 /usr/lib/gcc/arm-none-eabi/10.3.1/include
 /usr/lib/gcc/arm-none-eabi/10.3.1/include-fixed
 /usr/lib/gcc/arm-none-eabi/10.3.1/../../../arm-none-eabi/include
End of search list.
GNU C17 (15:10.3-2021.07-4) version 10.3.1 20210621 (release) (arm-none-eabi)
	compiled by GNU C version 11.2.0, GMP version 6.2.1, MPFR version 4.1.0, MPC version 1.2.1, isl version isl-0.24-GMP

GGC heuristics: --param ggc-min-expand=100 --param ggc-min-heapsize=131072
Compiler executable checksum: 4cf7574ae54eb0935abb4a8c56f8bcfe
COLLECT_GCC_OPTIONS='-v' '-ggdb3' '-Os' '-fdata-sections' '-ffunction-sections' '-fno-common' '-fno-exceptions' '-Wall' '-Wextra' '-Wshadow' '-Wdouble-promotion' '-Wundef' '-Wconversion' '-o' 'CMakeFiles/cmTC_7282a.dir/CMakeCCompilerABI.c.obj' '-c' '-mcpu=arm7tdmi' '-mfloat-abi=soft' '-marm' '-mlibarch=armv4t' '-march=armv4t'
 /usr/lib/gcc/arm-none-eabi/10.3.1/../../../arm-none-eabi/bin/as -v -march=armv4t -mfloat-abi=soft -meabi=5 -o CMakeFiles/cmTC_7282a.dir/CMakeCCompilerABI.c.obj /tmp/ccpQXMcK.s
GNU assembler version 2.38 (arm-none-eabi) using BFD version (2.38-3ubuntu1+15build1) 2.38
COMPILER_PATH=/usr/lib/gcc/arm-none-eabi/10.3.1/:/usr/lib/gcc/arm-none-eabi/10.3.1/:/usr/lib/gcc/arm-none-eabi/:/usr/lib/gcc/arm-none-eabi/10.3.1/:/usr/lib/gcc/arm-none-eabi/:/usr/lib/gcc/arm-none-eabi/10.3.1/../../../arm-none-eabi/bin/
LIBRARY_PATH=/usr/lib/gcc/arm-none-eabi/10.3.1/:/usr/lib/gcc/arm-none-eabi/10.3.1/../../../arm-none-eabi/lib/
COLLECT_GCC_OPTIONS='-v' '-ggdb3' '-Os' '-fdata-sections' '-ffunction-sections' '-fno-common' '-fno-exceptions' '-Wall' '-Wextra' '-Wshadow' '-Wdouble-promotion' '-Wundef' '-Wconversion' '-o' 'CMakeFiles/cmTC_7282a.dir/CMakeCCompilerABI.c.obj' '-c' '-mcpu=arm7tdmi' '-mfloat-abi=soft' '-marm' '-mlibarch=armv4t' '-march=armv4t'
Linking C static library libcmTC_7282a.a
/usr/bin/cmake -P CMakeFiles/cmTC_7282a.dir/cmake_clean_target.cmake
/usr/bin/cmake -E cmake_link_script CMakeFiles/cmTC_7282a.dir/link.txt --verbose=1
/usr/bin/arm-none-eabi-ar qc libcmTC_7282a.a CMakeFiles/cmTC_7282a.dir/CMakeCCompilerABI.c.obj
/usr/bin/arm-none-eabi-ranlib libcmTC_7282a.a
gmake[1]: Leaving directory '/home/nikita/MACHINE/proj/build/CMakeFiles/CMakeTmp'



Parsed C implicit include dir info from above output: rv=done
  found start of include info
  found start of implicit include info
    add: [/usr/lib/gcc/arm-none-eabi/10.3.1/include]
    add: [/usr/lib/gcc/arm-none-eabi/10.3.1/include-fixed]
    add: [/usr/lib/gcc/arm-none-eabi/10.3.1/../../../arm-none-eabi/include]
  end of search list found
  collapse include dir [/usr/lib/gcc/arm-none-eabi/10.3.1/include] ==> [/usr/lib/gcc/arm-none-eabi/10.3.1/include]
  collapse include dir [/usr/lib/gcc/arm-none-eabi/10.3.1/include-fixed] ==> [/usr/lib/gcc/arm-none-eabi/10.3.1/include-fixed]
  collapse include dir [/usr/lib/gcc/arm-none-eabi/10.3.1/../../../arm-none-eabi/include] ==> [/usr/lib/arm-none-eabi/include]
  implicit include dirs: [/usr/lib/gcc/arm-none-eabi/10.3.1/include;/usr/lib/gcc/arm-none-eabi/10.3.1/include-fixed;/usr/lib/arm-none-eabi/include]


Parsed C implicit link information from above output:
  link line regex: [^( *|.*[/\])(arm-none-eabi-ld|CMAKE_LINK_STARTFILE-NOTFOUND|([^/\]+-)?ld|collect2)[^/\]*( |$)]
  ignore line: [Change Dir: /home/nikita/MACHINE/proj/build/CMakeFiles/CMakeTmp]
  ignore line: []
  ignore line: [Run Build Command(s):/usr/bin/gmake -f Makefile cmTC_7282a/fast && /usr/bin/gmake  -f CMakeFiles/cmTC_7282a.dir/build.make CMakeFiles/cmTC_7282a.dir/build]
  ignore line: [gmake[1]: Entering directory '/home/nikita/MACHINE/proj/build/CMakeFiles/CMakeTmp']
  ignore line: [Building C object CMakeFiles/cmTC_7282a.dir/CMakeCCompilerABI.c.obj]
  ignore line: [/usr/bin/arm-none-eabi-gcc   -v -ggdb3 -Os -fdata-sections -ffunction-sections -fno-common -fno-exceptions -Wall -Wextra -Wshadow -Wdouble-promotion -Wundef -Wconversion -o CMakeFiles/cmTC_7282a.dir/CMakeCCompilerABI.c.obj -c /usr/share/cmake-3.22/Modules/CMakeCCompilerABI.c]
  ignore line: [Using built-in specs.]
  ignore line: [COLLECT_GCC=/usr/bin/arm-none-eabi-gcc]
  ignore line: [Target: arm-none-eabi]
  ignore line: [Configured with: ../configure --build=x86_64-linux-gnu --prefix=/usr --includedir='/usr/lib/include' --mandir='/usr/lib/share/man' --infodir='/usr/lib/share/info' --sysconfdir=/etc --localstatedir=/var --disable-option-checking --disable-silent-rules --libdir='/usr/lib/lib/x86_64-linux-gnu' --libexecdir='/usr/lib/lib/x86_64-linux-gnu' --disable-maintainer-mode --disable-dependency-tracking --mandir=/usr/share/man --enable-languages=c,c++,lto --enable-multilib --disable-decimal-float --disable-libffi --disable-libgomp --disable-libmudflap --disable-libquadmath --disable-libssp --disable-libstdcxx-pch --disable-nls --disable-shared --disable-threads --enable-tls --build=x86_64-linux-gnu --target=arm-none-eabi --with-system-zlib --with-gnu-as --with-gnu-ld --with-pkgversion=15:10.3-2021.07-4 --without-included-gettext --prefix=/usr/lib --infodir=/usr/share/doc/gcc-arm-none-eabi/info --htmldir=/usr/share/doc/gcc-arm-none-eabi/html --pdfdir=/usr/share/doc/gcc-arm-none-eabi/pdf --bindir=/usr/bin --libexecdir=/usr/lib --libdir=/usr/lib --disable-libstdc++-v3 --host=x86_64-linux-gnu --with-headers=no --without-newlib --with-multilib-list=rmprofile,aprofile CFLAGS='-g -O2 -ffile-prefix-map=/build/gcc-arm-none-eabi-hYfgK4/gcc-arm-none-eabi-10.3-2021.07=. -flto=auto -ffat-lto-objects -fstack-protector-strong' CPPFLAGS='-Wdate-time -D_FORTIFY_SOURCE=2' CXXFLAGS='-g -O2 -ffile-prefix-map=/build/gcc-arm-none-eabi-hYfgK4/gcc-arm-none-eabi-10.3-2021.07=. -flto=auto -ffat-lto-objects -fstack-protector-strong' DFLAGS=-frelease FCFLAGS='-g -O2 -ffile-prefix-map=/build/gcc-arm-none-eabi-hYfgK4/gcc-arm-none-eabi-10.3-2021.07=. -flto=auto -ffat-lto-objects -fstack-protector-strong' FFLAGS='-g -O2 -ffile-prefix-map=/build/gcc-arm-none-eabi-hYfgK4/gcc-arm-none-eabi-10.3-2021.07=. -flto=auto -ffat-lto-objects -fstack-protector-strong' GCJFLAGS='-g -O2 -ffile-prefix-map=/build/gcc-arm-none-eabi-hYfgK4/gcc-arm-none-eabi-10.3-2021.07=. -fstack-protector-strong' LDFLAGS='-Wl,-Bsymbolic-functions -flto=auto -Wl,-z,relro' OBJCFLAGS='-g -O2 -ffile-prefix-map=/build/gcc-arm-none-eabi-hYfgK4/gcc-arm-none-eabi-10.3-2021.07=. -flto=auto -ffat-lto-objects -fstack-protector-strong' OBJCXXFLAGS='-g -O2 -ffile-prefix-map=/build/gcc-arm-none-eabi-hYfgK4/gcc-arm-none-eabi-10.3-2021.07=. -flto=auto -ffat-lto-objects -fstack-protector-strong' INHIBIT_LIBC_CFLAGS=-DUSE_TM_CLONE_REGISTRY=0 AR_FOR_TARGET=arm-none-eabi-ar AS_FOR_TARGET=arm-none-eabi-as LD_FOR_TARGET=arm-none-eabi-ld NM_FOR_TARGET=arm-none-eabi-nm OBJDUMP_FOR_TARGET=arm-none-eabi-objdump RANLIB_FOR_TARGET=arm-none-eabi-ranlib READELF_FOR_TARGET=arm-none-eabi-readelf STRIP_FOR_TARGET=arm-none-eabi-strip SED=/bin/sed SHELL=/bin/sh BASH=/bin/bash CONFIG_SHELL=/bin/bash]
  ignore line: [Thread model: single]
  ignore line: [Supported LTO compression algorithms: zlib]
  ignore line: [gcc version 10.3.1 20210621 (release) (15:10.3-2021.07-4) ]
  ignore line: [COLLECT_GCC_OPTIONS='-v' '-ggdb3' '-Os' '-fdata-sections' '-ffunction-sections' '-fno-common' '-fno-exceptions' '-Wall' '-Wextra' '-Wshadow' '-Wdouble-promotion' '-Wundef' '-Wconversion' '-o' 'CMakeFiles/cmTC_7282a.dir/CMakeCCompilerABI.c.obj' '-c' '-mcpu=arm7tdmi' '-mfloat-abi=soft' '-marm' '-mlibarch=armv4t' '-march=armv4t']
  ignore line: [ /usr/lib/gcc/arm-none-eabi/10.3.1/cc1 -quiet -v -dD -D__USES_INITFINI__ /usr/share/cmake-3.22/Modules/CMakeCCompilerABI.c -quiet -dumpbase CMakeCCompilerABI.c -mcpu=arm7tdmi -mfloat-abi=soft -marm -mlibarch=armv4t -march=armv4t -auxbase-strip CMakeFiles/cmTC_7282a.dir/CMakeCCompilerABI.c.obj -ggdb3 -Os -Wall -Wextra -Wshadow -Wdouble-promotion -Wundef -Wconversion -version -fdata-sections -ffunction-sections -fno-common -fno-exceptions -o /tmp/ccpQXMcK.s]
  ignore line: [GNU C17 (15:10.3-2021.07-4) version 10.3.1 20210621 (release) (arm-none-eabi)]
  ignore line: [	compiled by GNU C version 11.2.0  GMP version 6.2.1  MPFR version 4.1.0  MPC version 1.2.1  isl version isl-0.24-GMP]
  ignore line: []
  ignore line: [GGC heuristics: --param ggc-min-expand=100 --param ggc-min-heapsize=131072]
  ignore line: [ignoring nonexistent directory "/usr/lib/gcc/arm-none-eabi/10.3.1/../../../arm-none-eabi/sys-include"]
  ignore line: [#include "..." search starts here:]
  ignore line: [#include <...> search starts here:]
  ignore line: [ /usr/lib/gcc/arm-none-eabi/10.3.1/include]
  ignore line: [ /usr/lib/gcc/arm-none-eabi/10.3.1/include-fixed]
  ignore line: [ /usr/lib/gcc/arm-none-eabi/10.3.1/../../../arm-none-eabi/include]
  ignore line: [End of search list.]
  ignore line: [GNU C17 (15:10.3-2021.07-4) version 10.3.1 20210621 (release) (arm-none-eabi)]
  ignore line: [	compiled by GNU C version 11.2.0  GMP version 6.2.1  MPFR version 4.1.0  MPC version 1.2.1  isl version isl-0.24-GMP]
  ignore line: []
  ignore line: [GGC heuristics: --param ggc-min-expand=100 --param ggc-min-heapsize=131072]
  ignore line: [Compiler executable checksum: 4cf7574ae54eb0935abb4a8c56f8bcfe]
  ignore line: [COLLECT_GCC_OPTIONS='-v' '-ggdb3' '-Os' '-fdata-sections' '-ffunction-sections' '-fno-common' '-fno-exceptions' '-Wall' '-Wextra' '-Wshadow' '-Wdouble-promotion' '-Wundef' '-Wconversion' '-o' 'CMakeFiles/cmTC_7282a.dir/CMakeCCompilerABI.c.obj' '-c' '-mcpu=arm7tdmi' '-mfloat-abi=soft' '-marm' '-mlibarch=armv4t' '-march=armv4t']
  ignore line: [ /usr/lib/gcc/arm-none-eabi/10.3.1/../../../arm-none-eabi/bin/as -v -march=armv4t -mfloat-abi=soft -meabi=5 -o CMakeFiles/cmTC_7282a.dir/CMakeCCompilerABI.c.obj /tmp/ccpQXMcK.s]
  ignore line: [GNU assembler version 2.38 (arm-none-eabi) using BFD version (2.38-3ubuntu1+15build1) 2.38]
  ignore line: [COMPILER_PATH=/usr/lib/gcc/arm-none-eabi/10.3.1/:/usr/lib/gcc/arm-none-eabi/10.3.1/:/usr/lib/gcc/arm-none-eabi/:/usr/lib/gcc/arm-none-eabi/10.3.1/:/usr/lib/gcc/arm-none-eabi/:/usr/lib/gcc/arm-none-eabi/10.3.1/../../../arm-none-eabi/bin/]
  ignore line: [LIBRARY_PATH=/usr/lib/gcc/arm-none-eabi/10.3.1/:/usr/lib/gcc/arm-none-eabi/10.3.1/../../../arm-none-eabi/lib/]
  ignore line: [COLLECT_GCC_OPTIONS='-v' '-ggdb3' '-Os' '-fdata-sections' '-ffunction-sections' '-fno-common' '-fno-exceptions' '-Wall' '-Wextra' '-Wshadow' '-Wdouble-promotion' '-Wundef' '-Wconversion' '-o' 'CMakeFiles/cmTC_7282a.dir/CMakeCCompilerABI.c.obj' '-c' '-mcpu=arm7tdmi' '-mfloat-abi=soft' '-marm' '-mlibarch=armv4t' '-march=armv4t']
  ignore line: [Linking C static library libcmTC_7282a.a]
  ignore line: [/usr/bin/cmake -P CMakeFiles/cmTC_7282a.dir/cmake_clean_target.cmake]
  ignore line: [/usr/bin/cmake -E cmake_link_script CMakeFiles/cmTC_7282a.dir/link.txt --verbose=1]
  ignore line: [/usr/bin/arm-none-eabi-ar qc libcmTC_7282a.a CMakeFiles/cmTC_7282a.dir/CMakeCCompilerABI.c.obj]
  ignore line: [/usr/bin/arm-none-eabi-ranlib libcmTC_7282a.a]
  ignore line: [gmake[1]: Leaving directory '/home/nikita/MACHINE/proj/build/CMakeFiles/CMakeTmp']
  ignore line: []
  ignore line: []
  implicit libs: []
  implicit objs: []
  implicit dirs: []
  implicit fwks: []


The target system is: Generic -  - ARM
The host system is: Linux - 6.8.0-101-generic - x86_64
Compiling the CXX compiler identification source file "CMakeCXXCompilerId.cpp" succeeded.
Compiler: /usr/bin/arm-none-eabi-g++ 
Build flags: 
Id flags: -c 

The output was:
0


Compilation of the CXX compiler identification source "CMakeCXXCompilerId.cpp" produced "CMakeCXXCompilerId.o"

The CXX compiler identification is GNU, found in "/home/nikita/MACHINE/proj/build/CMakeFiles/3.22.1/CompilerIdCXX/CMakeCXXCompilerId.o"

Compiling the C compiler identification source file "CMakeCCompilerId.c" succeeded.
Compiler: /usr/bin/arm-none-eabi-gcc 
Build flags: 
Id flags: -c 

The output was:
0


Compilation of the C compiler identification source "CMakeCCompilerId.c" produced "CMakeCCompilerId.o"

The C compiler identification is GNU, found in "/home/nikita/MACHINE/proj/build/CMakeFiles/3.22.1/CompilerIdC/CMakeCCompilerId.o"

Checking whether the ASM compiler is GNU using "--version" matched "(GNU assembler)|(GCC)|(Free Software Foundation)":
arm-none-eabi-gcc (15:10.3-2021.07-4) 10.3.1 20210621 (release)
Copyright (C) 2020 Free Software Foundation, Inc.
This is free software; see the source for copying conditions.  There is NO
warranty; not even for MERCHANTABILITY or FITNESS FOR A PARTICULAR PURPOSE.

Detecting CXX compiler ABI info compiled with the following output:
Change Dir: /home/nikita/MACHINE/proj/build/CMakeFiles/CMakeTmp

Run Build Command(s):/usr/bin/gmake -f Makefile cmTC_c218b/fast && /usr/bin/gmake  -f CMakeFiles/cmTC_c218b.dir/build.make CMakeFiles/cmTC_c218b.dir/build
gmake[1]: Entering directory '/home/nikita/MACHINE/proj/build/CMakeFiles/CMakeTmp'
Building CXX object CMakeFiles/cmTC_c218b.dir/CMakeCXXCompilerABI.cpp.obj
/usr/bin/arm-none-eabi-g++   -v -ggdb3 -Os -fdata-sections -ffunction-sections -fno-common -fno-exceptions -Wall -Wextra -Wshadow -Wdouble-promotion -Wundef -Wconversion -o CMakeFiles/cmTC_c218b.dir/CMakeCXXCompilerABI.cpp.obj -c /usr/share/cmake-3.22/Modules/CMakeCXXCompilerABI.cpp
Using built-in specs.
COLLECT_GCC=/usr/bin/arm-none-eabi-g++
Target: arm-none-eabi
Configured with: ../configure --build=x86_64-linux-gnu --prefix=/usr --includedir='/usr/lib/include' --mandir='/usr/lib/share/man' --infodir='/usr/lib/share/info' --sysconfdir=/etc --localstatedir=/var --disable-option-checking --disable-silent-rules --libdir='/usr/lib/lib/x86_64-linux-gnu' --libexecdir='/usr/lib/lib/x86_64-linux-gnu' --disable-maintainer-mode --disable-dependency-tracking --mandir=/usr/share/man --enable-languages=c,c++,lto --enable-multilib --disable-decimal-float --disable-libffi --disable-libgomp --disable-libmudflap --disable-libquadmath --disable-libssp --disable-libstdcxx-pch --disable-nls --disable-shared --disable-threads --enable-tls --build=x86_64-linux-gnu --target=arm-none-eabi --with-system-zlib --with-gnu-as --with-gnu-ld --with-pkgversion=15:10.3-2021.07-4 --without-included-gettext --prefix=/usr/lib --infodir=/usr/share/doc/gcc-arm-none-eabi/info --htmldir=/usr/share/doc/gcc-arm-none-eabi/html --pdfdir=/usr/share/doc/gcc-arm-none-eabi/pdf --bindir=/usr/bin --libexecdir=/usr/lib --libdir=/usr/lib --disable-libstdc++-v3 --host=x86_64-linux-gnu --with-headers=no --without-newlib --with-multilib-list=rmprofile,aprofile CFLAGS='-g -O2 -ffile-prefix-map=/build/gcc-arm-none-eabi-hYfgK4/gcc-arm-none-eabi-10.3-2021.07=. -flto=auto -ffat-lto-objects -fstack-protector-strong' CPPFLAGS='-Wdate-time -D_FORTIFY_SOURCE=2' CXXFLAGS='-g -O2 -ffile-prefix-map=/build/gcc-arm-none-eabi-hYfgK4/gcc-arm-none-eabi-10.3-2021.07=. -flto=auto -ffat-lto-objects -fstack-protector-strong' DFLAGS=-frelease FCFLAGS='-g -O2 -ffile-prefix-map=/build/gcc-arm-none-eabi-hYfgK4/gcc-arm-none-eabi-10.3-2021.07=. -flto=auto -ffat-lto-objects -fstack-protector-strong' FFLAGS='-g -O2 -ffile-prefix-map=/build/gcc-arm-none-eabi-hYfgK4/gcc-arm-none-eabi-10.3-2021.07=. -flto=auto -ffat-lto-objects -fstack-protector-strong' GCJFLAGS='-g -O2 -ffile-prefix-map=/build/gcc-arm-none-eabi-hYfgK4/gcc-arm-none-eabi-10.3-2021.07=. -fstack-protector-strong' LDFLAGS='-Wl,-Bsymbolic-functions -flto=auto -Wl,-z,relro' OBJCFLAGS='-g -O2 -ffile-prefix-map=/build/gcc-arm-none-eabi-hYfgK4/gcc-arm-none-eabi-10.3-2021.07=. -flto=auto -ffat-lto-objects -fstack-protector-strong' OBJCXXFLAGS='-g -O2 -ffile-prefix-map=/build/gcc-arm-none-eabi-hYfgK4/gcc-arm-none-eabi-10.3-2021.07=. -flto=auto -ffat-lto-objects -fstack-protector-strong' INHIBIT_LIBC_CFLAGS=-DUSE_TM_CLONE_REGISTRY=0 AR_FOR_TARGET=arm-none-eabi-ar AS_FOR_TARGET=arm-none-eabi-as LD_FOR_TARGET=arm-none-eabi-ld NM_FOR_TARGET=arm-none-eabi-nm OBJDUMP_FOR_TARGET=arm-none-eabi-objdump RANLIB_FOR_TARGET=arm-none-eabi-ranlib READELF_FOR_TARGET=arm-none-eabi-readelf STRIP_FOR_TARGET=arm-none-eabi-strip SED=/bin/sed SHELL=/bin/sh BASH=/bin/bash CONFIG_SHELL=/bin/bash
Thread model: single
Supported LTO compression algorithms: zlib
gcc version 10.3.1 20210621 (release) (15:10.3-2021.07-4) 
COLLECT_GCC_OPTIONS='-v' '-ggdb3' '-Os' '-fdata-sections' '-ffunction-sections' '-fno-common' '-fno-exceptions' '-Wall' '-Wextra' '-Wshadow' '-Wdouble-promotion' '-Wundef' '-Wconversion' '-o' 'CMakeFiles/cmTC_c218b.dir/CMakeCXXCompilerABI.cpp.obj' '-c' '-mcpu=arm7tdmi' '-mfloat-abi=soft' '-marm' '-mlibarch=armv4t' '-march=armv4t'
 /usr/lib/gcc/arm-none-eabi/10.3.1/cc1plus -quiet -v -dD -D__USES_INITFINI__ /usr/share/cmake-3.22/Modules/CMakeCXXCompilerABI.cpp -quiet -dumpbase CMakeCXXCompilerABI.cpp -mcpu=arm7tdmi -mfloat-abi=soft -marm -mlibarch=armv4t -march=armv4t -auxbase-strip CMakeFiles/cmTC_c218b.dir/CMakeCXXCompilerABI.cpp.obj -ggdb3 -Os -Wall -Wextra -Wshadow -Wdouble-promotion -Wundef -Wconversion -version -fdata-sections -ffunction-sections -fno-common -fno-exceptions -o /tmp/cc6XItcB.s
GNU C++14 (15:10.3-2021.07-4) version 10.3.1 20210621 (release) (arm-none-eabi)
	compiled by GNU C version 11.2.0, GMP version 6.2.1, MPFR version 4.1.0, MPC version 1.2.1, isl version isl-0.24-GMP

GGC heuristics: --param ggc-min-expand=100 --param ggc-min-heapsize=131072
ignoring nonexistent directory "/usr/lib/gcc/arm-none-eabi/10.3.1/../../../arm-none-eabi/sys-include"
#include "..." search starts here:
#include <...> search starts here:
 /usr/lib/gcc/arm-none-eabi/10.3.1/../../../arm-none-eabi/include/c++/10.3.1
 /usr/lib/gcc/arm-none-eabi/10.3.1/../../../arm-none-eabi/include/c++/10.3.1/arm-none-eabi
 /usr/lib/gcc/arm-none-eabi/10.3.1/../../../arm-none-eabi/include/c++/10.3.1/backward
 /usr/lib/gcc/arm-none-eabi/10.3.1/include
 /usr/lib/gcc/arm-none-eabi/10.3.1/include-fixed
 /usr/lib/gcc/arm-none-eabi/10.3.1/../../../arm-none-eabi/include
End of search list.
GNU C++14 (15:10.3-2021.07-4) version 10.3.1 20210621 (release) (arm-none-eabi)
	compiled by GNU C version 11.2.0, GMP version 6.2.1, MPFR version 4.1.0, MPC version 1.2.1, isl version isl-0.24-GMP

GGC heuristics: --param ggc-min-expand=100 --param ggc-min-heapsize=131072
Compiler executable checksum: 4f994585a8ca8864fa1f4d2fb208a0ba
COLLECT_GCC_OPTIONS='-v' '-ggdb3' '-Os' '-fdata-sections' '-ffunction-sections' '-fno-common' '-fno-exceptions' '-Wall' '-Wextra' '-Wshadow' '-Wdouble-promotion' '-Wundef' '-Wconversion' '-o' 'CMakeFiles/cmTC_c218b.dir/CMakeCXXCompilerABI.cpp.obj' '-c' '-mcpu=arm7tdmi' '-mfloat-abi=soft' '-marm' '-mlibarch=armv4t' '-march=armv4t'
 /usr/lib/gcc/arm-none-eabi/10.3.1/../../../arm-none-eabi/bin/as -v -march=armv4t -mfloat-abi=soft -meabi=5 -o CMakeFiles/cmTC_c218b.dir/CMakeCXXCompilerABI.cpp.obj /tmp/cc6XItcB.s
GNU assembler version 2.38 (arm-none-eabi) using BFD version (2.38-3ubuntu1+15build1) 2.38
COMPILER_PATH=/usr/lib/gcc/arm-none-eabi/10.3.1/:/usr/lib/gcc/arm-none-eabi/10.3.1/:/usr/lib/gcc/arm-none-eabi/:/usr/lib/gcc/arm-none-eabi/10.3.1/:/usr/lib/gcc/arm-none-eabi/:/usr/lib/gcc/arm-none-eabi/10.3.1/../../../arm-none-eabi/bin/
LIBRARY_PATH=/usr/lib/gcc/arm-none-eabi/10.3.1/:/usr/lib/gcc/arm-none-eabi/10.3.1/../../../arm-none-eabi/lib/
COLLECT_GCC_OPTIONS='-v' '-ggdb3' '-Os' '-fdata-sections' '-ffunction-sections' '-fno-common' '-fno-exceptions' '-Wall' '-Wextra' '-Wshadow' '-Wdouble-promotion' '-Wundef' '-Wconversion' '-o' 'CMakeFiles/cmTC_c218b.dir/CMakeCXXCompilerABI.cpp.obj' '-c' '-mcpu=arm7tdmi' '-mfloat-abi=soft' '-marm' '-mlibarch=armv4t' '-march=armv4t'
Linking CXX static library libcmTC_c218b.a
/usr/bin/cmake -P CMakeFiles/cmTC_c218b.dir/cmake_clean_target.cmake
/usr/bin/cmake -E cmake_link_script CMakeFiles/cmTC_c218b.dir/link.txt --verbose=1
/usr/bin/arm-none-eabi-ar qc libcmTC_c218b.a CMakeFiles/cmTC_c218b.dir/CMakeCXXCompilerABI.cpp.obj
/usr/bin/arm-none-eabi-ranlib libcmTC_c218b.a
gmake[1]: Leaving directory '/home/nikita/MACHINE/proj/build/CMakeFiles/CMakeTmp'



Parsed CXX implicit include dir info from above output: rv=done
  found start of include info
  found start of implicit include info
    add: [/usr/lib/gcc/arm-none-eabi/10.3.1/../../../arm-none-eabi/include/c++/10.3.1]
    add: [/usr/lib/gcc/arm-none-eabi/10.3.1/../../../arm-none-eabi/include/c++/10.3.1/arm-none-eabi]
    add: [/usr/lib/gcc/arm-none-eabi/10.3.1/../../../arm-none-eabi/include/c++/10.3.1/backward]
    add: [/usr/lib/gcc/arm-none-eabi/10.3.1/include]
    add: [/usr/lib/gcc/arm-none-eabi/10.3.1/include-fixed]
    add: [/usr/lib/gcc/arm-none-eabi/10.3.1/../../../arm-none-eabi/include]
  end of search list found
  collapse include dir [/usr/lib/gcc/arm-none-eabi/10.3.1/../../../arm-none-eabi/include/c++/10.3.1] ==> [/usr/lib/arm-none-eabi/include/c++/10.3.1]
  collapse include dir [/usr/lib/gcc/arm-none-eabi/10.3.1/../../../arm-none-eabi/include/c++/10.3.1/arm-none-eabi] ==> [/usr/lib/arm-none-eabi/include/c++/10.3.1/arm-none-eabi]
  collapse include dir [/usr/lib/gcc/arm-none-eabi/10.3.1/../../../arm-none-eabi/include/c++/10.3.1/backward] ==> [/usr/lib/arm-none-eabi/include/c++/10.3.1/backward]
  collapse include dir [/usr/lib/gcc/arm-none-eabi/10.3.1/include] ==> [/usr/lib/gcc/arm-none-eabi/10.3.1/include]
  collapse include dir [/usr/lib/gcc/arm-none-eabi/10.3.1/include-fixed] ==> [/usr/lib/gcc/arm-none-eabi/10.3.1/include-fixed]
  collapse include dir [/usr/lib/gcc/arm-none-eabi/10.3.1/../../../arm-none-eabi/include] ==> [/usr/lib/arm-none-eabi/include]
  implicit include dirs: [/usr/lib/arm-none-eabi/include/c++/10.3.1;/usr/lib/arm-none-eabi/include/c++/10.3.1/arm-none-eabi;/usr/lib/arm-none-eabi/include/c++/10.3.1/backward;/usr/lib/gcc/arm-none-eabi/10.3.1/include;/usr/lib/gcc/arm-none-eabi/10.3.1/include-fixed;/usr/lib/arm-none-eabi/include]


Parsed CXX implicit link information from above output:
  link line regex: [^( *|.*[/\])(arm-none-eabi-ld|CMAKE_LINK_STARTFILE-NOTFOUND|([^/\]+-)?ld|collect2)[^/\]*( |$)]
  ignore line: [Change Dir: /home/nikita/MACHINE/proj/build/CMakeFiles/CMakeTmp]
  ignore line: []
  ignore line: [Run Build Command(s):/usr/bin/gmake -f Makefile cmTC_c218b/fast && /usr/bin/gmake  -f CMakeFiles/cmTC_c218b.dir/build.make CMakeFiles/cmTC_c218b.dir/build]
  ignore line: [gmake[1]: Entering directory '/home/nikita/MACHINE/proj/build/CMakeFiles/CMakeTmp']
  ignore line: [Building CXX object CMakeFiles/cmTC_c218b.dir/CMakeCXXCompilerABI.cpp.obj]
  ignore line: [/usr/bin/arm-none-eabi-g++   -v -ggdb3 -Os -fdata-sections -ffunction-sections -fno-common -fno-exceptions -Wall -Wextra -Wshadow -Wdouble-promotion -Wundef -Wconversion -o CMakeFiles/cmTC_c218b.dir/CMakeCXXCompilerABI.cpp.obj -c /usr/share/cmake-3.22/Modules/CMakeCXXCompilerABI.cpp]
  ignore line: [Using built-in specs.]
  ignore line: [COLLECT_GCC=/usr/bin/arm-none-eabi-g++]
  ignore line: [Target: arm-none-eabi]
  ignore line: [Configured with: ../configure --build=x86_64-linux-gnu --prefix=/usr --includedir='/usr/lib/include' --mandir='/usr/lib/share/man' --infodir='/usr/lib/share/info' --sysconfdir=/etc --localstatedir=/var --disable-option-checking --disable-silent-rules --libdir='/usr/lib/lib/x86_64-linux-gnu' --libexecdir='/usr/lib/lib/x86_64-linux-gnu' --disable-maintainer-mode --disable-dependency-tracking --mandir=/usr/share/man --enable-languages=c,c++,lto --enable-multilib --disable-decimal-float --disable-libffi --disable-libgomp --disable-libmudflap --disable-libquadmath --disable-libssp --disable-libstdcxx-pch --disable-nls --disable-shared --disable-threads --enable-tls --build=x86_64-linux-gnu --target=arm-none-eabi --with-system-zlib --with-gnu-as --with-gnu-ld --with-pkgversion=15:10.3-2021.07-4 --without-included-gettext --prefix=/usr/lib --infodir=/usr/share/doc/gcc-arm-none-eabi/info --htmldir=/usr/share/doc/gcc-arm-none-eabi/html --pdfdir=/usr/share/doc/gcc-arm-none-eabi/pdf --bindir=/usr/bin --libexecdir=/usr/lib --libdir=/usr/lib --disable-libstdc++-v3 --host=x86_64-linux-gnu --with-headers=no --without-newlib --with-multilib-list=rmprofile,aprofile CFLAGS='-g -O2 -ffile-prefix-map=/build/gcc-arm-none-eabi-hYfgK4/gcc-arm-none-eabi-10.3-2021.07=. -flto=auto -ffat-lto-objects -fstack-protector-strong' CPPFLAGS='-Wdate-time -D_FORTIFY_SOURCE=2' CXXFLAGS='-g -O2 -ffile-prefix-map=/build/gcc-arm-none-eabi-hYfgK4/gcc-arm-none-eabi-10.3-2021.07=. -flto=auto -ffat-lto-objects -fstack-protector-strong' DFLAGS=-frelease FCFLAGS='-g -O2 -ffile-prefix-map=/build/gcc-arm-none-eabi-hYfgK4/gcc-arm-none-eabi-10.3-2021.07=. -flto=auto -ffat-lto-objects -fstack-protector-strong' FFLAGS='-g -O2 -ffile-prefix-map=/build/gcc-arm-none-eabi-hYfgK4/gcc-arm-none-eabi-10.3-2021.07=. -flto=auto -ffat-lto-objects -fstack-protector-strong' GCJFLAGS='-g -O2 -ffile-prefix-map=/build/gcc-arm-none-eabi-hYfgK4/gcc-arm-none-eabi-10.3-2021.07=. -fstack-protector-strong' LDFLAGS='-Wl,-Bsymbolic-functions -flto=auto -Wl,-z,relro' OBJCFLAGS='-g -O2 -ffile-prefix-map=/build/gcc-arm-none-eabi-hYfgK4/gcc-arm-none-eabi-10.3-2021.07=. -flto=auto -ffat-lto-objects -fstack-protector-strong' OBJCXXFLAGS='-g -O2 -ffile-prefix-map=/build/gcc-arm-none-eabi-hYfgK4/gcc-arm-none-eabi-10.3-2021.07=. -flto=auto -ffat-lto-objects -fstack-protector-strong' INHIBIT_LIBC_CFLAGS=-DUSE_TM_CLONE_REGISTRY=0 AR_FOR_TARGET=arm-none-eabi-ar AS_FOR_TARGET=arm-none-eabi-as LD_FOR_TARGET=arm-none-eabi-ld NM_FOR_TARGET=arm-none-eabi-nm OBJDUMP_FOR_TARGET=arm-none-eabi-objdump RANLIB_FOR_TARGET=arm-none-eabi-ranlib READELF_FOR_TARGET=arm-none-eabi-readelf STRIP_FOR_TARGET=arm-none-eabi-strip SED=/bin/sed SHELL=/bin/sh BASH=/bin/bash CONFIG_SHELL=/bin/bash]
  ignore line: [Thread model: single]
  ignore line: [Supported LTO compression algorithms: zlib]
  ignore line: [gcc version 10.3.1 20210621 (release) (15:10.3-2021.07-4) ]
  ignore line: [COLLECT_GCC_OPTIONS='-v' '-ggdb3' '-Os' '-fdata-sections' '-ffunction-sections' '-fno-common' '-fno-exceptions' '-Wall' '-Wextra' '-Wshadow' '-Wdouble-promotion' '-Wundef' '-Wconversion' '-o' 'CMakeFiles/cmTC_c218b.dir/CMakeCXXCompilerABI.cpp.obj' '-c' '-mcpu=arm7tdmi' '-mfloat-abi=soft' '-marm' '-mlibarch=armv4t' '-march=armv4t']
  ignore line: [ /usr/lib/gcc/arm-none-eabi/10.3.1/cc1plus -quiet -v -dD -D__USES_INITFINI__ /usr/share/cmake-3.22/Modules/CMakeCXXCompilerABI.cpp -quiet -dumpbase CMakeCXXCompilerABI.cpp -mcpu=arm7tdmi -mfloat-abi=soft -marm -mlibarch=armv4t -march=armv4t -auxbase-strip CMakeFiles/cmTC_c218b.dir/CMakeCXXCompilerABI.cpp.obj -ggdb3 -Os -Wall -Wextra -Wshadow -Wdouble-promotion -Wundef -Wconversion -version -fdata-sections -ffunction-sections -fno-common -fno-exceptions -o /tmp/cc6XItcB.s]
  ignore line: [GNU C++14 (15:10.3-2021.07-4) version 10.3.1 20210621 (release) (arm-none-eabi)]
  ignore line: [	compiled by GNU C version 11.2.0  GMP version 6.2.1  MPFR version 4.1.0  MPC version 1.2.1  isl version isl-0.24-GMP]
  ignore line: []
  ignore line: [GGC heuristics: --param ggc-min-expand=100 --param ggc-min-heapsize=131072]
  ignore line: [ignoring nonexistent directory "/usr/lib/gcc/arm-none-eabi/10.3.1/../../../arm-none-eabi/sys-include"]
  ignore line: [#include "..." search starts here:]
  ignore line: [#include <...> search starts here:]
  ignore line: [ /usr/lib/gcc/arm-none-eabi/10.3.1/../../../arm-none-eabi/include/c++/10.3.1]
  ignore line: [ /usr/lib/gcc/arm-none-eabi/10.3.1/../../../arm-none-eabi/include/c++/10.3.1/arm-none-eabi]
  ignore line: [ /usr/lib/gcc/arm-none-eabi/10.3.1/../../../arm-none-eabi/include/c++/10.3.1/backward]
  ignore line: [ /usr/lib/gcc/arm-none-eabi/10.3.1/include]
  ignore line: [ /usr/lib/gcc/arm-none-eabi/10.3.1/include-fixed]
  ignore line: [ /usr/lib/gcc/arm-none-eabi/10.3.1/../../../arm-none-eabi/include]
  ignore line: [End of search list.]
  ignore line: [GNU C++14 (15:10.3-2021.07-4) version 10.3.1 20210621 (release) (arm-none-eabi)]
  ignore line: [	compiled by GNU C version 11.2.0  GMP version 6.2.1  MPFR version 4.1.0  MPC version 1.2.1  isl version isl-0.24-GMP]
  ignore line: []
  ignore line: [GGC heuristics: --param ggc-min-expand=100 --param ggc-min-heapsize=131072]
  ignore line: [Compiler executable checksum: 4f994585a8ca8864fa1f4d2fb208a0ba]
  ignore line: [COLLECT_GCC_OPTIONS='-v' '-ggdb3' '-Os' '-fdata-sections' '-ffunction-sections' '-fno-common' '-fno-exceptions' '-Wall' '-Wextra' '-Wshadow' '-Wdouble-promotion' '-Wundef' '-Wconversion' '-o' 'CMakeFiles/cmTC_c218b.dir/CMakeCXXCompilerABI.cpp.obj' '-c' '-mcpu=arm7tdmi' '-mfloat-abi=soft' '-marm' '-mlibarch=armv4t' '-march=armv4t']
  ignore line: [ /usr/lib/gcc/arm-none-eabi/10.3.1/../../../arm-none-eabi/bin/as -v -march=armv4t -mfloat-abi=soft -meabi=5 -o CMakeFiles/cmTC_c218b.dir/CMakeCXXCompilerABI.cpp.obj /tmp/cc6XItcB.s]
  ignore line: [GNU assembler version 2.38 (arm-none-eabi) using BFD version (2.38-3ubuntu1+15build1) 2.38]
  ignore line: [COMPILER_PATH=/usr/lib/gcc/arm-none-eabi/10.3.1/:/usr/lib/gcc/arm-none-eabi/10.3.1/:/usr/lib/gcc/arm-none-eabi/:/usr/lib/gcc/arm-none-eabi/10.3.1/:/usr/lib/gcc/arm-none-eabi/:/usr/lib/gcc/arm-none-eabi/10.3.1/../../../arm-none-eabi/bin/]
  ignore line: [LIBRARY_PATH=/usr/lib/gcc/arm-none-eabi/10.3.1/:/usr/lib/gcc/arm-none-eabi/10.3.1/../../../arm-none-eabi/lib/]
  ignore line: [COLLECT_GCC_OPTIONS='-v' '-ggdb3' '-Os' '-fdata-sections' '-ffunction-sections' '-fno-common' '-fno-exceptions' '-Wall' '-Wextra' '-Wshadow' '-Wdouble-promotion' '-Wundef' '-Wconversion' '-o' 'CMakeFiles/cmTC_c218b.dir/CMakeCXXCompilerABI.cpp.obj' '-c' '-mcpu=arm7tdmi' '-mfloat-abi=soft' '-marm' '-mlibarch=armv4t' '-march=armv4t']
  ignore line: [Linking CXX static library libcmTC_c218b.a]
  ignore line: [/usr/bin/cmake -P CMakeFiles/cmTC_c218b.dir/cmake_clean_target.cmake]
  ignore line: [/usr/bin/cmake -E cmake_link_script CMakeFiles/cmTC_c218b.dir/link.txt --verbose=1]
  ignore line: [/usr/bin/arm-none-eabi-ar qc libcmTC_c218b.a CMakeFiles/cmTC_c218b.dir/CMakeCXXCompilerABI.cpp.obj]
  ignore line: [/usr/bin/arm-none-eabi-ranlib libcmTC_c218b.a]
  ignore line: [gmake[1]: Leaving directory '/home/nikita/MACHINE/proj/build/CMakeFiles/CMakeTmp']
  ignore line: []
  ignore line: []
  implicit libs: []
  implicit objs: []
  implicit dirs: []
  implicit fwks: []


Detecting C compiler ABI info compiled with the following output:
Change Dir: /home/nikita/MACHINE/proj/build/CMakeFiles/CMakeTmp

Run Build Command(s):/usr/bin/gmake -f Makefile cmTC_6300a/fast && /usr/bin/gmake  -f CMakeFiles/cmTC_6300a.dir/build.make CMakeFiles/cmTC_6300a.dir/build
gmake[1]: Entering directory '/home/nikita/MACHINE/proj/build/CMakeFiles/CMakeTmp'
Building C object CMakeFiles/cmTC_6300a.dir/CMakeCCompilerABI.c.obj
/usr/bin/arm-none-eabi-gcc   -v -ggdb3 -Os -fdata-sections -ffunction-sections -fno-common -fno-exceptions -Wall -Wextra -Wshadow -Wdouble-promotion -Wundef -Wconversion -o CMakeFiles/cmTC_6300a.dir/CMakeCCompilerABI.c.obj -c /usr/share/cmake-3.22/Modules/CMakeCCompilerABI.c
Using built-in specs.
COLLECT_GCC=/usr/bin/arm-none-eabi-gcc
Target: arm-none-eabi
Configured with: ../configure --build=x86_64-linux-gnu --prefix=/usr --includedir='/usr/lib/include' --mandir='/usr/lib/share/man' --infodir='/usr/lib/share/info' --sysconfdir=/etc --localstatedir=/var --disable-option-checking --disable-silent-rules --libdir='/usr/lib/lib/x86_64-linux-gnu' --libexecdir='/usr/lib/lib/x86_64-linux-gnu' --disable-maintainer-mode --disable-dependency-tracking --mandir=/usr/share/man --enable-languages=c,c++,lto --enable-multilib --disable-decimal-float --disable-libffi --disable-libgomp --disable-libmudflap --disable-libquadmath --disable-libssp --disable-libstdcxx-pch --disable-nls --disable-shared --disable-threads --enable-tls --build=x86_64-linux-gnu --target=arm-none-eabi --with-system-zlib --with-gnu-as --with-gnu-ld --with-pkgversion=15:10.3-2021.07-4 --without-included-gettext --prefix=/usr/lib --infodir=/usr/share/doc/gcc-arm-none-eabi/info --htmldir=/usr/share/doc/gcc-arm-none-eabi/html --pdfdir=/usr/share/doc/gcc-arm-none-eabi/pdf --bindir=/usr/bin --libexecdir=/usr/lib --libdir=/usr/lib --disable-libstdc++-v3 --host=x86_64-linux-gnu --with-headers=no --without-newlib --with-multilib-list=rmprofile,aprofile CFLAGS='-g -O2 -ffile-prefix-map=/build/gcc-arm-none-eabi-hYfgK4/gcc-arm-none-eabi-10.3-2021.07=. -flto=auto -ffat-lto-objects -fstack-protector-strong' CPPFLAGS='-Wdate-time -D_FORTIFY_SOURCE=2' CXXFLAGS='-g -O2 -ffile-prefix-map=/build/gcc-arm-none-eabi-hYfgK4/gcc-arm-none-eabi-10.3-2021.07=. -flto=auto -ffat-lto-objects -fstack-protector-strong' DFLAGS=-frelease FCFLAGS='-g -O2 -ffile-prefix-map=/build/gcc-arm-none-eabi-hYfgK4/gcc-arm-none-eabi-10.3-2021.07=. -flto=auto -ffat-lto-objects -fstack-protector-strong' FFLAGS='-g -O2 -ffile-prefix-map=/build/gcc-arm-none-eabi-hYfgK4/gcc-arm-none-eabi-10.3-2021.07=. -flto=auto -ffat-lto-objects -fstack-protector-strong' GCJFLAGS='-g -O2 -ffile-prefix-map=/build/gcc-arm-none-eabi-hYfgK4/gcc-arm-none-eabi-10.3-2021.07=. -fstack-protector-strong' LDFLAGS='-Wl,-Bsymbolic-functions -flto=auto -Wl,-z,relro' OBJCFLAGS='-g -O2 -ffile-prefix-map=/build/gcc-arm-none-eabi-hYfgK4/gcc-arm-none-eabi-10.3-2021.07=. -flto=auto -ffat-lto-objects -fstack-protector-strong' OBJCXXFLAGS='-g -O2 -ffile-prefix-map=/build/gcc-arm-none-eabi-hYfgK4/gcc-arm-none-eabi-10.3-2021.07=. -flto=auto -ffat-lto-objects -fstack-protector-strong' INHIBIT_LIBC_CFLAGS=-DUSE_TM_CLONE_REGISTRY=0 AR_FOR_TARGET=arm-none-eabi-ar AS_FOR_TARGET=arm-none-eabi-as LD_FOR_TARGET=arm-none-eabi-ld NM_FOR_TARGET=arm-none-eabi-nm OBJDUMP_FOR_TARGET=arm-none-eabi-objdump RANLIB_FOR_TARGET=arm-none-eabi-ranlib READELF_FOR_TARGET=arm-none-eabi-readelf STRIP_FOR_TARGET=arm-none-eabi-strip SED=/bin/sed SHELL=/bin/sh BASH=/bin/bash CONFIG_SHELL=/bin/bash
Thread model: single
Supported LTO compression algorithms: zlib
gcc version 10.3.1 20210621 (release) (15:10.3-2021.07-4) 
COLLECT_GCC_OPTIONS='-v' '-ggdb3' '-Os' '-fdata-sections' '-ffunction-sections' '-fno-common' '-fno-exceptions' '-Wall' '-Wextra' '-Wshadow' '-Wdouble-promotion' '-Wundef' '-Wconversion' '-o' 'CMakeFiles/cmTC_6300a.dir/CMakeCCompilerABI.c.obj' '-c' '-mcpu=arm7tdmi' '-mfloat-abi=soft' '-marm' '-mlibarch=armv4t' '-march=armv4t'
 /usr/lib/gcc/arm-none-eabi/10.3.1/cc1 -quiet -v -dD -D__USES_INITFINI__ /usr/share/cmake-3.22/Modules/CMakeCCompilerABI.c -quiet -dumpbase CMakeCCompilerABI.c -mcpu=arm7tdmi -mfloat-abi=soft -marm -mlibarch=armv4t -march=armv4t -auxbase-strip CMakeFiles/cmTC_6300a.dir/CMakeCCompilerABI.c.obj -ggdb3 -Os -Wall -Wextra -Wshadow -Wdouble-promotion -Wundef -Wconversion -version -fdata-sections -ffunction-sections -fno-common -fno-exceptions -o /tmp/ccPnBWuQ.s
GNU C17 (15:10.3-2021.07-4) version 10.3.1 20210621 (release) (arm-none-eabi)
	compiled by GNU C version 11.2.0, GMP version 6.2.1, MPFR version 4.1.0, MPC version 1.2.1, isl version isl-0.24-GMP

GGC heuristics: --param ggc-min-expand=100 --param ggc-min-heapsize=131072
ignoring nonexistent directory "/usr/lib/gcc/arm-none-eabi/10.3.1/../../../arm-none-eabi/sys-include"
#include "..." search starts here:
#include <...> search starts here:
 /usr/lib/gcc/arm-none-eabi/10.3.1/include
 /usr/lib/gcc/arm-none-eabi/10.3.1/include-fixed
 /usr/lib/gcc/arm-none-eabi/10.3.1/../../../arm-none-eabi/include
End of search list.
GNU C17 (15:10.3-2021.07-4) version 10.3.1 20210621 (release) (arm-none-eabi)
	compiled by GNU C version 11.2.0, GMP version 6.2.1, MPFR version 4.1.0, MPC version 1.2.1, isl version isl-0.24-GMP

GGC heuristics: --param ggc-min-expand=100 --param ggc-min-heapsize=131072
Compiler executable checksum: 4cf7574ae54eb0935abb4a8c56f8bcfe
COLLECT_GCC_OPTIONS='-v' '-ggdb3' '-Os' '-fdata-sections' '-ffunction-sections' '-fno-common' '-fno-exceptions' '-Wall' '-Wextra' '-Wshadow' '-Wdouble-promotion' '-Wundef' '-Wconversion' '-o' 'CMakeFiles/cmTC_6300a.dir/CMakeCCompilerABI.c.obj' '-c' '-mcpu=arm7tdmi' '-mfloat-abi=soft' '-marm' '-mlibarch=armv4t' '-march=armv4t'
 /usr/lib/gcc/arm-none-eabi/10.3.1/../../../arm-none-eabi/bin/as -v -march=armv4t -mfloat-abi=soft -meabi=5 -o CMakeFiles/cmTC_6300a.dir/CMakeCCompilerABI.c.obj /tmp/ccPnBWuQ.s
GNU assembler version 2.38 (arm-none-eabi) using BFD version (2.38-3ubuntu1+15build1) 2.38
COMPILER_PATH=/usr/lib/gcc/arm-none-eabi/10.3.1/:/usr/lib/gcc/arm-none-eabi/10.3.1/:/usr/lib/gcc/arm-none-eabi/:/usr/lib/gcc/arm-none-eabi/10.3.1/:/usr/lib/gcc/arm-none-eabi/:/usr/lib/gcc/arm-none-eabi/10.3.1/../../../arm-none-eabi/bin/
LIBRARY_PATH=/usr/lib/gcc/arm-none-eabi/10.3.1/:/usr/lib/gcc/arm-none-eabi/10.3.1/../../../arm-none-eabi/lib/
COLLECT_GCC_OPTIONS='-v' '-ggdb3' '-Os' '-fdata-sections' '-ffunction-sections' '-fno-common' '-fno-exceptions' '-Wall' '-Wextra' '-Wshadow' '-Wdouble-promotion' '-Wundef' '-Wconversion' '-o' 'CMakeFiles/cmTC_6300a.dir/CMakeCCompilerABI.c.obj' '-c' '-mcpu=arm7tdmi' '-mfloat-abi=soft' '-marm' '-mlibarch=armv4t' '-march=armv4t'
Linking C static library libcmTC_6300a.a
/usr/bin/cmake -P CMakeFiles/cmTC_6300a.dir/cmake_clean_target.cmake
/usr/bin/cmake -E cmake_link_script CMakeFiles/cmTC_6300a.dir/link.txt --verbose=1
/usr/bin/arm-none-eabi-ar qc libcmTC_6300a.a CMakeFiles/cmTC_6300a.dir/CMakeCCompilerABI.c.obj
/usr/bin/arm-none-eabi-ranlib libcmTC_6300a.a
gmake[1]: Leaving directory '/home/nikita/MACHINE/proj/build/CMakeFiles/CMakeTmp'



Parsed C implicit include dir info from above output: rv=done
  found start of include info
  found start of implicit include info
    add: [/usr/lib/gcc/arm-none-eabi/10.3.1/include]
    add: [/usr/lib/gcc/arm-none-eabi/10.3.1/include-fixed]
    add: [/usr/lib/gcc/arm-none-eabi/10.3.1/../../../arm-none-eabi/include]
  end of search list found
  collapse include dir [/usr/lib/gcc/arm-none-eabi/10.3.1/include] ==> [/usr/lib/gcc/arm-none-eabi/10.3.1/include]
  collapse include dir [/usr/lib/gcc/arm-none-eabi/10.3.1/include-fixed] ==> [/usr/lib/gcc/arm-none-eabi/10.3.1/include-fixed]
  collapse include dir [/usr/lib/gcc/arm-none-eabi/10.3.1/../../../arm-none-eabi/include] ==> [/usr/lib/arm-none-eabi/include]
  implicit include dirs: [/usr/lib/gcc/arm-none-eabi/10.3.1/include;/usr/lib/gcc/arm-none-eabi/10.3.1/include-fixed;/usr/lib/arm-none-eabi/include]


Parsed C implicit link information from above output:
  link line regex: [^( *|.*[/\])(arm-none-eabi-ld|CMAKE_LINK_STARTFILE-NOTFOUND|([^/\]+-)?ld|collect2)[^/\]*( |$)]
  ignore line: [Change Dir: /home/nikita/MACHINE/proj/build/CMakeFiles/CMakeTmp]
  ignore line: []
  ignore line: [Run Build Command(s):/usr/bin/gmake -f Makefile cmTC_6300a/fast && /usr/bin/gmake  -f CMakeFiles/cmTC_6300a.dir/build.make CMakeFiles/cmTC_6300a.dir/build]
  ignore line: [gmake[1]: Entering directory '/home/nikita/MACHINE/proj/build/CMakeFiles/CMakeTmp']
  ignore line: [Building C object CMakeFiles/cmTC_6300a.dir/CMakeCCompilerABI.c.obj]
  ignore line: [/usr/bin/arm-none-eabi-gcc   -v -ggdb3 -Os -fdata-sections -ffunction-sections -fno-common -fno-exceptions -Wall -Wextra -Wshadow -Wdouble-promotion -Wundef -Wconversion -o CMakeFiles/cmTC_6300a.dir/CMakeCCompilerABI.c.obj -c /usr/share/cmake-3.22/Modules/CMakeCCompilerABI.c]
  ignore line: [Using built-in specs.]
  ignore line: [COLLECT_GCC=/usr/bin/arm-none-eabi-gcc]
  ignore line: [Target: arm-none-eabi]
  ignore line: [Configured with: ../configure --build=x86_64-linux-gnu --prefix=/usr --includedir='/usr/lib/include' --mandir='/usr/lib/share/man' --infodir='/usr/lib/share/info' --sysconfdir=/etc --localstatedir=/var --disable-option-checking --disable-silent-rules --libdir='/usr/lib/lib/x86_64-linux-gnu' --libexecdir='/usr/lib/lib/x86_64-linux-gnu' --disable-maintainer-mode --disable-dependency-tracking --mandir=/usr/share/man --enable-languages=c,c++,lto --enable-multilib --disable-decimal-float --disable-libffi --disable-libgomp --disable-libmudflap --disable-libquadmath --disable-libssp --disable-libstdcxx-pch --disable-nls --disable-shared --disable-threads --enable-tls --build=x86_64-linux-gnu --target=arm-none-eabi --with-system-zlib --with-gnu-as --with-gnu-ld --with-pkgversion=15:10.3-2021.07-4 --without-included-gettext --prefix=/usr/lib --infodir=/usr/share/doc/gcc-arm-none-eabi/info --htmldir=/usr/share/doc/gcc-arm-none-eabi/html --pdfdir=/usr/share/doc/gcc-arm-none-eabi/pdf --bindir=/usr/bin --libexecdir=/usr/lib --libdir=/usr/lib --disable-libstdc++-v3 --host=x86_64-linux-gnu --with-headers=no --without-newlib --with-multilib-list=rmprofile,aprofile CFLAGS='-g -O2 -ffile-prefix-map=/build/gcc-arm-none-eabi-hYfgK4/gcc-arm-none-eabi-10.3-2021.07=. -flto=auto -ffat-lto-objects -fstack-protector-strong' CPPFLAGS='-Wdate-time -D_FORTIFY_SOURCE=2' CXXFLAGS='-g -O2 -ffile-prefix-map=/build/gcc-arm-none-eabi-hYfgK4/gcc-arm-none-eabi-10.3-2021.07=. -flto=auto -ffat-lto-objects -fstack-protector-strong' DFLAGS=-frelease FCFLAGS='-g -O2 -ffile-prefix-map=/build/gcc-arm-none-eabi-hYfgK4/gcc-arm-none-eabi-10.3-2021.07=. -flto=auto -ffat-lto-objects -fstack-protector-strong' FFLAGS='-g -O2 -ffile-prefix-map=/build/gcc-arm-none-eabi-hYfgK4/gcc-arm-none-eabi-10.3-2021.07=. -flto=auto -ffat-lto-objects -fstack-protector-strong' GCJFLAGS='-g -O2 -ffile-prefix-map=/build/gcc-arm-none-eabi-hYfgK4/gcc-arm-none-eabi-10.3-2021.07=. -fstack-protector-strong' LDFLAGS='-Wl,-Bsymbolic-functions -flto=auto -Wl,-z,relro' OBJCFLAGS='-g -O2 -ffile-prefix-map=/build/gcc-arm-none-eabi-hYfgK4/gcc-arm-none-eabi-10.3-2021.07=. -flto=auto -ffat-lto-objects -fstack-protector-strong' OBJCXXFLAGS='-g -O2 -ffile-prefix-map=/build/gcc-arm-none-eabi-hYfgK4/gcc-arm-none-eabi-10.3-2021.07=. -flto=auto -ffat-lto-objects -fstack-protector-strong' INHIBIT_LIBC_CFLAGS=-DUSE_TM_CLONE_REGISTRY=0 AR_FOR_TARGET=arm-none-eabi-ar AS_FOR_TARGET=arm-none-eabi-as LD_FOR_TARGET=arm-none-eabi-ld NM_FOR_TARGET=arm-none-eabi-nm OBJDUMP_FOR_TARGET=arm-none-eabi-objdump RANLIB_FOR_TARGET=arm-none-eabi-ranlib READELF_FOR_TARGET=arm-none-eabi-readelf STRIP_FOR_TARGET=arm-none-eabi-strip SED=/bin/sed SHELL=/bin/sh BASH=/bin/bash CONFIG_SHELL=/bin/bash]
  ignore line: [Thread model: single]
  ignore line: [Supported LTO compression algorithms: zlib]
  ignore line: [gcc version 10.3.1 20210621 (release) (15:10.3-2021.07-4) ]
  ignore line: [COLLECT_GCC_OPTIONS='-v' '-ggdb3' '-Os' '-fdata-sections' '-ffunction-sections' '-fno-common' '-fno-exceptions' '-Wall' '-Wextra' '-Wshadow' '-Wdouble-promotion' '-Wundef' '-Wconversion' '-o' 'CMakeFiles/cmTC_6300a.dir/CMakeCCompilerABI.c.obj' '-c' '-mcpu=arm7tdmi' '-mfloat-abi=soft' '-marm' '-mlibarch=armv4t' '-march=armv4t']
  ignore line: [ /usr/lib/gcc/arm-none-eabi/10.3.1/cc1 -quiet -v -dD -D__USES_INITFINI__ /usr/share/cmake-3.22/Modules/CMakeCCompilerABI.c -quiet -dumpbase CMakeCCompilerABI.c -mcpu=arm7tdmi -mfloat-abi=soft -marm -mlibarch=armv4t -march=armv4t -auxbase-strip CMakeFiles/cmTC_6300a.dir/CMakeCCompilerABI.c.obj -ggdb3 -Os -Wall -Wextra -Wshadow -Wdouble-promotion -Wundef -Wconversion -version -fdata-sections -ffunction-sections -fno-common -fno-exceptions -o /tmp/ccPnBWuQ.s]
  ignore line: [GNU C17 (15:10.3-2021.07-4) version 10.3.1 20210621 (release) (arm-none-eabi)]
  ignore line: [	compiled by GNU C version 11.2.0  GMP version 6.2.1  MPFR version 4.1.0  MPC version 1.2.1  isl version isl-0.24-GMP]
  ignore line: []
  ignore line: [GGC heuristics: --param ggc-min-expand=100 --param ggc-min-heapsize=131072]
  ignore line: [ignoring nonexistent directory "/usr/lib/gcc/arm-none-eabi/10.3.1/../../../arm-none-eabi/sys-include"]
  ignore line: [#include "..." search starts here:]
  ignore line: [#include <...> search starts here:]
  ignore line: [ /usr/lib/gcc/arm-none-eabi/10.3.1/include]
  ignore line: [ /usr/lib/gcc/arm-none-eabi/10.3.1/include-fixed]
  ignore line: [ /usr/lib/gcc/arm-none-eabi/10.3.1/../../../arm-none-eabi/include]
  ignore line: [End of search list.]
  ignore line: [GNU C17 (15:10.3-2021.07-4) version 10.3.1 20210621 (release) (arm-none-eabi)]
  ignore line: [	compiled by GNU C version 11.2.0  GMP version 6.2.1  MPFR version 4.1.0  MPC version 1.2.1  isl version isl-0.24-GMP]
  ignore line: []
  ignore line: [GGC heuristics: --param ggc-min-expand=100 --param ggc-min-heapsize=131072]
  ignore line: [Compiler executable checksum: 4cf7574ae54eb0935abb4a8c56f8bcfe]
  ignore line: [COLLECT_GCC_OPTIONS='-v' '-ggdb3' '-Os' '-fdata-sections' '-ffunction-sections' '-fno-common' '-fno-exceptions' '-Wall' '-Wextra' '-Wshadow' '-Wdouble-promotion' '-Wundef' '-Wconversion' '-o' 'CMakeFiles/cmTC_6300a.dir/CMakeCCompilerABI.c.obj' '-c' '-mcpu=arm7tdmi' '-mfloat-abi=soft' '-marm' '-mlibarch=armv4t' '-march=armv4t']
  ignore line: [ /usr/lib/gcc/arm-none-eabi/10.3.1/../../../arm-none-eabi/bin/as -v -march=armv4t -mfloat-abi=soft -meabi=5 -o CMakeFiles/cmTC_6300a.dir/CMakeCCompilerABI.c.obj /tmp/ccPnBWuQ.s]
  ignore line: [GNU assembler version 2.38 (arm-none-eabi) using BFD version (2.38-3ubuntu1+15build1) 2.38]
  ignore line: [COMPILER_PATH=/usr/lib/gcc/arm-none-eabi/10.3.1/:/usr/lib/gcc/arm-none-eabi/10.3.1/:/usr/lib/gcc/arm-none-eabi/:/usr/lib/gcc/arm-none-eabi/10.3.1/:/usr/lib/gcc/arm-none-eabi/:/usr/lib/gcc/arm-none-eabi/10.3.1/../../../arm-none-eabi/bin/]
  ignore line: [LIBRARY_PATH=/usr/lib/gcc/arm-none-eabi/10.3.1/:/usr/lib/gcc/arm-none-eabi/10.3.1/../../../arm-none-eabi/lib/]
  ignore line: [COLLECT_GCC_OPTIONS='-v' '-ggdb3' '-Os' '-fdata-sections' '-ffunction-sections' '-fno-common' '-fno-exceptions' '-Wall' '-Wextra' '-Wshadow' '-Wdouble-promotion' '-Wundef' '-Wconversion' '-o' 'CMakeFiles/cmTC_6300a.dir/CMakeCCompilerABI.c.obj' '-c' '-mcpu=arm7tdmi' '-mfloat-abi=soft' '-marm' '-mlibarch=armv4t' '-march=armv4t']
  ignore line: [Linking C static library libcmTC_6300a.a]
  ignore line: [/usr/bin/cmake -P CMakeFiles/cmTC_6300a.dir/cmake_clean_target.cmake]
  ignore line: [/usr/bin/cmake -E cmake_link_script CMakeFiles/cmTC_6300a.dir/link.txt --verbose=1]
  ignore line: [/usr/bin/arm-none-eabi-ar qc libcmTC_6300a.a CMakeFiles/cmTC_6300a.dir/CMakeCCompilerABI.c.obj]
  ignore line: [/usr/bin/arm-none-eabi-ranlib libcmTC_6300a.a]
  ignore line: [gmake[1]: Leaving directory '/home/nikita/MACHINE/proj/build/CMakeFiles/CMakeTmp']
  ignore line: []
  ignore line: []
  implicit libs: []
  implicit objs: []
  implicit dirs: []
  implicit fwks: []


The target system is: Generic -  - ARM
The host system is: Linux - 6.8.0-107-generic - x86_64
Compiling the CXX compiler identification source file "CMakeCXXCompilerId.cpp" succeeded.
Compiler: /usr/bin/arm-none-eabi-g++ 
Build flags: 
Id flags: -c 

The output was:
0


Compilation of the CXX compiler identification source "CMakeCXXCompilerId.cpp" produced "CMakeCXXCompilerId.o"

The CXX compiler identification is GNU, found in "/home/nikita/MACHINE/proj/build/CMakeFiles/3.22.1/CompilerIdCXX/CMakeCXXCompilerId.o"

Compiling the C compiler identification source file "CMakeCCompilerId.c" succeeded.
Compiler: /usr/bin/arm-none-eabi-gcc 
Build flags: 
Id flags: -c 

The output was:
0


Compilation of the C compiler identification source "CMakeCCompilerId.c" produced "CMakeCCompilerId.o"

The C compiler identification is GNU, found in "/home/nikita/MACHINE/proj/build/CMakeFiles/3.22.1/CompilerIdC/CMakeCCompilerId.o"

Checking whether the ASM compiler is GNU using "--version" matched "(GNU assembler)|(GCC)|(Free Software Foundation)":
arm-none-eabi-gcc (15:10.3-2021.07-4) 10.3.1 20210621 (release)
Copyright (C) 2020 Free Software Foundation, Inc.
This is free software; see the source for copying conditions.  There is NO
warranty; not even for MERCHANTABILITY or FITNESS FOR A PARTICULAR PURPOSE.

Detecting CXX compiler ABI info compiled with the following output:
Change Dir: /home/nikita/MACHINE/proj/build/CMakeFiles/CMakeTmp

Run Build Command(s):/usr/bin/gmake -f Makefile cmTC_55964/fast && /usr/bin/gmake  -f CMakeFiles/cmTC_55964.dir/build.make CMakeFiles/cmTC_55964.dir/build
gmake[1]: Entering directory '/home/nikita/MACHINE/proj/build/CMakeFiles/CMakeTmp'
Building CXX object CMakeFiles/cmTC_55964.dir/CMakeCXXCompilerABI.cpp.obj
/usr/bin/arm-none-eabi-g++   -v -ggdb3 -Os -fdata-sections -ffunction-sections -fno-common -fno-exceptions -Wall -Wextra -Wshadow -Wdouble-promotion -Wundef -Wconversion -o CMakeFiles/cmTC_55964.dir/CMakeCXXCompilerABI.cpp.obj -c /usr/share/cmake-3.22/Modules/CMakeCXXCompilerABI.cpp
Using built-in specs.
COLLECT_GCC=/usr/bin/arm-none-eabi-g++
Target: arm-none-eabi
Configured with: ../configure --build=x86_64-linux-gnu --prefix=/usr --includedir='/usr/lib/include' --mandir='/usr/lib/share/man' --infodir='/usr/lib/share/info' --sysconfdir=/etc --localstatedir=/var --disable-option-checking --disable-silent-rules --libdir='/usr/lib/lib/x86_64-linux-gnu' --libexecdir='/usr/lib/lib/x86_64-linux-gnu' --disable-maintainer-mode --disable-dependency-tracking --mandir=/usr/share/man --enable-languages=c,c++,lto --enable-multilib --disable-decimal-float --disable-libffi --disable-libgomp --disable-libmudflap --disable-libquadmath --disable-libssp --disable-libstdcxx-pch --disable-nls --disable-shared --disable-threads --enable-tls --build=x86_64-linux-gnu --target=arm-none-eabi --with-system-zlib --with-gnu-as --with-gnu-ld --with-pkgversion=15:10.3-2021.07-4 --without-included-gettext --prefix=/usr/lib --infodir=/usr/share/doc/gcc-arm-none-eabi/info --htmldir=/usr/share/doc/gcc-arm-none-eabi/html --pdfdir=/usr/share/doc/gcc-arm-none-eabi/pdf --bindir=/usr/bin --libexecdir=/usr/lib --libdir=/usr/lib --disable-libstdc++-v3 --host=x86_64-linux-gnu --with-headers=no --without-newlib --with-multilib-list=rmprofile,aprofile CFLAGS='-g -O2 -ffile-prefix-map=/build/gcc-arm-none-eabi-hYfgK4/gcc-arm-none-eabi-10.3-2021.07=. -flto=auto -ffat-lto-objects -fstack-protector-strong' CPPFLAGS='-Wdate-time -D_FORTIFY_SOURCE=2' CXXFLAGS='-g -O2 -ffile-prefix-map=/build/gcc-arm-none-eabi-hYfgK4/gcc-arm-none-eabi-10.3-2021.07=. -flto=auto -ffat-lto-objects -fstack-protector-strong' DFLAGS=-frelease FCFLAGS='-g -O2 -ffile-prefix-map=/build/gcc-arm-none-eabi-hYfgK4/gcc-arm-none-eabi-10.3-2021.07=. -flto=auto -ffat-lto-objects -fstack-protector-strong' FFLAGS='-g -O2 -ffile-prefix-map=/build/gcc-arm-none-eabi-hYfgK4/gcc-arm-none-eabi-10.3-2021.07=. -flto=auto -ffat-lto-objects -fstack-protector-strong' GCJFLAGS='-g -O2 -ffile-prefix-map=/build/gcc-arm-none-eabi-hYfgK4/gcc-arm-none-eabi-10.3-2021.07=. -fstack-protector-strong' LDFLAGS='-Wl,-Bsymbolic-functions -flto=auto -Wl,-z,relro' OBJCFLAGS='-g -O2 -ffile-prefix-map=/build/gcc-arm-none-eabi-hYfgK4/gcc-arm-none-eabi-10.3-2021.07=. -flto=auto -ffat-lto-objects -fstack-protector-strong' OBJCXXFLAGS='-g -O2 -ffile-prefix-map=/build/gcc-arm-none-eabi-hYfgK4/gcc-arm-none-eabi-10.3-2021.07=. -flto=auto -ffat-lto-objects -fstack-protector-strong' INHIBIT_LIBC_CFLAGS=-DUSE_TM_CLONE_REGISTRY=0 AR_FOR_TARGET=arm-none-eabi-ar AS_FOR_TARGET=arm-none-eabi-as LD_FOR_TARGET=arm-none-eabi-ld NM_FOR_TARGET=arm-none-eabi-nm OBJDUMP_FOR_TARGET=arm-none-eabi-objdump RANLIB_FOR_TARGET=arm-none-eabi-ranlib READELF_FOR_TARGET=arm-none-eabi-readelf STRIP_FOR_TARGET=arm-none-eabi-strip SED=/bin/sed SHELL=/bin/sh BASH=/bin/bash CONFIG_SHELL=/bin/bash
Thread model: single
Supported LTO compression algorithms: zlib
gcc version 10.3.1 20210621 (release) (15:10.3-2021.07-4) 
COLLECT_GCC_OPTIONS='-v' '-ggdb3' '-Os' '-fdata-sections' '-ffunction-sections' '-fno-common' '-fno-exceptions' '-Wall' '-Wextra' '-Wshadow' '-Wdouble-promotion' '-Wundef' '-Wconversion' '-o' 'CMakeFiles/cmTC_55964.dir/CMakeCXXCompilerABI.cpp.obj' '-c' '-mcpu=arm7tdmi' '-mfloat-abi=soft' '-marm' '-mlibarch=armv4t' '-march=armv4t'
 /usr/lib/gcc/arm-none-eabi/10.3.1/cc1plus -quiet -v -dD -D__USES_INITFINI__ /usr/share/cmake-3.22/Modules/CMakeCXXCompilerABI.cpp -quiet -dumpbase CMakeCXXCompilerABI.cpp -mcpu=arm7tdmi -mfloat-abi=soft -marm -mlibarch=armv4t -march=armv4t -auxbase-strip CMakeFiles/cmTC_55964.dir/CMakeCXXCompilerABI.cpp.obj -ggdb3 -Os -Wall -Wextra -Wshadow -Wdouble-promotion -Wundef -Wconversion -version -fdata-sections -ffunction-sections -fno-common -fno-exceptions -o /tmp/ccMALiRO.s
GNU C++14 (15:10.3-2021.07-4) version 10.3.1 20210621 (release) (arm-none-eabi)
	compiled by GNU C version 11.2.0, GMP version 6.2.1, MPFR version 4.1.0, MPC version 1.2.1, isl version isl-0.24-GMP

GGC heuristics: --param ggc-min-expand=100 --param ggc-min-heapsize=131072
ignoring nonexistent directory "/usr/lib/gcc/arm-none-eabi/10.3.1/../../../arm-none-eabi/sys-include"
#include "..." search starts here:
#include <...> search starts here:
 /usr/lib/gcc/arm-none-eabi/10.3.1/../../../arm-none-eabi/include/c++/10.3.1
 /usr/lib/gcc/arm-none-eabi/10.3.1/../../../arm-none-eabi/include/c++/10.3.1/arm-none-eabi
 /usr/lib/gcc/arm-none-eabi/10.3.1/../../../arm-none-eabi/include/c++/10.3.1/backward
 /usr/lib/gcc/arm-none-eabi/10.3.1/include
 /usr/lib/gcc/arm-none-eabi/10.3.1/include-fixed
 /usr/lib/gcc/arm-none-eabi/10.3.1/../../../arm-none-eabi/include
End of search list.
GNU C++14 (15:10.3-2021.07-4) version 10.3.1 20210621 (release) (arm-none-eabi)
	compiled by GNU C version 11.2.0, GMP version 6.2.1, MPFR version 4.1.0, MPC version 1.2.1, isl version isl-0.24-GMP

GGC heuristics: --param ggc-min-expand=100 --param ggc-min-heapsize=131072
Compiler executable checksum: 4f994585a8ca8864fa1f4d2fb208a0ba
COLLECT_GCC_OPTIONS='-v' '-ggdb3' '-Os' '-fdata-sections' '-ffunction-sections' '-fno-common' '-fno-exceptions' '-Wall' '-Wextra' '-Wshadow' '-Wdouble-promotion' '-Wundef' '-Wconversion' '-o' 'CMakeFiles/cmTC_55964.dir/CMakeCXXCompilerABI.cpp.obj' '-c' '-mcpu=arm7tdmi' '-mfloat-abi=soft' '-marm' '-mlibarch=armv4t' '-march=armv4t'
 /usr/lib/gcc/arm-none-eabi/10.3.1/../../../arm-none-eabi/bin/as -v -march=armv4t -mfloat-abi=soft -meabi=5 -o CMakeFiles/cmTC_55964.dir/CMakeCXXCompilerABI.cpp.obj /tmp/ccMALiRO.s
GNU assembler version 2.38 (arm-none-eabi) using BFD version (2.38-3ubuntu1+15build1) 2.38
COMPILER_PATH=/usr/lib/gcc/arm-none-eabi/10.3.1/:/usr/lib/gcc/arm-none-eabi/10.3.1/:/usr/lib/gcc/arm-none-eabi/:/usr/lib/gcc/arm-none-eabi/10.3.1/:/usr/lib/gcc/arm-none-eabi/:/usr/lib/gcc/arm-none-eabi/10.3.1/../../../arm-none-eabi/bin/
LIBRARY_PATH=/usr/lib/gcc/arm-none-eabi/10.3.1/:/usr/lib/gcc/arm-none-eabi/10.3.1/../../../arm-none-eabi/lib/
COLLECT_GCC_OPTIONS='-v' '-ggdb3' '-Os' '-fdata-sections' '-ffunction-sections' '-fno-common' '-fno-exceptions' '-Wall' '-Wextra' '-Wshadow' '-Wdouble-promotion' '-Wundef' '-Wconversion' '-o' 'CMakeFiles/cmTC_55964.dir/CMakeCXXCompilerABI.cpp.obj' '-c' '-mcpu=arm7tdmi' '-mfloat-abi=soft' '-marm' '-mlibarch=armv4t' '-march=armv4t'
Linking CXX static library libcmTC_55964.a
/usr/bin/cmake -P CMakeFiles/cmTC_55964.dir/cmake_clean_target.cmake
/usr/bin/cmake -E cmake_link_script CMakeFiles/cmTC_55964.dir/link.txt --verbose=1
/usr/bin/arm-none-eabi-ar qc libcmTC_55964.a CMakeFiles/cmTC_55964.dir/CMakeCXXCompilerABI.cpp.obj
/usr/bin/arm-none-eabi-ranlib libcmTC_55964.a
gmake[1]: Leaving directory '/home/nikita/MACHINE/proj/build/CMakeFiles/CMakeTmp'



Parsed CXX implicit include dir info from above output: rv=done
  found start of include info
  found start of implicit include info
    add: [/usr/lib/gcc/arm-none-eabi/10.3.1/../../../arm-none-eabi/include/c++/10.3.1]
    add: [/usr/lib/gcc/arm-none-eabi/10.3.1/../../../arm-none-eabi/include/c++/10.3.1/arm-none-eabi]
    add: [/usr/lib/gcc/arm-none-eabi/10.3.1/../../../arm-none-eabi/include/c++/10.3.1/backward]
    add: [/usr/lib/gcc/arm-none-eabi/10.3.1/include]
    add: [/usr/lib/gcc/arm-none-eabi/10.3.1/include-fixed]
    add: [/usr/lib/gcc/arm-none-eabi/10.3.1/../../../arm-none-eabi/include]
  end of search list found
  collapse include dir [/usr/lib/gcc/arm-none-eabi/10.3.1/../../../arm-none-eabi/include/c++/10.3.1] ==> [/usr/lib/arm-none-eabi/include/c++/10.3.1]
  collapse include dir [/usr/lib/gcc/arm-none-eabi/10.3.1/../../../arm-none-eabi/include/c++/10.3.1/arm-none-eabi] ==> [/usr/lib/arm-none-eabi/include/c++/10.3.1/arm-none-eabi]
  collapse include dir [/usr/lib/gcc/arm-none-eabi/10.3.1/../../../arm-none-eabi/include/c++/10.3.1/backward] ==> [/usr/lib/arm-none-eabi/include/c++/10.3.1/backward]
  collapse include dir [/usr/lib/gcc/arm-none-eabi/10.3.1/include] ==> [/usr/lib/gcc/arm-none-eabi/10.3.1/include]
  collapse include dir [/usr/lib/gcc/arm-none-eabi/10.3.1/include-fixed] ==> [/usr/lib/gcc/arm-none-eabi/10.3.1/include-fixed]
  collapse include dir [/usr/lib/gcc/arm-none-eabi/10.3.1/../../../arm-none-eabi/include] ==> [/usr/lib/arm-none-eabi/include]
  implicit include dirs: [/usr/lib/arm-none-eabi/include/c++/10.3.1;/usr/lib/arm-none-eabi/include/c++/10.3.1/arm-none-eabi;/usr/lib/arm-none-eabi/include/c++/10.3.1/backward;/usr/lib/gcc/arm-none-eabi/10.3.1/include;/usr/lib/gcc/arm-none-eabi/10.3.1/include-fixed;/usr/lib/arm-none-eabi/include]


Parsed CXX implicit link information from above output:
  link line regex: [^( *|.*[/\])(arm-none-eabi-ld|CMAKE_LINK_STARTFILE-NOTFOUND|([^/\]+-)?ld|collect2)[^/\]*( |$)]
  ignore line: [Change Dir: /home/nikita/MACHINE/proj/build/CMakeFiles/CMakeTmp]
  ignore line: []
  ignore line: [Run Build Command(s):/usr/bin/gmake -f Makefile cmTC_55964/fast && /usr/bin/gmake  -f CMakeFiles/cmTC_55964.dir/build.make CMakeFiles/cmTC_55964.dir/build]
  ignore line: [gmake[1]: Entering directory '/home/nikita/MACHINE/proj/build/CMakeFiles/CMakeTmp']
  ignore line: [Building CXX object CMakeFiles/cmTC_55964.dir/CMakeCXXCompilerABI.cpp.obj]
  ignore line: [/usr/bin/arm-none-eabi-g++   -v -ggdb3 -Os -fdata-sections -ffunction-sections -fno-common -fno-exceptions -Wall -Wextra -Wshadow -Wdouble-promotion -Wundef -Wconversion -o CMakeFiles/cmTC_55964.dir/CMakeCXXCompilerABI.cpp.obj -c /usr/share/cmake-3.22/Modules/CMakeCXXCompilerABI.cpp]
  ignore line: [Using built-in specs.]
  ignore line: [COLLECT_GCC=/usr/bin/arm-none-eabi-g++]
  ignore line: [Target: arm-none-eabi]
  ignore line: [Configured with: ../configure --build=x86_64-linux-gnu --prefix=/usr --includedir='/usr/lib/include' --mandir='/usr/lib/share/man' --infodir='/usr/lib/share/info' --sysconfdir=/etc --localstatedir=/var --disable-option-checking --disable-silent-rules --libdir='/usr/lib/lib/x86_64-linux-gnu' --libexecdir='/usr/lib/lib/x86_64-linux-gnu' --disable-maintainer-mode --disable-dependency-tracking --mandir=/usr/share/man --enable-languages=c,c++,lto --enable-multilib --disable-decimal-float --disable-libffi --disable-libgomp --disable-libmudflap --disable-libquadmath --disable-libssp --disable-libstdcxx-pch --disable-nls --disable-shared --disable-threads --enable-tls --build=x86_64-linux-gnu --target=arm-none-eabi --with-system-zlib --with-gnu-as --with-gnu-ld --with-pkgversion=15:10.3-2021.07-4 --without-included-gettext --prefix=/usr/lib --infodir=/usr/share/doc/gcc-arm-none-eabi/info --htmldir=/usr/share/doc/gcc-arm-none-eabi/html --pdfdir=/usr/share/doc/gcc-arm-none-eabi/pdf --bindir=/usr/bin --libexecdir=/usr/lib --libdir=/usr/lib --disable-libstdc++-v3 --host=x86_64-linux-gnu --with-headers=no --without-newlib --with-multilib-list=rmprofile,aprofile CFLAGS='-g -O2 -ffile-prefix-map=/build/gcc-arm-none-eabi-hYfgK4/gcc-arm-none-eabi-10.3-2021.07=. -flto=auto -ffat-lto-objects -fstack-protector-strong' CPPFLAGS='-Wdate-time -D_FORTIFY_SOURCE=2' CXXFLAGS='-g -O2 -ffile-prefix-map=/build/gcc-arm-none-eabi-hYfgK4/gcc-arm-none-eabi-10.3-2021.07=. -flto=auto -ffat-lto-objects -fstack-protector-strong' DFLAGS=-frelease FCFLAGS='-g -O2 -ffile-prefix-map=/build/gcc-arm-none-eabi-hYfgK4/gcc-arm-none-eabi-10.3-2021.07=. -flto=auto -ffat-lto-objects -fstack-protector-strong' FFLAGS='-g -O2 -ffile-prefix-map=/build/gcc-arm-none-eabi-hYfgK4/gcc-arm-none-eabi-10.3-2021.07=. -flto=auto -ffat-lto-objects -fstack-protector-strong' GCJFLAGS='-g -O2 -ffile-prefix-map=/build/gcc-arm-none-eabi-hYfgK4/gcc-arm-none-eabi-10.3-2021.07=. -fstack-protector-strong' LDFLAGS='-Wl,-Bsymbolic-functions -flto=auto -Wl,-z,relro' OBJCFLAGS='-g -O2 -ffile-prefix-map=/build/gcc-arm-none-eabi-hYfgK4/gcc-arm-none-eabi-10.3-2021.07=. -flto=auto -ffat-lto-objects -fstack-protector-strong' OBJCXXFLAGS='-g -O2 -ffile-prefix-map=/build/gcc-arm-none-eabi-hYfgK4/gcc-arm-none-eabi-10.3-2021.07=. -flto=auto -ffat-lto-objects -fstack-protector-strong' INHIBIT_LIBC_CFLAGS=-DUSE_TM_CLONE_REGISTRY=0 AR_FOR_TARGET=arm-none-eabi-ar AS_FOR_TARGET=arm-none-eabi-as LD_FOR_TARGET=arm-none-eabi-ld NM_FOR_TARGET=arm-none-eabi-nm OBJDUMP_FOR_TARGET=arm-none-eabi-objdump RANLIB_FOR_TARGET=arm-none-eabi-ranlib READELF_FOR_TARGET=arm-none-eabi-readelf STRIP_FOR_TARGET=arm-none-eabi-strip SED=/bin/sed SHELL=/bin/sh BASH=/bin/bash CONFIG_SHELL=/bin/bash]
  ignore line: [Thread model: single]
  ignore line: [Supported LTO compression algorithms: zlib]
  ignore line: [gcc version 10.3.1 20210621 (release) (15:10.3-2021.07-4) ]
  ignore line: [COLLECT_GCC_OPTIONS='-v' '-ggdb3' '-Os' '-fdata-sections' '-ffunction-sections' '-fno-common' '-fno-exceptions' '-Wall' '-Wextra' '-Wshadow' '-Wdouble-promotion' '-Wundef' '-Wconversion' '-o' 'CMakeFiles/cmTC_55964.dir/CMakeCXXCompilerABI.cpp.obj' '-c' '-mcpu=arm7tdmi' '-mfloat-abi=soft' '-marm' '-mlibarch=armv4t' '-march=armv4t']
  ignore line: [ /usr/lib/gcc/arm-none-eabi/10.3.1/cc1plus -quiet -v -dD -D__USES_INITFINI__ /usr/share/cmake-3.22/Modules/CMakeCXXCompilerABI.cpp -quiet -dumpbase CMakeCXXCompilerABI.cpp -mcpu=arm7tdmi -mfloat-abi=soft -marm -mlibarch=armv4t -march=armv4t -auxbase-strip CMakeFiles/cmTC_55964.dir/CMakeCXXCompilerABI.cpp.obj -ggdb3 -Os -Wall -Wextra -Wshadow -Wdouble-promotion -Wundef -Wconversion -version -fdata-sections -ffunction-sections -fno-common -fno-exceptions -o /tmp/ccMALiRO.s]
  ignore line: [GNU C++14 (15:10.3-2021.07-4) version 10.3.1 20210621 (release) (arm-none-eabi)]
  ignore line: [	compiled by GNU C version 11.2.0  GMP version 6.2.1  MPFR version 4.1.0  MPC version 1.2.1  isl version isl-0.24-GMP]
  ignore line: []
  ignore line: [GGC heuristics: --param ggc-min-expand=100 --param ggc-min-heapsize=131072]
  ignore line: [ignoring nonexistent directory "/usr/lib/gcc/arm-none-eabi/10.3.1/../../../arm-none-eabi/sys-include"]
  ignore line: [#include "..." search starts here:]
  ignore line: [#include <...> search starts here:]
  ignore line: [ /usr/lib/gcc/arm-none-eabi/10.3.1/../../../arm-none-eabi/include/c++/10.3.1]
  ignore line: [ /usr/lib/gcc/arm-none-eabi/10.3.1/../../../arm-none-eabi/include/c++/10.3.1/arm-none-eabi]
  ignore line: [ /usr/lib/gcc/arm-none-eabi/10.3.1/../../../arm-none-eabi/include/c++/10.3.1/backward]
  ignore line: [ /usr/lib/gcc/arm-none-eabi/10.3.1/include]
  ignore line: [ /usr/lib/gcc/arm-none-eabi/10.3.1/include-fixed]
  ignore line: [ /usr/lib/gcc/arm-none-eabi/10.3.1/../../../arm-none-eabi/include]
  ignore line: [End of search list.]
  ignore line: [GNU C++14 (15:10.3-2021.07-4) version 10.3.1 20210621 (release) (arm-none-eabi)]
  ignore line: [	compiled by GNU C version 11.2.0  GMP version 6.2.1  MPFR version 4.1.0  MPC version 1.2.1  isl version isl-0.24-GMP]
  ignore line: []
  ignore line: [GGC heuristics: --param ggc-min-expand=100 --param ggc-min-heapsize=131072]
  ignore line: [Compiler executable checksum: 4f994585a8ca8864fa1f4d2fb208a0ba]
  ignore line: [COLLECT_GCC_OPTIONS='-v' '-ggdb3' '-Os' '-fdata-sections' '-ffunction-sections' '-fno-common' '-fno-exceptions' '-Wall' '-Wextra' '-Wshadow' '-Wdouble-promotion' '-Wundef' '-Wconversion' '-o' 'CMakeFiles/cmTC_55964.dir/CMakeCXXCompilerABI.cpp.obj' '-c' '-mcpu=arm7tdmi' '-mfloat-abi=soft' '-marm' '-mlibarch=armv4t' '-march=armv4t']
  ignore line: [ /usr/lib/gcc/arm-none-eabi/10.3.1/../../../arm-none-eabi/bin/as -v -march=armv4t -mfloat-abi=soft -meabi=5 -o CMakeFiles/cmTC_55964.dir/CMakeCXXCompilerABI.cpp.obj /tmp/ccMALiRO.s]
  ignore line: [GNU assembler version 2.38 (arm-none-eabi) using BFD version (2.38-3ubuntu1+15build1) 2.38]
  ignore line: [COMPILER_PATH=/usr/lib/gcc/arm-none-eabi/10.3.1/:/usr/lib/gcc/arm-none-eabi/10.3.1/:/usr/lib/gcc/arm-none-eabi/:/usr/lib/gcc/arm-none-eabi/10.3.1/:/usr/lib/gcc/arm-none-eabi/:/usr/lib/gcc/arm-none-eabi/10.3.1/../../../arm-none-eabi/bin/]
  ignore line: [LIBRARY_PATH=/usr/lib/gcc/arm-none-eabi/10.3.1/:/usr/lib/gcc/arm-none-eabi/10.3.1/../../../arm-none-eabi/lib/]
  ignore line: [COLLECT_GCC_OPTIONS='-v' '-ggdb3' '-Os' '-fdata-sections' '-ffunction-sections' '-fno-common' '-fno-exceptions' '-Wall' '-Wextra' '-Wshadow' '-Wdouble-promotion' '-Wundef' '-Wconversion' '-o' 'CMakeFiles/cmTC_55964.dir/CMakeCXXCompilerABI.cpp.obj' '-c' '-mcpu=arm7tdmi' '-mfloat-abi=soft' '-marm' '-mlibarch=armv4t' '-march=armv4t']
  ignore line: [Linking CXX static library libcmTC_55964.a]
  ignore line: [/usr/bin/cmake -P CMakeFiles/cmTC_55964.dir/cmake_clean_target.cmake]
  ignore line: [/usr/bin/cmake -E cmake_link_script CMakeFiles/cmTC_55964.dir/link.txt --verbose=1]
  ignore line: [/usr/bin/arm-none-eabi-ar qc libcmTC_55964.a CMakeFiles/cmTC_55964.dir/CMakeCXXCompilerABI.cpp.obj]
  ignore line: [/usr/bin/arm-none-eabi-ranlib libcmTC_55964.a]
  ignore line: [gmake[1]: Leaving directory '/home/nikita/MACHINE/proj/build/CMakeFiles/CMakeTmp']
  ignore line: []
  ignore line: []
  implicit libs: []
  implicit objs: []
  implicit dirs: []
  implicit fwks: []


Detecting C compiler ABI info compiled with the following output:
Change Dir: /home/nikita/MACHINE/proj/build/CMakeFiles/CMakeTmp

Run Build Command(s):/usr/bin/gmake -f Makefile cmTC_481d9/fast && /usr/bin/gmake  -f CMakeFiles/cmTC_481d9.dir/build.make CMakeFiles/cmTC_481d9.dir/build
gmake[1]: Entering directory '/home/nikita/MACHINE/proj/build/CMakeFiles/CMakeTmp'
Building C object CMakeFiles/cmTC_481d9.dir/CMakeCCompilerABI.c.obj
/usr/bin/arm-none-eabi-gcc   -v -ggdb3 -Os -fdata-sections -ffunction-sections -fno-common -fno-exceptions -Wall -Wextra -Wshadow -Wdouble-promotion -Wundef -Wconversion -o CMakeFiles/cmTC_481d9.dir/CMakeCCompilerABI.c.obj -c /usr/share/cmake-3.22/Modules/CMakeCCompilerABI.c
Using built-in specs.
COLLECT_GCC=/usr/bin/arm-none-eabi-gcc
Target: arm-none-eabi
Configured with: ../configure --build=x86_64-linux-gnu --prefix=/usr --includedir='/usr/lib/include' --mandir='/usr/lib/share/man' --infodir='/usr/lib/share/info' --sysconfdir=/etc --localstatedir=/var --disable-option-checking --disable-silent-rules --libdir='/usr/lib/lib/x86_64-linux-gnu' --libexecdir='/usr/lib/lib/x86_64-linux-gnu' --disable-maintainer-mode --disable-dependency-tracking --mandir=/usr/share/man --enable-languages=c,c++,lto --enable-multilib --disable-decimal-float --disable-libffi --disable-libgomp --disable-libmudflap --disable-libquadmath --disable-libssp --disable-libstdcxx-pch --disable-nls --disable-shared --disable-threads --enable-tls --build=x86_64-linux-gnu --target=arm-none-eabi --with-system-zlib --with-gnu-as --with-gnu-ld --with-pkgversion=15:10.3-2021.07-4 --without-included-gettext --prefix=/usr/lib --infodir=/usr/share/doc/gcc-arm-none-eabi/info --htmldir=/usr/share/doc/gcc-arm-none-eabi/html --pdfdir=/usr/share/doc/gcc-arm-none-eabi/pdf --bindir=/usr/bin --libexecdir=/usr/lib --libdir=/usr/lib --disable-libstdc++-v3 --host=x86_64-linux-gnu --with-headers=no --without-newlib --with-multilib-list=rmprofile,aprofile CFLAGS='-g -O2 -ffile-prefix-map=/build/gcc-arm-none-eabi-hYfgK4/gcc-arm-none-eabi-10.3-2021.07=. -flto=auto -ffat-lto-objects -fstack-protector-strong' CPPFLAGS='-Wdate-time -D_FORTIFY_SOURCE=2' CXXFLAGS='-g -O2 -ffile-prefix-map=/build/gcc-arm-none-eabi-hYfgK4/gcc-arm-none-eabi-10.3-2021.07=. -flto=auto -ffat-lto-objects -fstack-protector-strong' DFLAGS=-frelease FCFLAGS='-g -O2 -ffile-prefix-map=/build/gcc-arm-none-eabi-hYfgK4/gcc-arm-none-eabi-10.3-2021.07=. -flto=auto -ffat-lto-objects -fstack-protector-strong' FFLAGS='-g -O2 -ffile-prefix-map=/build/gcc-arm-none-eabi-hYfgK4/gcc-arm-none-eabi-10.3-2021.07=. -flto=auto -ffat-lto-objects -fstack-protector-strong' GCJFLAGS='-g -O2 -ffile-prefix-map=/build/gcc-arm-none-eabi-hYfgK4/gcc-arm-none-eabi-10.3-2021.07=. -fstack-protector-strong' LDFLAGS='-Wl,-Bsymbolic-functions -flto=auto -Wl,-z,relro' OBJCFLAGS='-g -O2 -ffile-prefix-map=/build/gcc-arm-none-eabi-hYfgK4/gcc-arm-none-eabi-10.3-2021.07=. -flto=auto -ffat-lto-objects -fstack-protector-strong' OBJCXXFLAGS='-g -O2 -ffile-prefix-map=/build/gcc-arm-none-eabi-hYfgK4/gcc-arm-none-eabi-10.3-2021.07=. -flto=auto -ffat-lto-objects -fstack-protector-strong' INHIBIT_LIBC_CFLAGS=-DUSE_TM_CLONE_REGISTRY=0 AR_FOR_TARGET=arm-none-eabi-ar AS_FOR_TARGET=arm-none-eabi-as LD_FOR_TARGET=arm-none-eabi-ld NM_FOR_TARGET=arm-none-eabi-nm OBJDUMP_FOR_TARGET=arm-none-eabi-objdump RANLIB_FOR_TARGET=arm-none-eabi-ranlib READELF_FOR_TARGET=arm-none-eabi-readelf STRIP_FOR_TARGET=arm-none-eabi-strip SED=/bin/sed SHELL=/bin/sh BASH=/bin/bash CONFIG_SHELL=/bin/bash
Thread model: single
Supported LTO compression algorithms: zlib
gcc version 10.3.1 20210621 (release) (15:10.3-2021.07-4) 
COLLECT_GCC_OPTIONS='-v' '-ggdb3' '-Os' '-fdata-sections' '-ffunction-sections' '-fno-common' '-fno-exceptions' '-Wall' '-Wextra' '-Wshadow' '-Wdouble-promotion' '-Wundef' '-Wconversion' '-o' 'CMakeFiles/cmTC_481d9.dir/CMakeCCompilerABI.c.obj' '-c' '-mcpu=arm7tdmi' '-mfloat-abi=soft' '-marm' '-mlibarch=armv4t' '-march=armv4t'
 /usr/lib/gcc/arm-none-eabi/10.3.1/cc1 -quiet -v -dD -D__USES_INITFINI__ /usr/share/cmake-3.22/Modules/CMakeCCompilerABI.c -quiet -dumpbase CMakeCCompilerABI.c -mcpu=arm7tdmi -mfloat-abi=soft -marm -mlibarch=armv4t -march=armv4t -auxbase-strip CMakeFiles/cmTC_481d9.dir/CMakeCCompilerABI.c.obj -ggdb3 -Os -Wall -Wextra -Wshadow -Wdouble-promotion -Wundef -Wconversion -version -fdata-sections -ffunction-sections -fno-common -fno-exceptions -o /tmp/cc14nIsm.s
GNU C17 (15:10.3-2021.07-4) version 10.3.1 20210621 (release) (arm-none-eabi)
	compiled by GNU C version 11.2.0, GMP version 6.2.1, MPFR version 4.1.0, MPC version 1.2.1, isl version isl-0.24-GMP

GGC heuristics: --param ggc-min-expand=100 --param ggc-min-heapsize=131072
ignoring nonexistent directory "/usr/lib/gcc/arm-none-eabi/10.3.1/../../../arm-none-eabi/sys-include"
#include "..." search starts here:
#include <...> search starts here:
 /usr/lib/gcc/arm-none-eabi/10.3.1/include
 /usr/lib/gcc/arm-none-eabi/10.3.1/include-fixed
 /usr/lib/gcc/arm-none-eabi/10.3.1/../../../arm-none-eabi/include
End of search list.
GNU C17 (15:10.3-2021.07-4) version 10.3.1 20210621 (release) (arm-none-eabi)
	compiled by GNU C version 11.2.0, GMP version 6.2.1, MPFR version 4.1.0, MPC version 1.2.1, isl version isl-0.24-GMP

GGC heuristics: --param ggc-min-expand=100 --param ggc-min-heapsize=131072
Compiler executable checksum: 4cf7574ae54eb0935abb4a8c56f8bcfe
COLLECT_GCC_OPTIONS='-v' '-ggdb3' '-Os' '-fdata-sections' '-ffunction-sections' '-fno-common' '-fno-exceptions' '-Wall' '-Wextra' '-Wshadow' '-Wdouble-promotion' '-Wundef' '-Wconversion' '-o' 'CMakeFiles/cmTC_481d9.dir/CMakeCCompilerABI.c.obj' '-c' '-mcpu=arm7tdmi' '-mfloat-abi=soft' '-marm' '-mlibarch=armv4t' '-march=armv4t'
 /usr/lib/gcc/arm-none-eabi/10.3.1/../../../arm-none-eabi/bin/as -v -march=armv4t -mfloat-abi=soft -meabi=5 -o CMakeFiles/cmTC_481d9.dir/CMakeCCompilerABI.c.obj /tmp/cc14nIsm.s
GNU assembler version 2.38 (arm-none-eabi) using BFD version (2.38-3ubuntu1+15build1) 2.38
COMPILER_PATH=/usr/lib/gcc/arm-none-eabi/10.3.1/:/usr/lib/gcc/arm-none-eabi/10.3.1/:/usr/lib/gcc/arm-none-eabi/:/usr/lib/gcc/arm-none-eabi/10.3.1/:/usr/lib/gcc/arm-none-eabi/:/usr/lib/gcc/arm-none-eabi/10.3.1/../../../arm-none-eabi/bin/
LIBRARY_PATH=/usr/lib/gcc/arm-none-eabi/10.3.1/:/usr/lib/gcc/arm-none-eabi/10.3.1/../../../arm-none-eabi/lib/
COLLECT_GCC_OPTIONS='-v' '-ggdb3' '-Os' '-fdata-sections' '-ffunction-sections' '-fno-common' '-fno-exceptions' '-Wall' '-Wextra' '-Wshadow' '-Wdouble-promotion' '-Wundef' '-Wconversion' '-o' 'CMakeFiles/cmTC_481d9.dir/CMakeCCompilerABI.c.obj' '-c' '-mcpu=arm7tdmi' '-mfloat-abi=soft' '-marm' '-mlibarch=armv4t' '-march=armv4t'
Linking C static library libcmTC_481d9.a
/usr/bin/cmake -P CMakeFiles/cmTC_481d9.dir/cmake_clean_target.cmake
/usr/bin/cmake -E cmake_link_script CMakeFiles/cmTC_481d9.dir/link.txt --verbose=1
/usr/bin/arm-none-eabi-ar qc libcmTC_481d9.a CMakeFiles/cmTC_481d9.dir/CMakeCCompilerABI.c.obj
/usr/bin/arm-none-eabi-ranlib libcmTC_481d9.a
gmake[1]: Leaving directory '/home/nikita/MACHINE/proj/build/CMakeFiles/CMakeTmp'



Parsed C implicit include dir info from above output: rv=done
  found start of include info
  found start of implicit include info
    add: [/usr/lib/gcc/arm-none-eabi/10.3.1/include]
    add: [/usr/lib/gcc/arm-none-eabi/10.3.1/include-fixed]
    add: [/usr/lib/gcc/arm-none-eabi/10.3.1/../../../arm-none-eabi/include]
  end of search list found
  collapse include dir [/usr/lib/gcc/arm-none-eabi/10.3.1/include] ==> [/usr/lib/gcc/arm-none-eabi/10.3.1/include]
  collapse include dir [/usr/lib/gcc/arm-none-eabi/10.3.1/include-fixed] ==> [/usr/lib/gcc/arm-none-eabi/10.3.1/include-fixed]
  collapse include dir [/usr/lib/gcc/arm-none-eabi/10.3.1/../../../arm-none-eabi/include] ==> [/usr/lib/arm-none-eabi/include]
  implicit include dirs: [/usr/lib/gcc/arm-none-eabi/10.3.1/include;/usr/lib/gcc/arm-none-eabi/10.3.1/include-fixed;/usr/lib/arm-none-eabi/include]


Parsed C implicit link information from above output:
  link line regex: [^( *|.*[/\])(arm-none-eabi-ld|CMAKE_LINK_STARTFILE-NOTFOUND|([^/\]+-)?ld|collect2)[^/\]*( |$)]
  ignore line: [Change Dir: /home/nikita/MACHINE/proj/build/CMakeFiles/CMakeTmp]
  ignore line: []
  ignore line: [Run Build Command(s):/usr/bin/gmake -f Makefile cmTC_481d9/fast && /usr/bin/gmake  -f CMakeFiles/cmTC_481d9.dir/build.make CMakeFiles/cmTC_481d9.dir/build]
  ignore line: [gmake[1]: Entering directory '/home/nikita/MACHINE/proj/build/CMakeFiles/CMakeTmp']
  ignore line: [Building C object CMakeFiles/cmTC_481d9.dir/CMakeCCompilerABI.c.obj]
  ignore line: [/usr/bin/arm-none-eabi-gcc   -v -ggdb3 -Os -fdata-sections -ffunction-sections -fno-common -fno-exceptions -Wall -Wextra -Wshadow -Wdouble-promotion -Wundef -Wconversion -o CMakeFiles/cmTC_481d9.dir/CMakeCCompilerABI.c.obj -c /usr/share/cmake-3.22/Modules/CMakeCCompilerABI.c]
  ignore line: [Using built-in specs.]
  ignore line: [COLLECT_GCC=/usr/bin/arm-none-eabi-gcc]
  ignore line: [Target: arm-none-eabi]
  ignore line: [Configured with: ../configure --build=x86_64-linux-gnu --prefix=/usr --includedir='/usr/lib/include' --mandir='/usr/lib/share/man' --infodir='/usr/lib/share/info' --sysconfdir=/etc --localstatedir=/var --disable-option-checking --disable-silent-rules --libdir='/usr/lib/lib/x86_64-linux-gnu' --libexecdir='/usr/lib/lib/x86_64-linux-gnu' --disable-maintainer-mode --disable-dependency-tracking --mandir=/usr/share/man --enable-languages=c,c++,lto --enable-multilib --disable-decimal-float --disable-libffi --disable-libgomp --disable-libmudflap --disable-libquadmath --disable-libssp --disable-libstdcxx-pch --disable-nls --disable-shared --disable-threads --enable-tls --build=x86_64-linux-gnu --target=arm-none-eabi --with-system-zlib --with-gnu-as --with-gnu-ld --with-pkgversion=15:10.3-2021.07-4 --without-included-gettext --prefix=/usr/lib --infodir=/usr/share/doc/gcc-arm-none-eabi/info --htmldir=/usr/share/doc/gcc-arm-none-eabi/html --pdfdir=/usr/share/doc/gcc-arm-none-eabi/pdf --bindir=/usr/bin --libexecdir=/usr/lib --libdir=/usr/lib --disable-libstdc++-v3 --host=x86_64-linux-gnu --with-headers=no --without-newlib --with-multilib-list=rmprofile,aprofile CFLAGS='-g -O2 -ffile-prefix-map=/build/gcc-arm-none-eabi-hYfgK4/gcc-arm-none-eabi-10.3-2021.07=. -flto=auto -ffat-lto-objects -fstack-protector-strong' CPPFLAGS='-Wdate-time -D_FORTIFY_SOURCE=2' CXXFLAGS='-g -O2 -ffile-prefix-map=/build/gcc-arm-none-eabi-hYfgK4/gcc-arm-none-eabi-10.3-2021.07=. -flto=auto -ffat-lto-objects -fstack-protector-strong' DFLAGS=-frelease FCFLAGS='-g -O2 -ffile-prefix-map=/build/gcc-arm-none-eabi-hYfgK4/gcc-arm-none-eabi-10.3-2021.07=. -flto=auto -ffat-lto-objects -fstack-protector-strong' FFLAGS='-g -O2 -ffile-prefix-map=/build/gcc-arm-none-eabi-hYfgK4/gcc-arm-none-eabi-10.3-2021.07=. -flto=auto -ffat-lto-objects -fstack-protector-strong' GCJFLAGS='-g -O2 -ffile-prefix-map=/build/gcc-arm-none-eabi-hYfgK4/gcc-arm-none-eabi-10.3-2021.07=. -fstack-protector-strong' LDFLAGS='-Wl,-Bsymbolic-functions -flto=auto -Wl,-z,relro' OBJCFLAGS='-g -O2 -ffile-prefix-map=/build/gcc-arm-none-eabi-hYfgK4/gcc-arm-none-eabi-10.3-2021.07=. -flto=auto -ffat-lto-objects -fstack-protector-strong' OBJCXXFLAGS='-g -O2 -ffile-prefix-map=/build/gcc-arm-none-eabi-hYfgK4/gcc-arm-none-eabi-10.3-2021.07=. -flto=auto -ffat-lto-objects -fstack-protector-strong' INHIBIT_LIBC_CFLAGS=-DUSE_TM_CLONE_REGISTRY=0 AR_FOR_TARGET=arm-none-eabi-ar AS_FOR_TARGET=arm-none-eabi-as LD_FOR_TARGET=arm-none-eabi-ld NM_FOR_TARGET=arm-none-eabi-nm OBJDUMP_FOR_TARGET=arm-none-eabi-objdump RANLIB_FOR_TARGET=arm-none-eabi-ranlib READELF_FOR_TARGET=arm-none-eabi-readelf STRIP_FOR_TARGET=arm-none-eabi-strip SED=/bin/sed SHELL=/bin/sh BASH=/bin/bash CONFIG_SHELL=/bin/bash]
  ignore line: [Thread model: single]
  ignore line: [Supported LTO compression algorithms: zlib]
  ignore line: [gcc version 10.3.1 20210621 (release) (15:10.3-2021.07-4) ]
  ignore line: [COLLECT_GCC_OPTIONS='-v' '-ggdb3' '-Os' '-fdata-sections' '-ffunction-sections' '-fno-common' '-fno-exceptions' '-Wall' '-Wextra' '-Wshadow' '-Wdouble-promotion' '-Wundef' '-Wconversion' '-o' 'CMakeFiles/cmTC_481d9.dir/CMakeCCompilerABI.c.obj' '-c' '-mcpu=arm7tdmi' '-mfloat-abi=soft' '-marm' '-mlibarch=armv4t' '-march=armv4t']
  ignore line: [ /usr/lib/gcc/arm-none-eabi/10.3.1/cc1 -quiet -v -dD -D__USES_INITFINI__ /usr/share/cmake-3.22/Modules/CMakeCCompilerABI.c -quiet -dumpbase CMakeCCompilerABI.c -mcpu=arm7tdmi -mfloat-abi=soft -marm -mlibarch=armv4t -march=armv4t -auxbase-strip CMakeFiles/cmTC_481d9.dir/CMakeCCompilerABI.c.obj -ggdb3 -Os -Wall -Wextra -Wshadow -Wdouble-promotion -Wundef -Wconversion -version -fdata-sections -ffunction-sections -fno-common -fno-exceptions -o /tmp/cc14nIsm.s]
  ignore line: [GNU C17 (15:10.3-2021.07-4) version 10.3.1 20210621 (release) (arm-none-eabi)]
  ignore line: [	compiled by GNU C version 11.2.0  GMP version 6.2.1  MPFR version 4.1.0  MPC version 1.2.1  isl version isl-0.24-GMP]
  ignore line: []
  ignore line: [GGC heuristics: --param ggc-min-expand=100 --param ggc-min-heapsize=131072]
  ignore line: [ignoring nonexistent directory "/usr/lib/gcc/arm-none-eabi/10.3.1/../../../arm-none-eabi/sys-include"]
  ignore line: [#include "..." search starts here:]
  ignore line: [#include <...> search starts here:]
  ignore line: [ /usr/lib/gcc/arm-none-eabi/10.3.1/include]
  ignore line: [ /usr/lib/gcc/arm-none-eabi/10.3.1/include-fixed]
  ignore line: [ /usr/lib/gcc/arm-none-eabi/10.3.1/../../../arm-none-eabi/include]
  ignore line: [End of search list.]
  ignore line: [GNU C17 (15:10.3-2021.07-4) version 10.3.1 20210621 (release) (arm-none-eabi)]
  ignore line: [	compiled by GNU C version 11.2.0  GMP version 6.2.1  MPFR version 4.1.0  MPC version 1.2.1  isl version isl-0.24-GMP]
  ignore line: []
  ignore line: [GGC heuristics: --param ggc-min-expand=100 --param ggc-min-heapsize=131072]
  ignore line: [Compiler executable checksum: 4cf7574ae54eb0935abb4a8c56f8bcfe]
  ignore line: [COLLECT_GCC_OPTIONS='-v' '-ggdb3' '-Os' '-fdata-sections' '-ffunction-sections' '-fno-common' '-fno-exceptions' '-Wall' '-Wextra' '-Wshadow' '-Wdouble-promotion' '-Wundef' '-Wconversion' '-o' 'CMakeFiles/cmTC_481d9.dir/CMakeCCompilerABI.c.obj' '-c' '-mcpu=arm7tdmi' '-mfloat-abi=soft' '-marm' '-mlibarch=armv4t' '-march=armv4t']
  ignore line: [ /usr/lib/gcc/arm-none-eabi/10.3.1/../../../arm-none-eabi/bin/as -v -march=armv4t -mfloat-abi=soft -meabi=5 -o CMakeFiles/cmTC_481d9.dir/CMakeCCompilerABI.c.obj /tmp/cc14nIsm.s]
  ignore line: [GNU assembler version 2.38 (arm-none-eabi) using BFD version (2.38-3ubuntu1+15build1) 2.38]
  ignore line: [COMPILER_PATH=/usr/lib/gcc/arm-none-eabi/10.3.1/:/usr/lib/gcc/arm-none-eabi/10.3.1/:/usr/lib/gcc/arm-none-eabi/:/usr/lib/gcc/arm-none-eabi/10.3.1/:/usr/lib/gcc/arm-none-eabi/:/usr/lib/gcc/arm-none-eabi/10.3.1/../../../arm-none-eabi/bin/]
  ignore line: [LIBRARY_PATH=/usr/lib/gcc/arm-none-eabi/10.3.1/:/usr/lib/gcc/arm-none-eabi/10.3.1/../../../arm-none-eabi/lib/]
  ignore line: [COLLECT_GCC_OPTIONS='-v' '-ggdb3' '-Os' '-fdata-sections' '-ffunction-sections' '-fno-common' '-fno-exceptions' '-Wall' '-Wextra' '-Wshadow' '-Wdouble-promotion' '-Wundef' '-Wconversion' '-o' 'CMakeFiles/cmTC_481d9.dir/CMakeCCompilerABI.c.obj' '-c' '-mcpu=arm7tdmi' '-mfloat-abi=soft' '-marm' '-mlibarch=armv4t' '-march=armv4t']
  ignore line: [Linking C static library libcmTC_481d9.a]
  ignore line: [/usr/bin/cmake -P CMakeFiles/cmTC_481d9.dir/cmake_clean_target.cmake]
  ignore line: [/usr/bin/cmake -E cmake_link_script CMakeFiles/cmTC_481d9.dir/link.txt --verbose=1]
  ignore line: [/usr/bin/arm-none-eabi-ar qc libcmTC_481d9.a CMakeFiles/cmTC_481d9.dir/CMakeCCompilerABI.c.obj]
  ignore line: [/usr/bin/arm-none-eabi-ranlib libcmTC_481d9.a]
  ignore line: [gmake[1]: Leaving directory '/home/nikita/MACHINE/proj/build/CMakeFiles/CMakeTmp']
  ignore line: []
  ignore line: []
  implicit libs: []
  implicit objs: []
  implicit dirs: []
  implicit fwks: []


The target system is: Generic -  - ARM
The host system is: Linux - 6.8.0-107-generic - x86_64
Compiling the CXX compiler identification source file "CMakeCXXCompilerId.cpp" succeeded.
Compiler: /usr/bin/arm-none-eabi-g++ 
Build flags: 
Id flags: -c 

The output was:
0


Compilation of the CXX compiler identification source "CMakeCXXCompilerId.cpp" produced "CMakeCXXCompilerId.o"

The CXX compiler identification is GNU, found in "/home/nikita/MACHINE/proj/build/CMakeFiles/3.22.1/CompilerIdCXX/CMakeCXXCompilerId.o"

Compiling the C compiler identification source file "CMakeCCompilerId.c" succeeded.
Compiler: /usr/bin/arm-none-eabi-gcc 
Build flags: 
Id flags: -c 

The output was:
0


Compilation of the C compiler identification source "CMakeCCompilerId.c" produced "CMakeCCompilerId.o"

The C compiler identification is GNU, found in "/home/nikita/MACHINE/proj/build/CMakeFiles/3.22.1/CompilerIdC/CMakeCCompilerId.o"

Checking whether the ASM compiler is GNU using "--version" matched "(GNU assembler)|(GCC)|(Free Software Foundation)":
arm-none-eabi-gcc (15:10.3-2021.07-4) 10.3.1 20210621 (release)
Copyright (C) 2020 Free Software Foundation, Inc.
This is free software; see the source for copying conditions.  There is NO
warranty; not even for MERCHANTABILITY or FITNESS FOR A PARTICULAR PURPOSE.

Detecting CXX compiler ABI info compiled with the following output:
Change Dir: /home/nikita/MACHINE/proj/build/CMakeFiles/CMakeTmp

Run Build Command(s):/usr/bin/gmake -f Makefile cmTC_9f6dd/fast && /usr/bin/gmake  -f CMakeFiles/cmTC_9f6dd.dir/build.make CMakeFiles/cmTC_9f6dd.dir/build
gmake[1]: Entering directory '/home/nikita/MACHINE/proj/build/CMakeFiles/CMakeTmp'
Building CXX object CMakeFiles/cmTC_9f6dd.dir/CMakeCXXCompilerABI.cpp.obj
/usr/bin/arm-none-eabi-g++   -v -ggdb3 -Os -fdata-sections -ffunction-sections -fno-common -fno-exceptions -Wall -Wextra -Wshadow -Wdouble-promotion -Wundef -Wconversion -o CMakeFiles/cmTC_9f6dd.dir/CMakeCXXCompilerABI.cpp.obj -c /usr/share/cmake-3.22/Modules/CMakeCXXCompilerABI.cpp
Using built-in specs.
COLLECT_GCC=/usr/bin/arm-none-eabi-g++
Target: arm-none-eabi
Configured with: ../configure --build=x86_64-linux-gnu --prefix=/usr --includedir='/usr/lib/include' --mandir='/usr/lib/share/man' --infodir='/usr/lib/share/info' --sysconfdir=/etc --localstatedir=/var --disable-option-checking --disable-silent-rules --libdir='/usr/lib/lib/x86_64-linux-gnu' --libexecdir='/usr/lib/lib/x86_64-linux-gnu' --disable-maintainer-mode --disable-dependency-tracking --mandir=/usr/share/man --enable-languages=c,c++,lto --enable-multilib --disable-decimal-float --disable-libffi --disable-libgomp --disable-libmudflap --disable-libquadmath --disable-libssp --disable-libstdcxx-pch --disable-nls --disable-shared --disable-threads --enable-tls --build=x86_64-linux-gnu --target=arm-none-eabi --with-system-zlib --with-gnu-as --with-gnu-ld --with-pkgversion=15:10.3-2021.07-4 --without-included-gettext --prefix=/usr/lib --infodir=/usr/share/doc/gcc-arm-none-eabi/info --htmldir=/usr/share/doc/gcc-arm-none-eabi/html --pdfdir=/usr/share/doc/gcc-arm-none-eabi/pdf --bindir=/usr/bin --libexecdir=/usr/lib --libdir=/usr/lib --disable-libstdc++-v3 --host=x86_64-linux-gnu --with-headers=no --without-newlib --with-multilib-list=rmprofile,aprofile CFLAGS='-g -O2 -ffile-prefix-map=/build/gcc-arm-none-eabi-hYfgK4/gcc-arm-none-eabi-10.3-2021.07=. -flto=auto -ffat-lto-objects -fstack-protector-strong' CPPFLAGS='-Wdate-time -D_FORTIFY_SOURCE=2' CXXFLAGS='-g -O2 -ffile-prefix-map=/build/gcc-arm-none-eabi-hYfgK4/gcc-arm-none-eabi-10.3-2021.07=. -flto=auto -ffat-lto-objects -fstack-protector-strong' DFLAGS=-frelease FCFLAGS='-g -O2 -ffile-prefix-map=/build/gcc-arm-none-eabi-hYfgK4/gcc-arm-none-eabi-10.3-2021.07=. -flto=auto -ffat-lto-objects -fstack-protector-strong' FFLAGS='-g -O2 -ffile-prefix-map=/build/gcc-arm-none-eabi-hYfgK4/gcc-arm-none-eabi-10.3-2021.07=. -flto=auto -ffat-lto-objects -fstack-protector-strong' GCJFLAGS='-g -O2 -ffile-prefix-map=/build/gcc-arm-none-eabi-hYfgK4/gcc-arm-none-eabi-10.3-2021.07=. -fstack-protector-strong' LDFLAGS='-Wl,-Bsymbolic-functions -flto=auto -Wl,-z,relro' OBJCFLAGS='-g -O2 -ffile-prefix-map=/build/gcc-arm-none-eabi-hYfgK4/gcc-arm-none-eabi-10.3-2021.07=. -flto=auto -ffat-lto-objects -fstack-protector-strong' OBJCXXFLAGS='-g -O2 -ffile-prefix-map=/build/gcc-arm-none-eabi-hYfgK4/gcc-arm-none-eabi-10.3-2021.07=. -flto=auto -ffat-lto-objects -fstack-protector-strong' INHIBIT_LIBC_CFLAGS=-DUSE_TM_CLONE_REGISTRY=0 AR_FOR_TARGET=arm-none-eabi-ar AS_FOR_TARGET=arm-none-eabi-as LD_FOR_TARGET=arm-none-eabi-ld NM_FOR_TARGET=arm-none-eabi-nm OBJDUMP_FOR_TARGET=arm-none-eabi-objdump RANLIB_FOR_TARGET=arm-none-eabi-ranlib READELF_FOR_TARGET=arm-none-eabi-readelf STRIP_FOR_TARGET=arm-none-eabi-strip SED=/bin/sed SHELL=/bin/sh BASH=/bin/bash CONFIG_SHELL=/bin/bash
Thread model: single
Supported LTO compression algorithms: zlib
gcc version 10.3.1 20210621 (release) (15:10.3-2021.07-4) 
COLLECT_GCC_OPTIONS='-v' '-ggdb3' '-Os' '-fdata-sections' '-ffunction-sections' '-fno-common' '-fno-exceptions' '-Wall' '-Wextra' '-Wshadow' '-Wdouble-promotion' '-Wundef' '-Wconversion' '-o' 'CMakeFiles/cmTC_9f6dd.dir/CMakeCXXCompilerABI.cpp.obj' '-c' '-mcpu=arm7tdmi' '-mfloat-abi=soft' '-marm' '-mlibarch=armv4t' '-march=armv4t'
 /usr/lib/gcc/arm-none-eabi/10.3.1/cc1plus -quiet -v -dD -D__USES_INITFINI__ /usr/share/cmake-3.22/Modules/CMakeCXXCompilerABI.cpp -quiet -dumpbase CMakeCXXCompilerABI.cpp -mcpu=arm7tdmi -mfloat-abi=soft -marm -mlibarch=armv4t -march=armv4t -auxbase-strip CMakeFiles/cmTC_9f6dd.dir/CMakeCXXCompilerABI.cpp.obj -ggdb3 -Os -Wall -Wextra -Wshadow -Wdouble-promotion -Wundef -Wconversion -version -fdata-sections -ffunction-sections -fno-common -fno-exceptions -o /tmp/ccZuwWae.s
GNU C++14 (15:10.3-2021.07-4) version 10.3.1 20210621 (release) (arm-none-eabi)
	compiled by GNU C version 11.2.0, GMP version 6.2.1, MPFR version 4.1.0, MPC version 1.2.1, isl version isl-0.24-GMP

GGC heuristics: --param ggc-min-expand=100 --param ggc-min-heapsize=131072
ignoring nonexistent directory "/usr/lib/gcc/arm-none-eabi/10.3.1/../../../arm-none-eabi/sys-include"
#include "..." search starts here:
#include <...> search starts here:
 /usr/lib/gcc/arm-none-eabi/10.3.1/../../../arm-none-eabi/include/c++/10.3.1
 /usr/lib/gcc/arm-none-eabi/10.3.1/../../../arm-none-eabi/include/c++/10.3.1/arm-none-eabi
 /usr/lib/gcc/arm-none-eabi/10.3.1/../../../arm-none-eabi/include/c++/10.3.1/backward
 /usr/lib/gcc/arm-none-eabi/10.3.1/include
 /usr/lib/gcc/arm-none-eabi/10.3.1/include-fixed
 /usr/lib/gcc/arm-none-eabi/10.3.1/../../../arm-none-eabi/include
End of search list.
GNU C++14 (15:10.3-2021.07-4) version 10.3.1 20210621 (release) (arm-none-eabi)
	compiled by GNU C version 11.2.0, GMP version 6.2.1, MPFR version 4.1.0, MPC version 1.2.1, isl version isl-0.24-GMP

GGC heuristics: --param ggc-min-expand=100 --param ggc-min-heapsize=131072
Compiler executable checksum: 4f994585a8ca8864fa1f4d2fb208a0ba
COLLECT_GCC_OPTIONS='-v' '-ggdb3' '-Os' '-fdata-sections' '-ffunction-sections' '-fno-common' '-fno-exceptions' '-Wall' '-Wextra' '-Wshadow' '-Wdouble-promotion' '-Wundef' '-Wconversion' '-o' 'CMakeFiles/cmTC_9f6dd.dir/CMakeCXXCompilerABI.cpp.obj' '-c' '-mcpu=arm7tdmi' '-mfloat-abi=soft' '-marm' '-mlibarch=armv4t' '-march=armv4t'
 /usr/lib/gcc/arm-none-eabi/10.3.1/../../../arm-none-eabi/bin/as -v -march=armv4t -mfloat-abi=soft -meabi=5 -o CMakeFiles/cmTC_9f6dd.dir/CMakeCXXCompilerABI.cpp.obj /tmp/ccZuwWae.s
GNU assembler version 2.38 (arm-none-eabi) using BFD version (2.38-3ubuntu1+15build1) 2.38
COMPILER_PATH=/usr/lib/gcc/arm-none-eabi/10.3.1/:/usr/lib/gcc/arm-none-eabi/10.3.1/:/usr/lib/gcc/arm-none-eabi/:/usr/lib/gcc/arm-none-eabi/10.3.1/:/usr/lib/gcc/arm-none-eabi/:/usr/lib/gcc/arm-none-eabi/10.3.1/../../../arm-none-eabi/bin/
LIBRARY_PATH=/usr/lib/gcc/arm-none-eabi/10.3.1/:/usr/lib/gcc/arm-none-eabi/10.3.1/../../../arm-none-eabi/lib/
COLLECT_GCC_OPTIONS='-v' '-ggdb3' '-Os' '-fdata-sections' '-ffunction-sections' '-fno-common' '-fno-exceptions' '-Wall' '-Wextra' '-Wshadow' '-Wdouble-promotion' '-Wundef' '-Wconversion' '-o' 'CMakeFiles/cmTC_9f6dd.dir/CMakeCXXCompilerABI.cpp.obj' '-c' '-mcpu=arm7tdmi' '-mfloat-abi=soft' '-marm' '-mlibarch=armv4t' '-march=armv4t'
Linking CXX static library libcmTC_9f6dd.a
/usr/bin/cmake -P CMakeFiles/cmTC_9f6dd.dir/cmake_clean_target.cmake
/usr/bin/cmake -E cmake_link_script CMakeFiles/cmTC_9f6dd.dir/link.txt --verbose=1
/usr/bin/arm-none-eabi-ar qc libcmTC_9f6dd.a CMakeFiles/cmTC_9f6dd.dir/CMakeCXXCompilerABI.cpp.obj
/usr/bin/arm-none-eabi-ranlib libcmTC_9f6dd.a
gmake[1]: Leaving directory '/home/nikita/MACHINE/proj/build/CMakeFiles/CMakeTmp'



Parsed CXX implicit include dir info from above output: rv=done
  found start of include info
  found start of implicit include info
    add: [/usr/lib/gcc/arm-none-eabi/10.3.1/../../../arm-none-eabi/include/c++/10.3.1]
    add: [/usr/lib/gcc/arm-none-eabi/10.3.1/../../../arm-none-eabi/include/c++/10.3.1/arm-none-eabi]
    add: [/usr/lib/gcc/arm-none-eabi/10.3.1/../../../arm-none-eabi/include/c++/10.3.1/backward]
    add: [/usr/lib/gcc/arm-none-eabi/10.3.1/include]
    add: [/usr/lib/gcc/arm-none-eabi/10.3.1/include-fixed]
    add: [/usr/lib/gcc/arm-none-eabi/10.3.1/../../../arm-none-eabi/include]
  end of search list found
  collapse include dir [/usr/lib/gcc/arm-none-eabi/10.3.1/../../../arm-none-eabi/include/c++/10.3.1] ==> [/usr/lib/arm-none-eabi/include/c++/10.3.1]
  collapse include dir [/usr/lib/gcc/arm-none-eabi/10.3.1/../../../arm-none-eabi/include/c++/10.3.1/arm-none-eabi] ==> [/usr/lib/arm-none-eabi/include/c++/10.3.1/arm-none-eabi]
  collapse include dir [/usr/lib/gcc/arm-none-eabi/10.3.1/../../../arm-none-eabi/include/c++/10.3.1/backward] ==> [/usr/lib/arm-none-eabi/include/c++/10.3.1/backward]
  collapse include dir [/usr/lib/gcc/arm-none-eabi/10.3.1/include] ==> [/usr/lib/gcc/arm-none-eabi/10.3.1/include]
  collapse include dir [/usr/lib/gcc/arm-none-eabi/10.3.1/include-fixed] ==> [/usr/lib/gcc/arm-none-eabi/10.3.1/include-fixed]
  collapse include dir [/usr/lib/gcc/arm-none-eabi/10.3.1/../../../arm-none-eabi/include] ==> [/usr/lib/arm-none-eabi/include]
  implicit include dirs: [/usr/lib/arm-none-eabi/include/c++/10.3.1;/usr/lib/arm-none-eabi/include/c++/10.3.1/arm-none-eabi;/usr/lib/arm-none-eabi/include/c++/10.3.1/backward;/usr/lib/gcc/arm-none-eabi/10.3.1/include;/usr/lib/gcc/arm-none-eabi/10.3.1/include-fixed;/usr/lib/arm-none-eabi/include]


Parsed CXX implicit link information from above output:
  link line regex: [^( *|.*[/\])(arm-none-eabi-ld|CMAKE_LINK_STARTFILE-NOTFOUND|([^/\]+-)?ld|collect2)[^/\]*( |$)]
  ignore line: [Change Dir: /home/nikita/MACHINE/proj/build/CMakeFiles/CMakeTmp]
  ignore line: []
  ignore line: [Run Build Command(s):/usr/bin/gmake -f Makefile cmTC_9f6dd/fast && /usr/bin/gmake  -f CMakeFiles/cmTC_9f6dd.dir/build.make CMakeFiles/cmTC_9f6dd.dir/build]
  ignore line: [gmake[1]: Entering directory '/home/nikita/MACHINE/proj/build/CMakeFiles/CMakeTmp']
  ignore line: [Building CXX object CMakeFiles/cmTC_9f6dd.dir/CMakeCXXCompilerABI.cpp.obj]
  ignore line: [/usr/bin/arm-none-eabi-g++   -v -ggdb3 -Os -fdata-sections -ffunction-sections -fno-common -fno-exceptions -Wall -Wextra -Wshadow -Wdouble-promotion -Wundef -Wconversion -o CMakeFiles/cmTC_9f6dd.dir/CMakeCXXCompilerABI.cpp.obj -c /usr/share/cmake-3.22/Modules/CMakeCXXCompilerABI.cpp]
  ignore line: [Using built-in specs.]
  ignore line: [COLLECT_GCC=/usr/bin/arm-none-eabi-g++]
  ignore line: [Target: arm-none-eabi]
  ignore line: [Configured with: ../configure --build=x86_64-linux-gnu --prefix=/usr --includedir='/usr/lib/include' --mandir='/usr/lib/share/man' --infodir='/usr/lib/share/info' --sysconfdir=/etc --localstatedir=/var --disable-option-checking --disable-silent-rules --libdir='/usr/lib/lib/x86_64-linux-gnu' --libexecdir='/usr/lib/lib/x86_64-linux-gnu' --disable-maintainer-mode --disable-dependency-tracking --mandir=/usr/share/man --enable-languages=c,c++,lto --enable-multilib --disable-decimal-float --disable-libffi --disable-libgomp --disable-libmudflap --disable-libquadmath --disable-libssp --disable-libstdcxx-pch --disable-nls --disable-shared --disable-threads --enable-tls --build=x86_64-linux-gnu --target=arm-none-eabi --with-system-zlib --with-gnu-as --with-gnu-ld --with-pkgversion=15:10.3-2021.07-4 --without-included-gettext --prefix=/usr/lib --infodir=/usr/share/doc/gcc-arm-none-eabi/info --htmldir=/usr/share/doc/gcc-arm-none-eabi/html --pdfdir=/usr/share/doc/gcc-arm-none-eabi/pdf --bindir=/usr/bin --libexecdir=/usr/lib --libdir=/usr/lib --disable-libstdc++-v3 --host=x86_64-linux-gnu --with-headers=no --without-newlib --with-multilib-list=rmprofile,aprofile CFLAGS='-g -O2 -ffile-prefix-map=/build/gcc-arm-none-eabi-hYfgK4/gcc-arm-none-eabi-10.3-2021.07=. -flto=auto -ffat-lto-objects -fstack-protector-strong' CPPFLAGS='-Wdate-time -D_FORTIFY_SOURCE=2' CXXFLAGS='-g -O2 -ffile-prefix-map=/build/gcc-arm-none-eabi-hYfgK4/gcc-arm-none-eabi-10.3-2021.07=. -flto=auto -ffat-lto-objects -fstack-protector-strong' DFLAGS=-frelease FCFLAGS='-g -O2 -ffile-prefix-map=/build/gcc-arm-none-eabi-hYfgK4/gcc-arm-none-eabi-10.3-2021.07=. -flto=auto -ffat-lto-objects -fstack-protector-strong' FFLAGS='-g -O2 -ffile-prefix-map=/build/gcc-arm-none-eabi-hYfgK4/gcc-arm-none-eabi-10.3-2021.07=. -flto=auto -ffat-lto-objects -fstack-protector-strong' GCJFLAGS='-g -O2 -ffile-prefix-map=/build/gcc-arm-none-eabi-hYfgK4/gcc-arm-none-eabi-10.3-2021.07=. -fstack-protector-strong' LDFLAGS='-Wl,-Bsymbolic-functions -flto=auto -Wl,-z,relro' OBJCFLAGS='-g -O2 -ffile-prefix-map=/build/gcc-arm-none-eabi-hYfgK4/gcc-arm-none-eabi-10.3-2021.07=. -flto=auto -ffat-lto-objects -fstack-protector-strong' OBJCXXFLAGS='-g -O2 -ffile-prefix-map=/build/gcc-arm-none-eabi-hYfgK4/gcc-arm-none-eabi-10.3-2021.07=. -flto=auto -ffat-lto-objects -fstack-protector-strong' INHIBIT_LIBC_CFLAGS=-DUSE_TM_CLONE_REGISTRY=0 AR_FOR_TARGET=arm-none-eabi-ar AS_FOR_TARGET=arm-none-eabi-as LD_FOR_TARGET=arm-none-eabi-ld NM_FOR_TARGET=arm-none-eabi-nm OBJDUMP_FOR_TARGET=arm-none-eabi-objdump RANLIB_FOR_TARGET=arm-none-eabi-ranlib READELF_FOR_TARGET=arm-none-eabi-readelf STRIP_FOR_TARGET=arm-none-eabi-strip SED=/bin/sed SHELL=/bin/sh BASH=/bin/bash CONFIG_SHELL=/bin/bash]
  ignore line: [Thread model: single]
  ignore line: [Supported LTO compression algorithms: zlib]
  ignore line: [gcc version 10.3.1 20210621 (release) (15:10.3-2021.07-4) ]
  ignore line: [COLLECT_GCC_OPTIONS='-v' '-ggdb3' '-Os' '-fdata-sections' '-ffunction-sections' '-fno-common' '-fno-exceptions' '-Wall' '-Wextra' '-Wshadow' '-Wdouble-promotion' '-Wundef' '-Wconversion' '-o' 'CMakeFiles/cmTC_9f6dd.dir/CMakeCXXCompilerABI.cpp.obj' '-c' '-mcpu=arm7tdmi' '-mfloat-abi=soft' '-marm' '-mlibarch=armv4t' '-march=armv4t']
  ignore line: [ /usr/lib/gcc/arm-none-eabi/10.3.1/cc1plus -quiet -v -dD -D__USES_INITFINI__ /usr/share/cmake-3.22/Modules/CMakeCXXCompilerABI.cpp -quiet -dumpbase CMakeCXXCompilerABI.cpp -mcpu=arm7tdmi -mfloat-abi=soft -marm -mlibarch=armv4t -march=armv4t -auxbase-strip CMakeFiles/cmTC_9f6dd.dir/CMakeCXXCompilerABI.cpp.obj -ggdb3 -Os -Wall -Wextra -Wshadow -Wdouble-promotion -Wundef -Wconversion -version -fdata-sections -ffunction-sections -fno-common -fno-exceptions -o /tmp/ccZuwWae.s]
  ignore line: [GNU C++14 (15:10.3-2021.07-4) version 10.3.1 20210621 (release) (arm-none-eabi)]
  ignore line: [	compiled by GNU C version 11.2.0  GMP version 6.2.1  MPFR version 4.1.0  MPC version 1.2.1  isl version isl-0.24-GMP]
  ignore line: []
  ignore line: [GGC heuristics: --param ggc-min-expand=100 --param ggc-min-heapsize=131072]
  ignore line: [ignoring nonexistent directory "/usr/lib/gcc/arm-none-eabi/10.3.1/../../../arm-none-eabi/sys-include"]
  ignore line: [#include "..." search starts here:]
  ignore line: [#include <...> search starts here:]
  ignore line: [ /usr/lib/gcc/arm-none-eabi/10.3.1/../../../arm-none-eabi/include/c++/10.3.1]
  ignore line: [ /usr/lib/gcc/arm-none-eabi/10.3.1/../../../arm-none-eabi/include/c++/10.3.1/arm-none-eabi]
  ignore line: [ /usr/lib/gcc/arm-none-eabi/10.3.1/../../../arm-none-eabi/include/c++/10.3.1/backward]
  ignore line: [ /usr/lib/gcc/arm-none-eabi/10.3.1/include]
  ignore line: [ /usr/lib/gcc/arm-none-eabi/10.3.1/include-fixed]
  ignore line: [ /usr/lib/gcc/arm-none-eabi/10.3.1/../../../arm-none-eabi/include]
  ignore line: [End of search list.]
  ignore line: [GNU C++14 (15:10.3-2021.07-4) version 10.3.1 20210621 (release) (arm-none-eabi)]
  ignore line: [	compiled by GNU C version 11.2.0  GMP version 6.2.1  MPFR version 4.1.0  MPC version 1.2.1  isl version isl-0.24-GMP]
  ignore line: []
  ignore line: [GGC heuristics: --param ggc-min-expand=100 --param ggc-min-heapsize=131072]
  ignore line: [Compiler executable checksum: 4f994585a8ca8864fa1f4d2fb208a0ba]
  ignore line: [COLLECT_GCC_OPTIONS='-v' '-ggdb3' '-Os' '-fdata-sections' '-ffunction-sections' '-fno-common' '-fno-exceptions' '-Wall' '-Wextra' '-Wshadow' '-Wdouble-promotion' '-Wundef' '-Wconversion' '-o' 'CMakeFiles/cmTC_9f6dd.dir/CMakeCXXCompilerABI.cpp.obj' '-c' '-mcpu=arm7tdmi' '-mfloat-abi=soft' '-marm' '-mlibarch=armv4t' '-march=armv4t']
  ignore line: [ /usr/lib/gcc/arm-none-eabi/10.3.1/../../../arm-none-eabi/bin/as -v -march=armv4t -mfloat-abi=soft -meabi=5 -o CMakeFiles/cmTC_9f6dd.dir/CMakeCXXCompilerABI.cpp.obj /tmp/ccZuwWae.s]
  ignore line: [GNU assembler version 2.38 (arm-none-eabi) using BFD version (2.38-3ubuntu1+15build1) 2.38]
  ignore line: [COMPILER_PATH=/usr/lib/gcc/arm-none-eabi/10.3.1/:/usr/lib/gcc/arm-none-eabi/10.3.1/:/usr/lib/gcc/arm-none-eabi/:/usr/lib/gcc/arm-none-eabi/10.3.1/:/usr/lib/gcc/arm-none-eabi/:/usr/lib/gcc/arm-none-eabi/10.3.1/../../../arm-none-eabi/bin/]
  ignore line: [LIBRARY_PATH=/usr/lib/gcc/arm-none-eabi/10.3.1/:/usr/lib/gcc/arm-none-eabi/10.3.1/../../../arm-none-eabi/lib/]
  ignore line: [COLLECT_GCC_OPTIONS='-v' '-ggdb3' '-Os' '-fdata-sections' '-ffunction-sections' '-fno-common' '-fno-exceptions' '-Wall' '-Wextra' '-Wshadow' '-Wdouble-promotion' '-Wundef' '-Wconversion' '-o' 'CMakeFiles/cmTC_9f6dd.dir/CMakeCXXCompilerABI.cpp.obj' '-c' '-mcpu=arm7tdmi' '-mfloat-abi=soft' '-marm' '-mlibarch=armv4t' '-march=armv4t']
  ignore line: [Linking CXX static library libcmTC_9f6dd.a]
  ignore line: [/usr/bin/cmake -P CMakeFiles/cmTC_9f6dd.dir/cmake_clean_target.cmake]
  ignore line: [/usr/bin/cmake -E cmake_link_script CMakeFiles/cmTC_9f6dd.dir/link.txt --verbose=1]
  ignore line: [/usr/bin/arm-none-eabi-ar qc libcmTC_9f6dd.a CMakeFiles/cmTC_9f6dd.dir/CMakeCXXCompilerABI.cpp.obj]
  ignore line: [/usr/bin/arm-none-eabi-ranlib libcmTC_9f6dd.a]
  ignore line: [gmake[1]: Leaving directory '/home/nikita/MACHINE/proj/build/CMakeFiles/CMakeTmp']
  ignore line: []
  ignore line: []
  implicit libs: []
  implicit objs: []
  implicit dirs: []
  implicit fwks: []


Detecting C compiler ABI info compiled with the following output:
Change Dir: /home/nikita/MACHINE/proj/build/CMakeFiles/CMakeTmp

Run Build Command(s):/usr/bin/gmake -f Makefile cmTC_013f9/fast && /usr/bin/gmake  -f CMakeFiles/cmTC_013f9.dir/build.make CMakeFiles/cmTC_013f9.dir/build
gmake[1]: Entering directory '/home/nikita/MACHINE/proj/build/CMakeFiles/CMakeTmp'
Building C object CMakeFiles/cmTC_013f9.dir/CMakeCCompilerABI.c.obj
/usr/bin/arm-none-eabi-gcc   -v -ggdb3 -Os -fdata-sections -ffunction-sections -fno-common -fno-exceptions -Wall -Wextra -Wshadow -Wdouble-promotion -Wundef -Wconversion -o CMakeFiles/cmTC_013f9.dir/CMakeCCompilerABI.c.obj -c /usr/share/cmake-3.22/Modules/CMakeCCompilerABI.c
Using built-in specs.
COLLECT_GCC=/usr/bin/arm-none-eabi-gcc
Target: arm-none-eabi
Configured with: ../configure --build=x86_64-linux-gnu --prefix=/usr --includedir='/usr/lib/include' --mandir='/usr/lib/share/man' --infodir='/usr/lib/share/info' --sysconfdir=/etc --localstatedir=/var --disable-option-checking --disable-silent-rules --libdir='/usr/lib/lib/x86_64-linux-gnu' --libexecdir='/usr/lib/lib/x86_64-linux-gnu' --disable-maintainer-mode --disable-dependency-tracking --mandir=/usr/share/man --enable-languages=c,c++,lto --enable-multilib --disable-decimal-float --disable-libffi --disable-libgomp --disable-libmudflap --disable-libquadmath --disable-libssp --disable-libstdcxx-pch --disable-nls --disable-shared --disable-threads --enable-tls --build=x86_64-linux-gnu --target=arm-none-eabi --with-system-zlib --with-gnu-as --with-gnu-ld --with-pkgversion=15:10.3-2021.07-4 --without-included-gettext --prefix=/usr/lib --infodir=/usr/share/doc/gcc-arm-none-eabi/info --htmldir=/usr/share/doc/gcc-arm-none-eabi/html --pdfdir=/usr/share/doc/gcc-arm-none-eabi/pdf --bindir=/usr/bin --libexecdir=/usr/lib --libdir=/usr/lib --disable-libstdc++-v3 --host=x86_64-linux-gnu --with-headers=no --without-newlib --with-multilib-list=rmprofile,aprofile CFLAGS='-g -O2 -ffile-prefix-map=/build/gcc-arm-none-eabi-hYfgK4/gcc-arm-none-eabi-10.3-2021.07=. -flto=auto -ffat-lto-objects -fstack-protector-strong' CPPFLAGS='-Wdate-time -D_FORTIFY_SOURCE=2' CXXFLAGS='-g -O2 -ffile-prefix-map=/build/gcc-arm-none-eabi-hYfgK4/gcc-arm-none-eabi-10.3-2021.07=. -flto=auto -ffat-lto-objects -fstack-protector-strong' DFLAGS=-frelease FCFLAGS='-g -O2 -ffile-prefix-map=/build/gcc-arm-none-eabi-hYfgK4/gcc-arm-none-eabi-10.3-2021.07=. -flto=auto -ffat-lto-objects -fstack-protector-strong' FFLAGS='-g -O2 -ffile-prefix-map=/build/gcc-arm-none-eabi-hYfgK4/gcc-arm-none-eabi-10.3-2021.07=. -flto=auto -ffat-lto-objects -fstack-protector-strong' GCJFLAGS='-g -O2 -ffile-prefix-map=/build/gcc-arm-none-eabi-hYfgK4/gcc-arm-none-eabi-10.3-2021.07=. -fstack-protector-strong' LDFLAGS='-Wl,-Bsymbolic-functions -flto=auto -Wl,-z,relro' OBJCFLAGS='-g -O2 -ffile-prefix-map=/build/gcc-arm-none-eabi-hYfgK4/gcc-arm-none-eabi-10.3-2021.07=. -flto=auto -ffat-lto-objects -fstack-protector-strong' OBJCXXFLAGS='-g -O2 -ffile-prefix-map=/build/gcc-arm-none-eabi-hYfgK4/gcc-arm-none-eabi-10.3-2021.07=. -flto=auto -ffat-lto-objects -fstack-protector-strong' INHIBIT_LIBC_CFLAGS=-DUSE_TM_CLONE_REGISTRY=0 AR_FOR_TARGET=arm-none-eabi-ar AS_FOR_TARGET=arm-none-eabi-as LD_FOR_TARGET=arm-none-eabi-ld NM_FOR_TARGET=arm-none-eabi-nm OBJDUMP_FOR_TARGET=arm-none-eabi-objdump RANLIB_FOR_TARGET=arm-none-eabi-ranlib READELF_FOR_TARGET=arm-none-eabi-readelf STRIP_FOR_TARGET=arm-none-eabi-strip SED=/bin/sed SHELL=/bin/sh BASH=/bin/bash CONFIG_SHELL=/bin/bash
Thread model: single
Supported LTO compression algorithms: zlib
gcc version 10.3.1 20210621 (release) (15:10.3-2021.07-4) 
COLLECT_GCC_OPTIONS='-v' '-ggdb3' '-Os' '-fdata-sections' '-ffunction-sections' '-fno-common' '-fno-exceptions' '-Wall' '-Wextra' '-Wshadow' '-Wdouble-promotion' '-Wundef' '-Wconversion' '-o' 'CMakeFiles/cmTC_013f9.dir/CMakeCCompilerABI.c.obj' '-c' '-mcpu=arm7tdmi' '-mfloat-abi=soft' '-marm' '-mlibarch=armv4t' '-march=armv4t'
 /usr/lib/gcc/arm-none-eabi/10.3.1/cc1 -quiet -v -dD -D__USES_INITFINI__ /usr/share/cmake-3.22/Modules/CMakeCCompilerABI.c -quiet -dumpbase CMakeCCompilerABI.c -mcpu=arm7tdmi -mfloat-abi=soft -marm -mlibarch=armv4t -march=armv4t -auxbase-strip CMakeFiles/cmTC_013f9.dir/CMakeCCompilerABI.c.obj -ggdb3 -Os -Wall -Wextra -Wshadow -Wdouble-promotion -Wundef -Wconversion -version -fdata-sections -ffunction-sections -fno-common -fno-exceptions -o /tmp/ccm1Jusf.s
GNU C17 (15:10.3-2021.07-4) version 10.3.1 20210621 (release) (arm-none-eabi)
	compiled by GNU C version 11.2.0, GMP version 6.2.1, MPFR version 4.1.0, MPC version 1.2.1, isl version isl-0.24-GMP

GGC heuristics: --param ggc-min-expand=100 --param ggc-min-heapsize=131072
ignoring nonexistent directory "/usr/lib/gcc/arm-none-eabi/10.3.1/../../../arm-none-eabi/sys-include"
#include "..." search starts here:
#include <...> search starts here:
 /usr/lib/gcc/arm-none-eabi/10.3.1/include
 /usr/lib/gcc/arm-none-eabi/10.3.1/include-fixed
 /usr/lib/gcc/arm-none-eabi/10.3.1/../../../arm-none-eabi/include
End of search list.
GNU C17 (15:10.3-2021.07-4) version 10.3.1 20210621 (release) (arm-none-eabi)
	compiled by GNU C version 11.2.0, GMP version 6.2.1, MPFR version 4.1.0, MPC version 1.2.1, isl version isl-0.24-GMP

GGC heuristics: --param ggc-min-expand=100 --param ggc-min-heapsize=131072
Compiler executable checksum: 4cf7574ae54eb0935abb4a8c56f8bcfe
COLLECT_GCC_OPTIONS='-v' '-ggdb3' '-Os' '-fdata-sections' '-ffunction-sections' '-fno-common' '-fno-exceptions' '-Wall' '-Wextra' '-Wshadow' '-Wdouble-promotion' '-Wundef' '-Wconversion' '-o' 'CMakeFiles/cmTC_013f9.dir/CMakeCCompilerABI.c.obj' '-c' '-mcpu=arm7tdmi' '-mfloat-abi=soft' '-marm' '-mlibarch=armv4t' '-march=armv4t'
 /usr/lib/gcc/arm-none-eabi/10.3.1/../../../arm-none-eabi/bin/as -v -march=armv4t -mfloat-abi=soft -meabi=5 -o CMakeFiles/cmTC_013f9.dir/CMakeCCompilerABI.c.obj /tmp/ccm1Jusf.s
GNU assembler version 2.38 (arm-none-eabi) using BFD version (2.38-3ubuntu1+15build1) 2.38
COMPILER_PATH=/usr/lib/gcc/arm-none-eabi/10.3.1/:/usr/lib/gcc/arm-none-eabi/10.3.1/:/usr/lib/gcc/arm-none-eabi/:/usr/lib/gcc/arm-none-eabi/10.3.1/:/usr/lib/gcc/arm-none-eabi/:/usr/lib/gcc/arm-none-eabi/10.3.1/../../../arm-none-eabi/bin/
LIBRARY_PATH=/usr/lib/gcc/arm-none-eabi/10.3.1/:/usr/lib/gcc/arm-none-eabi/10.3.1/../../../arm-none-eabi/lib/
COLLECT_GCC_OPTIONS='-v' '-ggdb3' '-Os' '-fdata-sections' '-ffunction-sections' '-fno-common' '-fno-exceptions' '-Wall' '-Wextra' '-Wshadow' '-Wdouble-promotion' '-Wundef' '-Wconversion' '-o' 'CMakeFiles/cmTC_013f9.dir/CMakeCCompilerABI.c.obj' '-c' '-mcpu=arm7tdmi' '-mfloat-abi=soft' '-marm' '-mlibarch=armv4t' '-march=armv4t'
Linking C static library libcmTC_013f9.a
/usr/bin/cmake -P CMakeFiles/cmTC_013f9.dir/cmake_clean_target.cmake
/usr/bin/cmake -E cmake_link_script CMakeFiles/cmTC_013f9.dir/link.txt --verbose=1
/usr/bin/arm-none-eabi-ar qc libcmTC_013f9.a CMakeFiles/cmTC_013f9.dir/CMakeCCompilerABI.c.obj
/usr/bin/arm-none-eabi-ranlib libcmTC_013f9.a
gmake[1]: Leaving directory '/home/nikita/MACHINE/proj/build/CMakeFiles/CMakeTmp'



Parsed C implicit include dir info from above output: rv=done
  found start of include info
  found start of implicit include info
    add: [/usr/lib/gcc/arm-none-eabi/10.3.1/include]
    add: [/usr/lib/gcc/arm-none-eabi/10.3.1/include-fixed]
    add: [/usr/lib/gcc/arm-none-eabi/10.3.1/../../../arm-none-eabi/include]
  end of search list found
  collapse include dir [/usr/lib/gcc/arm-none-eabi/10.3.1/include] ==> [/usr/lib/gcc/arm-none-eabi/10.3.1/include]
  collapse include dir [/usr/lib/gcc/arm-none-eabi/10.3.1/include-fixed] ==> [/usr/lib/gcc/arm-none-eabi/10.3.1/include-fixed]
  collapse include dir [/usr/lib/gcc/arm-none-eabi/10.3.1/../../../arm-none-eabi/include] ==> [/usr/lib/arm-none-eabi/include]
  implicit include dirs: [/usr/lib/gcc/arm-none-eabi/10.3.1/include;/usr/lib/gcc/arm-none-eabi/10.3.1/include-fixed;/usr/lib/arm-none-eabi/include]


Parsed C implicit link information from above output:
  link line regex: [^( *|.*[/\])(arm-none-eabi-ld|CMAKE_LINK_STARTFILE-NOTFOUND|([^/\]+-)?ld|collect2)[^/\]*( |$)]
  ignore line: [Change Dir: /home/nikita/MACHINE/proj/build/CMakeFiles/CMakeTmp]
  ignore line: []
  ignore line: [Run Build Command(s):/usr/bin/gmake -f Makefile cmTC_013f9/fast && /usr/bin/gmake  -f CMakeFiles/cmTC_013f9.dir/build.make CMakeFiles/cmTC_013f9.dir/build]
  ignore line: [gmake[1]: Entering directory '/home/nikita/MACHINE/proj/build/CMakeFiles/CMakeTmp']
  ignore line: [Building C object CMakeFiles/cmTC_013f9.dir/CMakeCCompilerABI.c.obj]
  ignore line: [/usr/bin/arm-none-eabi-gcc   -v -ggdb3 -Os -fdata-sections -ffunction-sections -fno-common -fno-exceptions -Wall -Wextra -Wshadow -Wdouble-promotion -Wundef -Wconversion -o CMakeFiles/cmTC_013f9.dir/CMakeCCompilerABI.c.obj -c /usr/share/cmake-3.22/Modules/CMakeCCompilerABI.c]
  ignore line: [Using built-in specs.]
  ignore line: [COLLECT_GCC=/usr/bin/arm-none-eabi-gcc]
  ignore line: [Target: arm-none-eabi]
  ignore line: [Configured with: ../configure --build=x86_64-linux-gnu --prefix=/usr --includedir='/usr/lib/include' --mandir='/usr/lib/share/man' --infodir='/usr/lib/share/info' --sysconfdir=/etc --localstatedir=/var --disable-option-checking --disable-silent-rules --libdir='/usr/lib/lib/x86_64-linux-gnu' --libexecdir='/usr/lib/lib/x86_64-linux-gnu' --disable-maintainer-mode --disable-dependency-tracking --mandir=/usr/share/man --enable-languages=c,c++,lto --enable-multilib --disable-decimal-float --disable-libffi --disable-libgomp --disable-libmudflap --disable-libquadmath --disable-libssp --disable-libstdcxx-pch --disable-nls --disable-shared --disable-threads --enable-tls --build=x86_64-linux-gnu --target=arm-none-eabi --with-system-zlib --with-gnu-as --with-gnu-ld --with-pkgversion=15:10.3-2021.07-4 --without-included-gettext --prefix=/usr/lib --infodir=/usr/share/doc/gcc-arm-none-eabi/info --htmldir=/usr/share/doc/gcc-arm-none-eabi/html --pdfdir=/usr/share/doc/gcc-arm-none-eabi/pdf --bindir=/usr/bin --libexecdir=/usr/lib --libdir=/usr/lib --disable-libstdc++-v3 --host=x86_64-linux-gnu --with-headers=no --without-newlib --with-multilib-list=rmprofile,aprofile CFLAGS='-g -O2 -ffile-prefix-map=/build/gcc-arm-none-eabi-hYfgK4/gcc-arm-none-eabi-10.3-2021.07=. -flto=auto -ffat-lto-objects -fstack-protector-strong' CPPFLAGS='-Wdate-time -D_FORTIFY_SOURCE=2' CXXFLAGS='-g -O2 -ffile-prefix-map=/build/gcc-arm-none-eabi-hYfgK4/gcc-arm-none-eabi-10.3-2021.07=. -flto=auto -ffat-lto-objects -fstack-protector-strong' DFLAGS=-frelease FCFLAGS='-g -O2 -ffile-prefix-map=/build/gcc-arm-none-eabi-hYfgK4/gcc-arm-none-eabi-10.3-2021.07=. -flto=auto -ffat-lto-objects -fstack-protector-strong' FFLAGS='-g -O2 -ffile-prefix-map=/build/gcc-arm-none-eabi-hYfgK4/gcc-arm-none-eabi-10.3-2021.07=. -flto=auto -ffat-lto-objects -fstack-protector-strong' GCJFLAGS='-g -O2 -ffile-prefix-map=/build/gcc-arm-none-eabi-hYfgK4/gcc-arm-none-eabi-10.3-2021.07=. -fstack-protector-strong' LDFLAGS='-Wl,-Bsymbolic-functions -flto=auto -Wl,-z,relro' OBJCFLAGS='-g -O2 -ffile-prefix-map=/build/gcc-arm-none-eabi-hYfgK4/gcc-arm-none-eabi-10.3-2021.07=. -flto=auto -ffat-lto-objects -fstack-protector-strong' OBJCXXFLAGS='-g -O2 -ffile-prefix-map=/build/gcc-arm-none-eabi-hYfgK4/gcc-arm-none-eabi-10.3-2021.07=. -flto=auto -ffat-lto-objects -fstack-protector-strong' INHIBIT_LIBC_CFLAGS=-DUSE_TM_CLONE_REGISTRY=0 AR_FOR_TARGET=arm-none-eabi-ar AS_FOR_TARGET=arm-none-eabi-as LD_FOR_TARGET=arm-none-eabi-ld NM_FOR_TARGET=arm-none-eabi-nm OBJDUMP_FOR_TARGET=arm-none-eabi-objdump RANLIB_FOR_TARGET=arm-none-eabi-ranlib READELF_FOR_TARGET=arm-none-eabi-readelf STRIP_FOR_TARGET=arm-none-eabi-strip SED=/bin/sed SHELL=/bin/sh BASH=/bin/bash CONFIG_SHELL=/bin/bash]
  ignore line: [Thread model: single]
  ignore line: [Supported LTO compression algorithms: zlib]
  ignore line: [gcc version 10.3.1 20210621 (release) (15:10.3-2021.07-4) ]
  ignore line: [COLLECT_GCC_OPTIONS='-v' '-ggdb3' '-Os' '-fdata-sections' '-ffunction-sections' '-fno-common' '-fno-exceptions' '-Wall' '-Wextra' '-Wshadow' '-Wdouble-promotion' '-Wundef' '-Wconversion' '-o' 'CMakeFiles/cmTC_013f9.dir/CMakeCCompilerABI.c.obj' '-c' '-mcpu=arm7tdmi' '-mfloat-abi=soft' '-marm' '-mlibarch=armv4t' '-march=armv4t']
  ignore line: [ /usr/lib/gcc/arm-none-eabi/10.3.1/cc1 -quiet -v -dD -D__USES_INITFINI__ /usr/share/cmake-3.22/Modules/CMakeCCompilerABI.c -quiet -dumpbase CMakeCCompilerABI.c -mcpu=arm7tdmi -mfloat-abi=soft -marm -mlibarch=armv4t -march=armv4t -auxbase-strip CMakeFiles/cmTC_013f9.dir/CMakeCCompilerABI.c.obj -ggdb3 -Os -Wall -Wextra -Wshadow -Wdouble-promotion -Wundef -Wconversion -version -fdata-sections -ffunction-sections -fno-common -fno-exceptions -o /tmp/ccm1Jusf.s]
  ignore line: [GNU C17 (15:10.3-2021.07-4) version 10.3.1 20210621 (release) (arm-none-eabi)]
  ignore line: [	compiled by GNU C version 11.2.0  GMP version 6.2.1  MPFR version 4.1.0  MPC version 1.2.1  isl version isl-0.24-GMP]
  ignore line: []
  ignore line: [GGC heuristics: --param ggc-min-expand=100 --param ggc-min-heapsize=131072]
  ignore line: [ignoring nonexistent directory "/usr/lib/gcc/arm-none-eabi/10.3.1/../../../arm-none-eabi/sys-include"]
  ignore line: [#include "..." search starts here:]
  ignore line: [#include <...> search starts here:]
  ignore line: [ /usr/lib/gcc/arm-none-eabi/10.3.1/include]
  ignore line: [ /usr/lib/gcc/arm-none-eabi/10.3.1/include-fixed]
  ignore line: [ /usr/lib/gcc/arm-none-eabi/10.3.1/../../../arm-none-eabi/include]
  ignore line: [End of search list.]
  ignore line: [GNU C17 (15:10.3-2021.07-4) version 10.3.1 20210621 (release) (arm-none-eabi)]
  ignore line: [	compiled by GNU C version 11.2.0  GMP version 6.2.1  MPFR version 4.1.0  MPC version 1.2.1  isl version isl-0.24-GMP]
  ignore line: []
  ignore line: [GGC heuristics: --param ggc-min-expand=100 --param ggc-min-heapsize=131072]
  ignore line: [Compiler executable checksum: 4cf7574ae54eb0935abb4a8c56f8bcfe]
  ignore line: [COLLECT_GCC_OPTIONS='-v' '-ggdb3' '-Os' '-fdata-sections' '-ffunction-sections' '-fno-common' '-fno-exceptions' '-Wall' '-Wextra' '-Wshadow' '-Wdouble-promotion' '-Wundef' '-Wconversion' '-o' 'CMakeFiles/cmTC_013f9.dir/CMakeCCompilerABI.c.obj' '-c' '-mcpu=arm7tdmi' '-mfloat-abi=soft' '-marm' '-mlibarch=armv4t' '-march=armv4t']
  ignore line: [ /usr/lib/gcc/arm-none-eabi/10.3.1/../../../arm-none-eabi/bin/as -v -march=armv4t -mfloat-abi=soft -meabi=5 -o CMakeFiles/cmTC_013f9.dir/CMakeCCompilerABI.c.obj /tmp/ccm1Jusf.s]
  ignore line: [GNU assembler version 2.38 (arm-none-eabi) using BFD version (2.38-3ubuntu1+15build1) 2.38]
  ignore line: [COMPILER_PATH=/usr/lib/gcc/arm-none-eabi/10.3.1/:/usr/lib/gcc/arm-none-eabi/10.3.1/:/usr/lib/gcc/arm-none-eabi/:/usr/lib/gcc/arm-none-eabi/10.3.1/:/usr/lib/gcc/arm-none-eabi/:/usr/lib/gcc/arm-none-eabi/10.3.1/../../../arm-none-eabi/bin/]
  ignore line: [LIBRARY_PATH=/usr/lib/gcc/arm-none-eabi/10.3.1/:/usr/lib/gcc/arm-none-eabi/10.3.1/../../../arm-none-eabi/lib/]
  ignore line: [COLLECT_GCC_OPTIONS='-v' '-ggdb3' '-Os' '-fdata-sections' '-ffunction-sections' '-fno-common' '-fno-exceptions' '-Wall' '-Wextra' '-Wshadow' '-Wdouble-promotion' '-Wundef' '-Wconversion' '-o' 'CMakeFiles/cmTC_013f9.dir/CMakeCCompilerABI.c.obj' '-c' '-mcpu=arm7tdmi' '-mfloat-abi=soft' '-marm' '-mlibarch=armv4t' '-march=armv4t']
  ignore line: [Linking C static library libcmTC_013f9.a]
  ignore line: [/usr/bin/cmake -P CMakeFiles/cmTC_013f9.dir/cmake_clean_target.cmake]
  ignore line: [/usr/bin/cmake -E cmake_link_script CMakeFiles/cmTC_013f9.dir/link.txt --verbose=1]
  ignore line: [/usr/bin/arm-none-eabi-ar qc libcmTC_013f9.a CMakeFiles/cmTC_013f9.dir/CMakeCCompilerABI.c.obj]
  ignore line: [/usr/bin/arm-none-eabi-ranlib libcmTC_013f9.a]
  ignore line: [gmake[1]: Leaving directory '/home/nikita/MACHINE/proj/build/CMakeFiles/CMakeTmp']
  ignore line: []
  ignore line: []
  implicit libs: []
  implicit objs: []
  implicit dirs: []
  implicit fwks: []


The target system is: Generic -  - ARM
The host system is: Linux - 6.8.0-107-generic - x86_64
Compiling the CXX compiler identification source file "CMakeCXXCompilerId.cpp" succeeded.
Compiler: /usr/bin/arm-none-eabi-g++ 
Build flags: 
Id flags: -c 

The output was:
0


Compilation of the CXX compiler identification source "CMakeCXXCompilerId.cpp" produced "CMakeCXXCompilerId.o"

The CXX compiler identification is GNU, found in "/home/nikita/MACHINE/proj/build/CMakeFiles/3.22.1/CompilerIdCXX/CMakeCXXCompilerId.o"

Compiling the C compiler identification source file "CMakeCCompilerId.c" succeeded.
Compiler: /usr/bin/arm-none-eabi-gcc 
Build flags: 
Id flags: -c 

The output was:
0


Compilation of the C compiler identification source "CMakeCCompilerId.c" produced "CMakeCCompilerId.o"

The C compiler identification is GNU, found in "/home/nikita/MACHINE/proj/build/CMakeFiles/3.22.1/CompilerIdC/CMakeCCompilerId.o"

Checking whether the ASM compiler is GNU using "--version" matched "(GNU assembler)|(GCC)|(Free Software Foundation)":
arm-none-eabi-gcc (15:10.3-2021.07-4) 10.3.1 20210621 (release)
Copyright (C) 2020 Free Software Foundation, Inc.
This is free software; see the source for copying conditions.  There is NO
warranty; not even for MERCHANTABILITY or FITNESS FOR A PARTICULAR PURPOSE.

Detecting CXX compiler ABI info compiled with the following output:
Change Dir: /home/nikita/MACHINE/proj/build/CMakeFiles/CMakeTmp

Run Build Command(s):/usr/bin/gmake -f Makefile cmTC_1e921/fast && /usr/bin/gmake  -f CMakeFiles/cmTC_1e921.dir/build.make CMakeFiles/cmTC_1e921.dir/build
gmake[1]: Entering directory '/home/nikita/MACHINE/proj/build/CMakeFiles/CMakeTmp'
Building CXX object CMakeFiles/cmTC_1e921.dir/CMakeCXXCompilerABI.cpp.obj
/usr/bin/arm-none-eabi-g++   -v -ggdb3 -Os -fdata-sections -ffunction-sections -fno-common -fno-exceptions -Wall -Wextra -Wshadow -Wdouble-promotion -Wundef -Wconversion -o CMakeFiles/cmTC_1e921.dir/CMakeCXXCompilerABI.cpp.obj -c /usr/share/cmake-3.22/Modules/CMakeCXXCompilerABI.cpp
Using built-in specs.
COLLECT_GCC=/usr/bin/arm-none-eabi-g++
Target: arm-none-eabi
Configured with: ../configure --build=x86_64-linux-gnu --prefix=/usr --includedir='/usr/lib/include' --mandir='/usr/lib/share/man' --infodir='/usr/lib/share/info' --sysconfdir=/etc --localstatedir=/var --disable-option-checking --disable-silent-rules --libdir='/usr/lib/lib/x86_64-linux-gnu' --libexecdir='/usr/lib/lib/x86_64-linux-gnu' --disable-maintainer-mode --disable-dependency-tracking --mandir=/usr/share/man --enable-languages=c,c++,lto --enable-multilib --disable-decimal-float --disable-libffi --disable-libgomp --disable-libmudflap --disable-libquadmath --disable-libssp --disable-libstdcxx-pch --disable-nls --disable-shared --disable-threads --enable-tls --build=x86_64-linux-gnu --target=arm-none-eabi --with-system-zlib --with-gnu-as --with-gnu-ld --with-pkgversion=15:10.3-2021.07-4 --without-included-gettext --prefix=/usr/lib --infodir=/usr/share/doc/gcc-arm-none-eabi/info --htmldir=/usr/share/doc/gcc-arm-none-eabi/html --pdfdir=/usr/share/doc/gcc-arm-none-eabi/pdf --bindir=/usr/bin --libexecdir=/usr/lib --libdir=/usr/lib --disable-libstdc++-v3 --host=x86_64-linux-gnu --with-headers=no --without-newlib --with-multilib-list=rmprofile,aprofile CFLAGS='-g -O2 -ffile-prefix-map=/build/gcc-arm-none-eabi-hYfgK4/gcc-arm-none-eabi-10.3-2021.07=. -flto=auto -ffat-lto-objects -fstack-protector-strong' CPPFLAGS='-Wdate-time -D_FORTIFY_SOURCE=2' CXXFLAGS='-g -O2 -ffile-prefix-map=/build/gcc-arm-none-eabi-hYfgK4/gcc-arm-none-eabi-10.3-2021.07=. -flto=auto -ffat-lto-objects -fstack-protector-strong' DFLAGS=-frelease FCFLAGS='-g -O2 -ffile-prefix-map=/build/gcc-arm-none-eabi-hYfgK4/gcc-arm-none-eabi-10.3-2021.07=. -flto=auto -ffat-lto-objects -fstack-protector-strong' FFLAGS='-g -O2 -ffile-prefix-map=/build/gcc-arm-none-eabi-hYfgK4/gcc-arm-none-eabi-10.3-2021.07=. -flto=auto -ffat-lto-objects -fstack-protector-strong' GCJFLAGS='-g -O2 -ffile-prefix-map=/build/gcc-arm-none-eabi-hYfgK4/gcc-arm-none-eabi-10.3-2021.07=. -fstack-protector-strong' LDFLAGS='-Wl,-Bsymbolic-functions -flto=auto -Wl,-z,relro' OBJCFLAGS='-g -O2 -ffile-prefix-map=/build/gcc-arm-none-eabi-hYfgK4/gcc-arm-none-eabi-10.3-2021.07=. -flto=auto -ffat-lto-objects -fstack-protector-strong' OBJCXXFLAGS='-g -O2 -ffile-prefix-map=/build/gcc-arm-none-eabi-hYfgK4/gcc-arm-none-eabi-10.3-2021.07=. -flto=auto -ffat-lto-objects -fstack-protector-strong' INHIBIT_LIBC_CFLAGS=-DUSE_TM_CLONE_REGISTRY=0 AR_FOR_TARGET=arm-none-eabi-ar AS_FOR_TARGET=arm-none-eabi-as LD_FOR_TARGET=arm-none-eabi-ld NM_FOR_TARGET=arm-none-eabi-nm OBJDUMP_FOR_TARGET=arm-none-eabi-objdump RANLIB_FOR_TARGET=arm-none-eabi-ranlib READELF_FOR_TARGET=arm-none-eabi-readelf STRIP_FOR_TARGET=arm-none-eabi-strip SED=/bin/sed SHELL=/bin/sh BASH=/bin/bash CONFIG_SHELL=/bin/bash
Thread model: single
Supported LTO compression algorithms: zlib
gcc version 10.3.1 20210621 (release) (15:10.3-2021.07-4) 
COLLECT_GCC_OPTIONS='-v' '-ggdb3' '-Os' '-fdata-sections' '-ffunction-sections' '-fno-common' '-fno-exceptions' '-Wall' '-Wextra' '-Wshadow' '-Wdouble-promotion' '-Wundef' '-Wconversion' '-o' 'CMakeFiles/cmTC_1e921.dir/CMakeCXXCompilerABI.cpp.obj' '-c' '-mcpu=arm7tdmi' '-mfloat-abi=soft' '-marm' '-mlibarch=armv4t' '-march=armv4t'
 /usr/lib/gcc/arm-none-eabi/10.3.1/cc1plus -quiet -v -dD -D__USES_INITFINI__ /usr/share/cmake-3.22/Modules/CMakeCXXCompilerABI.cpp -quiet -dumpbase CMakeCXXCompilerABI.cpp -mcpu=arm7tdmi -mfloat-abi=soft -marm -mlibarch=armv4t -march=armv4t -auxbase-strip CMakeFiles/cmTC_1e921.dir/CMakeCXXCompilerABI.cpp.obj -ggdb3 -Os -Wall -Wextra -Wshadow -Wdouble-promotion -Wundef -Wconversion -version -fdata-sections -ffunction-sections -fno-common -fno-exceptions -o /tmp/cc9hIDZE.s
GNU C++14 (15:10.3-2021.07-4) version 10.3.1 20210621 (release) (arm-none-eabi)
	compiled by GNU C version 11.2.0, GMP version 6.2.1, MPFR version 4.1.0, MPC version 1.2.1, isl version isl-0.24-GMP

GGC heuristics: --param ggc-min-expand=100 --param ggc-min-heapsize=131072
ignoring nonexistent directory "/usr/lib/gcc/arm-none-eabi/10.3.1/../../../arm-none-eabi/sys-include"
#include "..." search starts here:
#include <...> search starts here:
 /usr/lib/gcc/arm-none-eabi/10.3.1/../../../arm-none-eabi/include/c++/10.3.1
 /usr/lib/gcc/arm-none-eabi/10.3.1/../../../arm-none-eabi/include/c++/10.3.1/arm-none-eabi
 /usr/lib/gcc/arm-none-eabi/10.3.1/../../../arm-none-eabi/include/c++/10.3.1/backward
 /usr/lib/gcc/arm-none-eabi/10.3.1/include
 /usr/lib/gcc/arm-none-eabi/10.3.1/include-fixed
 /usr/lib/gcc/arm-none-eabi/10.3.1/../../../arm-none-eabi/include
End of search list.
GNU C++14 (15:10.3-2021.07-4) version 10.3.1 20210621 (release) (arm-none-eabi)
	compiled by GNU C version 11.2.0, GMP version 6.2.1, MPFR version 4.1.0, MPC version 1.2.1, isl version isl-0.24-GMP

GGC heuristics: --param ggc-min-expand=100 --param ggc-min-heapsize=131072
Compiler executable checksum: 4f994585a8ca8864fa1f4d2fb208a0ba
COLLECT_GCC_OPTIONS='-v' '-ggdb3' '-Os' '-fdata-sections' '-ffunction-sections' '-fno-common' '-fno-exceptions' '-Wall' '-Wextra' '-Wshadow' '-Wdouble-promotion' '-Wundef' '-Wconversion' '-o' 'CMakeFiles/cmTC_1e921.dir/CMakeCXXCompilerABI.cpp.obj' '-c' '-mcpu=arm7tdmi' '-mfloat-abi=soft' '-marm' '-mlibarch=armv4t' '-march=armv4t'
 /usr/lib/gcc/arm-none-eabi/10.3.1/../../../arm-none-eabi/bin/as -v -march=armv4t -mfloat-abi=soft -meabi=5 -o CMakeFiles/cmTC_1e921.dir/CMakeCXXCompilerABI.cpp.obj /tmp/cc9hIDZE.s
GNU assembler version 2.38 (arm-none-eabi) using BFD version (2.38-3ubuntu1+15build1) 2.38
COMPILER_PATH=/usr/lib/gcc/arm-none-eabi/10.3.1/:/usr/lib/gcc/arm-none-eabi/10.3.1/:/usr/lib/gcc/arm-none-eabi/:/usr/lib/gcc/arm-none-eabi/10.3.1/:/usr/lib/gcc/arm-none-eabi/:/usr/lib/gcc/arm-none-eabi/10.3.1/../../../arm-none-eabi/bin/
LIBRARY_PATH=/usr/lib/gcc/arm-none-eabi/10.3.1/:/usr/lib/gcc/arm-none-eabi/10.3.1/../../../arm-none-eabi/lib/
COLLECT_GCC_OPTIONS='-v' '-ggdb3' '-Os' '-fdata-sections' '-ffunction-sections' '-fno-common' '-fno-exceptions' '-Wall' '-Wextra' '-Wshadow' '-Wdouble-promotion' '-Wundef' '-Wconversion' '-o' 'CMakeFiles/cmTC_1e921.dir/CMakeCXXCompilerABI.cpp.obj' '-c' '-mcpu=arm7tdmi' '-mfloat-abi=soft' '-marm' '-mlibarch=armv4t' '-march=armv4t'
Linking CXX static library libcmTC_1e921.a
/usr/bin/cmake -P CMakeFiles/cmTC_1e921.dir/cmake_clean_target.cmake
/usr/bin/cmake -E cmake_link_script CMakeFiles/cmTC_1e921.dir/link.txt --verbose=1
/usr/bin/arm-none-eabi-ar qc libcmTC_1e921.a CMakeFiles/cmTC_1e921.dir/CMakeCXXCompilerABI.cpp.obj
/usr/bin/arm-none-eabi-ranlib libcmTC_1e921.a
gmake[1]: Leaving directory '/home/nikita/MACHINE/proj/build/CMakeFiles/CMakeTmp'



Parsed CXX implicit include dir info from above output: rv=done
  found start of include info
  found start of implicit include info
    add: [/usr/lib/gcc/arm-none-eabi/10.3.1/../../../arm-none-eabi/include/c++/10.3.1]
    add: [/usr/lib/gcc/arm-none-eabi/10.3.1/../../../arm-none-eabi/include/c++/10.3.1/arm-none-eabi]
    add: [/usr/lib/gcc/arm-none-eabi/10.3.1/../../../arm-none-eabi/include/c++/10.3.1/backward]
    add: [/usr/lib/gcc/arm-none-eabi/10.3.1/include]
    add: [/usr/lib/gcc/arm-none-eabi/10.3.1/include-fixed]
    add: [/usr/lib/gcc/arm-none-eabi/10.3.1/../../../arm-none-eabi/include]
  end of search list found
  collapse include dir [/usr/lib/gcc/arm-none-eabi/10.3.1/../../../arm-none-eabi/include/c++/10.3.1] ==> [/usr/lib/arm-none-eabi/include/c++/10.3.1]
  collapse include dir [/usr/lib/gcc/arm-none-eabi/10.3.1/../../../arm-none-eabi/include/c++/10.3.1/arm-none-eabi] ==> [/usr/lib/arm-none-eabi/include/c++/10.3.1/arm-none-eabi]
  collapse include dir [/usr/lib/gcc/arm-none-eabi/10.3.1/../../../arm-none-eabi/include/c++/10.3.1/backward] ==> [/usr/lib/arm-none-eabi/include/c++/10.3.1/backward]
  collapse include dir [/usr/lib/gcc/arm-none-eabi/10.3.1/include] ==> [/usr/lib/gcc/arm-none-eabi/10.3.1/include]
  collapse include dir [/usr/lib/gcc/arm-none-eabi/10.3.1/include-fixed] ==> [/usr/lib/gcc/arm-none-eabi/10.3.1/include-fixed]
  collapse include dir [/usr/lib/gcc/arm-none-eabi/10.3.1/../../../arm-none-eabi/include] ==> [/usr/lib/arm-none-eabi/include]
  implicit include dirs: [/usr/lib/arm-none-eabi/include/c++/10.3.1;/usr/lib/arm-none-eabi/include/c++/10.3.1/arm-none-eabi;/usr/lib/arm-none-eabi/include/c++/10.3.1/backward;/usr/lib/gcc/arm-none-eabi/10.3.1/include;/usr/lib/gcc/arm-none-eabi/10.3.1/include-fixed;/usr/lib/arm-none-eabi/include]


Parsed CXX implicit link information from above output:
  link line regex: [^( *|.*[/\])(arm-none-eabi-ld|CMAKE_LINK_STARTFILE-NOTFOUND|([^/\]+-)?ld|collect2)[^/\]*( |$)]
  ignore line: [Change Dir: /home/nikita/MACHINE/proj/build/CMakeFiles/CMakeTmp]
  ignore line: []
  ignore line: [Run Build Command(s):/usr/bin/gmake -f Makefile cmTC_1e921/fast && /usr/bin/gmake  -f CMakeFiles/cmTC_1e921.dir/build.make CMakeFiles/cmTC_1e921.dir/build]
  ignore line: [gmake[1]: Entering directory '/home/nikita/MACHINE/proj/build/CMakeFiles/CMakeTmp']
  ignore line: [Building CXX object CMakeFiles/cmTC_1e921.dir/CMakeCXXCompilerABI.cpp.obj]
  ignore line: [/usr/bin/arm-none-eabi-g++   -v -ggdb3 -Os -fdata-sections -ffunction-sections -fno-common -fno-exceptions -Wall -Wextra -Wshadow -Wdouble-promotion -Wundef -Wconversion -o CMakeFiles/cmTC_1e921.dir/CMakeCXXCompilerABI.cpp.obj -c /usr/share/cmake-3.22/Modules/CMakeCXXCompilerABI.cpp]
  ignore line: [Using built-in specs.]
  ignore line: [COLLECT_GCC=/usr/bin/arm-none-eabi-g++]
  ignore line: [Target: arm-none-eabi]
  ignore line: [Configured with: ../configure --build=x86_64-linux-gnu --prefix=/usr --includedir='/usr/lib/include' --mandir='/usr/lib/share/man' --infodir='/usr/lib/share/info' --sysconfdir=/etc --localstatedir=/var --disable-option-checking --disable-silent-rules --libdir='/usr/lib/lib/x86_64-linux-gnu' --libexecdir='/usr/lib/lib/x86_64-linux-gnu' --disable-maintainer-mode --disable-dependency-tracking --mandir=/usr/share/man --enable-languages=c,c++,lto --enable-multilib --disable-decimal-float --disable-libffi --disable-libgomp --disable-libmudflap --disable-libquadmath --disable-libssp --disable-libstdcxx-pch --disable-nls --disable-shared --disable-threads --enable-tls --build=x86_64-linux-gnu --target=arm-none-eabi --with-system-zlib --with-gnu-as --with-gnu-ld --with-pkgversion=15:10.3-2021.07-4 --without-included-gettext --prefix=/usr/lib --infodir=/usr/share/doc/gcc-arm-none-eabi/info --htmldir=/usr/share/doc/gcc-arm-none-eabi/html --pdfdir=/usr/share/doc/gcc-arm-none-eabi/pdf --bindir=/usr/bin --libexecdir=/usr/lib --libdir=/usr/lib --disable-libstdc++-v3 --host=x86_64-linux-gnu --with-headers=no --without-newlib --with-multilib-list=rmprofile,aprofile CFLAGS='-g -O2 -ffile-prefix-map=/build/gcc-arm-none-eabi-hYfgK4/gcc-arm-none-eabi-10.3-2021.07=. -flto=auto -ffat-lto-objects -fstack-protector-strong' CPPFLAGS='-Wdate-time -D_FORTIFY_SOURCE=2' CXXFLAGS='-g -O2 -ffile-prefix-map=/build/gcc-arm-none-eabi-hYfgK4/gcc-arm-none-eabi-10.3-2021.07=. -flto=auto -ffat-lto-objects -fstack-protector-strong' DFLAGS=-frelease FCFLAGS='-g -O2 -ffile-prefix-map=/build/gcc-arm-none-eabi-hYfgK4/gcc-arm-none-eabi-10.3-2021.07=. -flto=auto -ffat-lto-objects -fstack-protector-strong' FFLAGS='-g -O2 -ffile-prefix-map=/build/gcc-arm-none-eabi-hYfgK4/gcc-arm-none-eabi-10.3-2021.07=. -flto=auto -ffat-lto-objects -fstack-protector-strong' GCJFLAGS='-g -O2 -ffile-prefix-map=/build/gcc-arm-none-eabi-hYfgK4/gcc-arm-none-eabi-10.3-2021.07=. -fstack-protector-strong' LDFLAGS='-Wl,-Bsymbolic-functions -flto=auto -Wl,-z,relro' OBJCFLAGS='-g -O2 -ffile-prefix-map=/build/gcc-arm-none-eabi-hYfgK4/gcc-arm-none-eabi-10.3-2021.07=. -flto=auto -ffat-lto-objects -fstack-protector-strong' OBJCXXFLAGS='-g -O2 -ffile-prefix-map=/build/gcc-arm-none-eabi-hYfgK4/gcc-arm-none-eabi-10.3-2021.07=. -flto=auto -ffat-lto-objects -fstack-protector-strong' INHIBIT_LIBC_CFLAGS=-DUSE_TM_CLONE_REGISTRY=0 AR_FOR_TARGET=arm-none-eabi-ar AS_FOR_TARGET=arm-none-eabi-as LD_FOR_TARGET=arm-none-eabi-ld NM_FOR_TARGET=arm-none-eabi-nm OBJDUMP_FOR_TARGET=arm-none-eabi-objdump RANLIB_FOR_TARGET=arm-none-eabi-ranlib READELF_FOR_TARGET=arm-none-eabi-readelf STRIP_FOR_TARGET=arm-none-eabi-strip SED=/bin/sed SHELL=/bin/sh BASH=/bin/bash CONFIG_SHELL=/bin/bash]
  ignore line: [Thread model: single]
  ignore line: [Supported LTO compression algorithms: zlib]
  ignore line: [gcc version 10.3.1 20210621 (release) (15:10.3-2021.07-4) ]
  ignore line: [COLLECT_GCC_OPTIONS='-v' '-ggdb3' '-Os' '-fdata-sections' '-ffunction-sections' '-fno-common' '-fno-exceptions' '-Wall' '-Wextra' '-Wshadow' '-Wdouble-promotion' '-Wundef' '-Wconversion' '-o' 'CMakeFiles/cmTC_1e921.dir/CMakeCXXCompilerABI.cpp.obj' '-c' '-mcpu=arm7tdmi' '-mfloat-abi=soft' '-marm' '-mlibarch=armv4t' '-march=armv4t']
  ignore line: [ /usr/lib/gcc/arm-none-eabi/10.3.1/cc1plus -quiet -v -dD -D__USES_INITFINI__ /usr/share/cmake-3.22/Modules/CMakeCXXCompilerABI.cpp -quiet -dumpbase CMakeCXXCompilerABI.cpp -mcpu=arm7tdmi -mfloat-abi=soft -marm -mlibarch=armv4t -march=armv4t -auxbase-strip CMakeFiles/cmTC_1e921.dir/CMakeCXXCompilerABI.cpp.obj -ggdb3 -Os -Wall -Wextra -Wshadow -Wdouble-promotion -Wundef -Wconversion -version -fdata-sections -ffunction-sections -fno-common -fno-exceptions -o /tmp/cc9hIDZE.s]
  ignore line: [GNU C++14 (15:10.3-2021.07-4) version 10.3.1 20210621 (release) (arm-none-eabi)]
  ignore line: [	compiled by GNU C version 11.2.0  GMP version 6.2.1  MPFR version 4.1.0  MPC version 1.2.1  isl version isl-0.24-GMP]
  ignore line: []
  ignore line: [GGC heuristics: --param ggc-min-expand=100 --param ggc-min-heapsize=131072]
  ignore line: [ignoring nonexistent directory "/usr/lib/gcc/arm-none-eabi/10.3.1/../../../arm-none-eabi/sys-include"]
  ignore line: [#include "..." search starts here:]
  ignore line: [#include <...> search starts here:]
  ignore line: [ /usr/lib/gcc/arm-none-eabi/10.3.1/../../../arm-none-eabi/include/c++/10.3.1]
  ignore line: [ /usr/lib/gcc/arm-none-eabi/10.3.1/../../../arm-none-eabi/include/c++/10.3.1/arm-none-eabi]
  ignore line: [ /usr/lib/gcc/arm-none-eabi/10.3.1/../../../arm-none-eabi/include/c++/10.3.1/backward]
  ignore line: [ /usr/lib/gcc/arm-none-eabi/10.3.1/include]
  ignore line: [ /usr/lib/gcc/arm-none-eabi/10.3.1/include-fixed]
  ignore line: [ /usr/lib/gcc/arm-none-eabi/10.3.1/../../../arm-none-eabi/include]
  ignore line: [End of search list.]
  ignore line: [GNU C++14 (15:10.3-2021.07-4) version 10.3.1 20210621 (release) (arm-none-eabi)]
  ignore line: [	compiled by GNU C version 11.2.0  GMP version 6.2.1  MPFR version 4.1.0  MPC version 1.2.1  isl version isl-0.24-GMP]
  ignore line: []
  ignore line: [GGC heuristics: --param ggc-min-expand=100 --param ggc-min-heapsize=131072]
  ignore line: [Compiler executable checksum: 4f994585a8ca8864fa1f4d2fb208a0ba]
  ignore line: [COLLECT_GCC_OPTIONS='-v' '-ggdb3' '-Os' '-fdata-sections' '-ffunction-sections' '-fno-common' '-fno-exceptions' '-Wall' '-Wextra' '-Wshadow' '-Wdouble-promotion' '-Wundef' '-Wconversion' '-o' 'CMakeFiles/cmTC_1e921.dir/CMakeCXXCompilerABI.cpp.obj' '-c' '-mcpu=arm7tdmi' '-mfloat-abi=soft' '-marm' '-mlibarch=armv4t' '-march=armv4t']
  ignore line: [ /usr/lib/gcc/arm-none-eabi/10.3.1/../../../arm-none-eabi/bin/as -v -march=armv4t -mfloat-abi=soft -meabi=5 -o CMakeFiles/cmTC_1e921.dir/CMakeCXXCompilerABI.cpp.obj /tmp/cc9hIDZE.s]
  ignore line: [GNU assembler version 2.38 (arm-none-eabi) using BFD version (2.38-3ubuntu1+15build1) 2.38]
  ignore line: [COMPILER_PATH=/usr/lib/gcc/arm-none-eabi/10.3.1/:/usr/lib/gcc/arm-none-eabi/10.3.1/:/usr/lib/gcc/arm-none-eabi/:/usr/lib/gcc/arm-none-eabi/10.3.1/:/usr/lib/gcc/arm-none-eabi/:/usr/lib/gcc/arm-none-eabi/10.3.1/../../../arm-none-eabi/bin/]
  ignore line: [LIBRARY_PATH=/usr/lib/gcc/arm-none-eabi/10.3.1/:/usr/lib/gcc/arm-none-eabi/10.3.1/../../../arm-none-eabi/lib/]
  ignore line: [COLLECT_GCC_OPTIONS='-v' '-ggdb3' '-Os' '-fdata-sections' '-ffunction-sections' '-fno-common' '-fno-exceptions' '-Wall' '-Wextra' '-Wshadow' '-Wdouble-promotion' '-Wundef' '-Wconversion' '-o' 'CMakeFiles/cmTC_1e921.dir/CMakeCXXCompilerABI.cpp.obj' '-c' '-mcpu=arm7tdmi' '-mfloat-abi=soft' '-marm' '-mlibarch=armv4t' '-march=armv4t']
  ignore line: [Linking CXX static library libcmTC_1e921.a]
  ignore line: [/usr/bin/cmake -P CMakeFiles/cmTC_1e921.dir/cmake_clean_target.cmake]
  ignore line: [/usr/bin/cmake -E cmake_link_script CMakeFiles/cmTC_1e921.dir/link.txt --verbose=1]
  ignore line: [/usr/bin/arm-none-eabi-ar qc libcmTC_1e921.a CMakeFiles/cmTC_1e921.dir/CMakeCXXCompilerABI.cpp.obj]
  ignore line: [/usr/bin/arm-none-eabi-ranlib libcmTC_1e921.a]
  ignore line: [gmake[1]: Leaving directory '/home/nikita/MACHINE/proj/build/CMakeFiles/CMakeTmp']
  ignore line: []
  ignore line: []
  implicit libs: []
  implicit objs: []
  implicit dirs: []
  implicit fwks: []


Detecting C compiler ABI info compiled with the following output:
Change Dir: /home/nikita/MACHINE/proj/build/CMakeFiles/CMakeTmp

Run Build Command(s):/usr/bin/gmake -f Makefile cmTC_29d10/fast && /usr/bin/gmake  -f CMakeFiles/cmTC_29d10.dir/build.make CMakeFiles/cmTC_29d10.dir/build
gmake[1]: Entering directory '/home/nikita/MACHINE/proj/build/CMakeFiles/CMakeTmp'
Building C object CMakeFiles/cmTC_29d10.dir/CMakeCCompilerABI.c.obj
/usr/bin/arm-none-eabi-gcc   -v -ggdb3 -Os -fdata-sections -ffunction-sections -fno-common -fno-exceptions -Wall -Wextra -Wshadow -Wdouble-promotion -Wundef -Wconversion -o CMakeFiles/cmTC_29d10.dir/CMakeCCompilerABI.c.obj -c /usr/share/cmake-3.22/Modules/CMakeCCompilerABI.c
Using built-in specs.
COLLECT_GCC=/usr/bin/arm-none-eabi-gcc
Target: arm-none-eabi
Configured with: ../configure --build=x86_64-linux-gnu --prefix=/usr --includedir='/usr/lib/include' --mandir='/usr/lib/share/man' --infodir='/usr/lib/share/info' --sysconfdir=/etc --localstatedir=/var --disable-option-checking --disable-silent-rules --libdir='/usr/lib/lib/x86_64-linux-gnu' --libexecdir='/usr/lib/lib/x86_64-linux-gnu' --disable-maintainer-mode --disable-dependency-tracking --mandir=/usr/share/man --enable-languages=c,c++,lto --enable-multilib --disable-decimal-float --disable-libffi --disable-libgomp --disable-libmudflap --disable-libquadmath --disable-libssp --disable-libstdcxx-pch --disable-nls --disable-shared --disable-threads --enable-tls --build=x86_64-linux-gnu --target=arm-none-eabi --with-system-zlib --with-gnu-as --with-gnu-ld --with-pkgversion=15:10.3-2021.07-4 --without-included-gettext --prefix=/usr/lib --infodir=/usr/share/doc/gcc-arm-none-eabi/info --htmldir=/usr/share/doc/gcc-arm-none-eabi/html --pdfdir=/usr/share/doc/gcc-arm-none-eabi/pdf --bindir=/usr/bin --libexecdir=/usr/lib --libdir=/usr/lib --disable-libstdc++-v3 --host=x86_64-linux-gnu --with-headers=no --without-newlib --with-multilib-list=rmprofile,aprofile CFLAGS='-g -O2 -ffile-prefix-map=/build/gcc-arm-none-eabi-hYfgK4/gcc-arm-none-eabi-10.3-2021.07=. -flto=auto -ffat-lto-objects -fstack-protector-strong' CPPFLAGS='-Wdate-time -D_FORTIFY_SOURCE=2' CXXFLAGS='-g -O2 -ffile-prefix-map=/build/gcc-arm-none-eabi-hYfgK4/gcc-arm-none-eabi-10.3-2021.07=. -flto=auto -ffat-lto-objects -fstack-protector-strong' DFLAGS=-frelease FCFLAGS='-g -O2 -ffile-prefix-map=/build/gcc-arm-none-eabi-hYfgK4/gcc-arm-none-eabi-10.3-2021.07=. -flto=auto -ffat-lto-objects -fstack-protector-strong' FFLAGS='-g -O2 -ffile-prefix-map=/build/gcc-arm-none-eabi-hYfgK4/gcc-arm-none-eabi-10.3-2021.07=. -flto=auto -ffat-lto-objects -fstack-protector-strong' GCJFLAGS='-g -O2 -ffile-prefix-map=/build/gcc-arm-none-eabi-hYfgK4/gcc-arm-none-eabi-10.3-2021.07=. -fstack-protector-strong' LDFLAGS='-Wl,-Bsymbolic-functions -flto=auto -Wl,-z,relro' OBJCFLAGS='-g -O2 -ffile-prefix-map=/build/gcc-arm-none-eabi-hYfgK4/gcc-arm-none-eabi-10.3-2021.07=. -flto=auto -ffat-lto-objects -fstack-protector-strong' OBJCXXFLAGS='-g -O2 -ffile-prefix-map=/build/gcc-arm-none-eabi-hYfgK4/gcc-arm-none-eabi-10.3-2021.07=. -flto=auto -ffat-lto-objects -fstack-protector-strong' INHIBIT_LIBC_CFLAGS=-DUSE_TM_CLONE_REGISTRY=0 AR_FOR_TARGET=arm-none-eabi-ar AS_FOR_TARGET=arm-none-eabi-as LD_FOR_TARGET=arm-none-eabi-ld NM_FOR_TARGET=arm-none-eabi-nm OBJDUMP_FOR_TARGET=arm-none-eabi-objdump RANLIB_FOR_TARGET=arm-none-eabi-ranlib READELF_FOR_TARGET=arm-none-eabi-readelf STRIP_FOR_TARGET=arm-none-eabi-strip SED=/bin/sed SHELL=/bin/sh BASH=/bin/bash CONFIG_SHELL=/bin/bash
Thread model: single
Supported LTO compression algorithms: zlib
gcc version 10.3.1 20210621 (release) (15:10.3-2021.07-4) 
COLLECT_GCC_OPTIONS='-v' '-ggdb3' '-Os' '-fdata-sections' '-ffunction-sections' '-fno-common' '-fno-exceptions' '-Wall' '-Wextra' '-Wshadow' '-Wdouble-promotion' '-Wundef' '-Wconversion' '-o' 'CMakeFiles/cmTC_29d10.dir/CMakeCCompilerABI.c.obj' '-c' '-mcpu=arm7tdmi' '-mfloat-abi=soft' '-marm' '-mlibarch=armv4t' '-march=armv4t'
 /usr/lib/gcc/arm-none-eabi/10.3.1/cc1 -quiet -v -dD -D__USES_INITFINI__ /usr/share/cmake-3.22/Modules/CMakeCCompilerABI.c -quiet -dumpbase CMakeCCompilerABI.c -mcpu=arm7tdmi -mfloat-abi=soft -marm -mlibarch=armv4t -march=armv4t -auxbase-strip CMakeFiles/cmTC_29d10.dir/CMakeCCompilerABI.c.obj -ggdb3 -Os -Wall -Wextra -Wshadow -Wdouble-promotion -Wundef -Wconversion -version -fdata-sections -ffunction-sections -fno-common -fno-exceptions -o /tmp/ccFxN0Pv.s
GNU C17 (15:10.3-2021.07-4) version 10.3.1 20210621 (release) (arm-none-eabi)
	compiled by GNU C version 11.2.0, GMP version 6.2.1, MPFR version 4.1.0, MPC version 1.2.1, isl version isl-0.24-GMP

GGC heuristics: --param ggc-min-expand=100 --param ggc-min-heapsize=131072
ignoring nonexistent directory "/usr/lib/gcc/arm-none-eabi/10.3.1/../../../arm-none-eabi/sys-include"
#include "..." search starts here:
#include <...> search starts here:
 /usr/lib/gcc/arm-none-eabi/10.3.1/include
 /usr/lib/gcc/arm-none-eabi/10.3.1/include-fixed
 /usr/lib/gcc/arm-none-eabi/10.3.1/../../../arm-none-eabi/include
End of search list.
GNU C17 (15:10.3-2021.07-4) version 10.3.1 20210621 (release) (arm-none-eabi)
	compiled by GNU C version 11.2.0, GMP version 6.2.1, MPFR version 4.1.0, MPC version 1.2.1, isl version isl-0.24-GMP

GGC heuristics: --param ggc-min-expand=100 --param ggc-min-heapsize=131072
Compiler executable checksum: 4cf7574ae54eb0935abb4a8c56f8bcfe
COLLECT_GCC_OPTIONS='-v' '-ggdb3' '-Os' '-fdata-sections' '-ffunction-sections' '-fno-common' '-fno-exceptions' '-Wall' '-Wextra' '-Wshadow' '-Wdouble-promotion' '-Wundef' '-Wconversion' '-o' 'CMakeFiles/cmTC_29d10.dir/CMakeCCompilerABI.c.obj' '-c' '-mcpu=arm7tdmi' '-mfloat-abi=soft' '-marm' '-mlibarch=armv4t' '-march=armv4t'
 /usr/lib/gcc/arm-none-eabi/10.3.1/../../../arm-none-eabi/bin/as -v -march=armv4t -mfloat-abi=soft -meabi=5 -o CMakeFiles/cmTC_29d10.dir/CMakeCCompilerABI.c.obj /tmp/ccFxN0Pv.s
GNU assembler version 2.38 (arm-none-eabi) using BFD version (2.38-3ubuntu1+15build1) 2.38
COMPILER_PATH=/usr/lib/gcc/arm-none-eabi/10.3.1/:/usr/lib/gcc/arm-none-eabi/10.3.1/:/usr/lib/gcc/arm-none-eabi/:/usr/lib/gcc/arm-none-eabi/10.3.1/:/usr/lib/gcc/arm-none-eabi/:/usr/lib/gcc/arm-none-eabi/10.3.1/../../../arm-none-eabi/bin/
LIBRARY_PATH=/usr/lib/gcc/arm-none-eabi/10.3.1/:/usr/lib/gcc/arm-none-eabi/10.3.1/../../../arm-none-eabi/lib/
COLLECT_GCC_OPTIONS='-v' '-ggdb3' '-Os' '-fdata-sections' '-ffunction-sections' '-fno-common' '-fno-exceptions' '-Wall' '-Wextra' '-Wshadow' '-Wdouble-promotion' '-Wundef' '-Wconversion' '-o' 'CMakeFiles/cmTC_29d10.dir/CMakeCCompilerABI.c.obj' '-c' '-mcpu=arm7tdmi' '-mfloat-abi=soft' '-marm' '-mlibarch=armv4t' '-march=armv4t'
Linking C static library libcmTC_29d10.a
/usr/bin/cmake -P CMakeFiles/cmTC_29d10.dir/cmake_clean_target.cmake
/usr/bin/cmake -E cmake_link_script CMakeFiles/cmTC_29d10.dir/link.txt --verbose=1
/usr/bin/arm-none-eabi-ar qc libcmTC_29d10.a CMakeFiles/cmTC_29d10.dir/CMakeCCompilerABI.c.obj
/usr/bin/arm-none-eabi-ranlib libcmTC_29d10.a
gmake[1]: Leaving directory '/home/nikita/MACHINE/proj/build/CMakeFiles/CMakeTmp'



Parsed C implicit include dir info from above output: rv=done
  found start of include info
  found start of implicit include info
    add: [/usr/lib/gcc/arm-none-eabi/10.3.1/include]
    add: [/usr/lib/gcc/arm-none-eabi/10.3.1/include-fixed]
    add: [/usr/lib/gcc/arm-none-eabi/10.3.1/../../../arm-none-eabi/include]
  end of search list found
  collapse include dir [/usr/lib/gcc/arm-none-eabi/10.3.1/include] ==> [/usr/lib/gcc/arm-none-eabi/10.3.1/include]
  collapse include dir [/usr/lib/gcc/arm-none-eabi/10.3.1/include-fixed] ==> [/usr/lib/gcc/arm-none-eabi/10.3.1/include-fixed]
  collapse include dir [/usr/lib/gcc/arm-none-eabi/10.3.1/../../../arm-none-eabi/include] ==> [/usr/lib/arm-none-eabi/include]
  implicit include dirs: [/usr/lib/gcc/arm-none-eabi/10.3.1/include;/usr/lib/gcc/arm-none-eabi/10.3.1/include-fixed;/usr/lib/arm-none-eabi/include]


Parsed C implicit link information from above output:
  link line regex: [^( *|.*[/\])(arm-none-eabi-ld|CMAKE_LINK_STARTFILE-NOTFOUND|([^/\]+-)?ld|collect2)[^/\]*( |$)]
  ignore line: [Change Dir: /home/nikita/MACHINE/proj/build/CMakeFiles/CMakeTmp]
  ignore line: []
  ignore line: [Run Build Command(s):/usr/bin/gmake -f Makefile cmTC_29d10/fast && /usr/bin/gmake  -f CMakeFiles/cmTC_29d10.dir/build.make CMakeFiles/cmTC_29d10.dir/build]
  ignore line: [gmake[1]: Entering directory '/home/nikita/MACHINE/proj/build/CMakeFiles/CMakeTmp']
  ignore line: [Building C object CMakeFiles/cmTC_29d10.dir/CMakeCCompilerABI.c.obj]
  ignore line: [/usr/bin/arm-none-eabi-gcc   -v -ggdb3 -Os -fdata-sections -ffunction-sections -fno-common -fno-exceptions -Wall -Wextra -Wshadow -Wdouble-promotion -Wundef -Wconversion -o CMakeFiles/cmTC_29d10.dir/CMakeCCompilerABI.c.obj -c /usr/share/cmake-3.22/Modules/CMakeCCompilerABI.c]
  ignore line: [Using built-in specs.]
  ignore line: [COLLECT_GCC=/usr/bin/arm-none-eabi-gcc]
  ignore line: [Target: arm-none-eabi]
  ignore line: [Configured with: ../configure --build=x86_64-linux-gnu --prefix=/usr --includedir='/usr/lib/include' --mandir='/usr/lib/share/man' --infodir='/usr/lib/share/info' --sysconfdir=/etc --localstatedir=/var --disable-option-checking --disable-silent-rules --libdir='/usr/lib/lib/x86_64-linux-gnu' --libexecdir='/usr/lib/lib/x86_64-linux-gnu' --disable-maintainer-mode --disable-dependency-tracking --mandir=/usr/share/man --enable-languages=c,c++,lto --enable-multilib --disable-decimal-float --disable-libffi --disable-libgomp --disable-libmudflap --disable-libquadmath --disable-libssp --disable-libstdcxx-pch --disable-nls --disable-shared --disable-threads --enable-tls --build=x86_64-linux-gnu --target=arm-none-eabi --with-system-zlib --with-gnu-as --with-gnu-ld --with-pkgversion=15:10.3-2021.07-4 --without-included-gettext --prefix=/usr/lib --infodir=/usr/share/doc/gcc-arm-none-eabi/info --htmldir=/usr/share/doc/gcc-arm-none-eabi/html --pdfdir=/usr/share/doc/gcc-arm-none-eabi/pdf --bindir=/usr/bin --libexecdir=/usr/lib --libdir=/usr/lib --disable-libstdc++-v3 --host=x86_64-linux-gnu --with-headers=no --without-newlib --with-multilib-list=rmprofile,aprofile CFLAGS='-g -O2 -ffile-prefix-map=/build/gcc-arm-none-eabi-hYfgK4/gcc-arm-none-eabi-10.3-2021.07=. -flto=auto -ffat-lto-objects -fstack-protector-strong' CPPFLAGS='-Wdate-time -D_FORTIFY_SOURCE=2' CXXFLAGS='-g -O2 -ffile-prefix-map=/build/gcc-arm-none-eabi-hYfgK4/gcc-arm-none-eabi-10.3-2021.07=. -flto=auto -ffat-lto-objects -fstack-protector-strong' DFLAGS=-frelease FCFLAGS='-g -O2 -ffile-prefix-map=/build/gcc-arm-none-eabi-hYfgK4/gcc-arm-none-eabi-10.3-2021.07=. -flto=auto -ffat-lto-objects -fstack-protector-strong' FFLAGS='-g -O2 -ffile-prefix-map=/build/gcc-arm-none-eabi-hYfgK4/gcc-arm-none-eabi-10.3-2021.07=. -flto=auto -ffat-lto-objects -fstack-protector-strong' GCJFLAGS='-g -O2 -ffile-prefix-map=/build/gcc-arm-none-eabi-hYfgK4/gcc-arm-none-eabi-10.3-2021.07=. -fstack-protector-strong' LDFLAGS='-Wl,-Bsymbolic-functions -flto=auto -Wl,-z,relro' OBJCFLAGS='-g -O2 -ffile-prefix-map=/build/gcc-arm-none-eabi-hYfgK4/gcc-arm-none-eabi-10.3-2021.07=. -flto=auto -ffat-lto-objects -fstack-protector-strong' OBJCXXFLAGS='-g -O2 -ffile-prefix-map=/build/gcc-arm-none-eabi-hYfgK4/gcc-arm-none-eabi-10.3-2021.07=. -flto=auto -ffat-lto-objects -fstack-protector-strong' INHIBIT_LIBC_CFLAGS=-DUSE_TM_CLONE_REGISTRY=0 AR_FOR_TARGET=arm-none-eabi-ar AS_FOR_TARGET=arm-none-eabi-as LD_FOR_TARGET=arm-none-eabi-ld NM_FOR_TARGET=arm-none-eabi-nm OBJDUMP_FOR_TARGET=arm-none-eabi-objdump RANLIB_FOR_TARGET=arm-none-eabi-ranlib READELF_FOR_TARGET=arm-none-eabi-readelf STRIP_FOR_TARGET=arm-none-eabi-strip SED=/bin/sed SHELL=/bin/sh BASH=/bin/bash CONFIG_SHELL=/bin/bash]
  ignore line: [Thread model: single]
  ignore line: [Supported LTO compression algorithms: zlib]
  ignore line: [gcc version 10.3.1 20210621 (release) (15:10.3-2021.07-4) ]
  ignore line: [COLLECT_GCC_OPTIONS='-v' '-ggdb3' '-Os' '-fdata-sections' '-ffunction-sections' '-fno-common' '-fno-exceptions' '-Wall' '-Wextra' '-Wshadow' '-Wdouble-promotion' '-Wundef' '-Wconversion' '-o' 'CMakeFiles/cmTC_29d10.dir/CMakeCCompilerABI.c.obj' '-c' '-mcpu=arm7tdmi' '-mfloat-abi=soft' '-marm' '-mlibarch=armv4t' '-march=armv4t']
  ignore line: [ /usr/lib/gcc/arm-none-eabi/10.3.1/cc1 -quiet -v -dD -D__USES_INITFINI__ /usr/share/cmake-3.22/Modules/CMakeCCompilerABI.c -quiet -dumpbase CMakeCCompilerABI.c -mcpu=arm7tdmi -mfloat-abi=soft -marm -mlibarch=armv4t -march=armv4t -auxbase-strip CMakeFiles/cmTC_29d10.dir/CMakeCCompilerABI.c.obj -ggdb3 -Os -Wall -Wextra -Wshadow -Wdouble-promotion -Wundef -Wconversion -version -fdata-sections -ffunction-sections -fno-common -fno-exceptions -o /tmp/ccFxN0Pv.s]
  ignore line: [GNU C17 (15:10.3-2021.07-4) version 10.3.1 20210621 (release) (arm-none-eabi)]
  ignore line: [	compiled by GNU C version 11.2.0  GMP version 6.2.1  MPFR version 4.1.0  MPC version 1.2.1  isl version isl-0.24-GMP]
  ignore line: []
  ignore line: [GGC heuristics: --param ggc-min-expand=100 --param ggc-min-heapsize=131072]
  ignore line: [ignoring nonexistent directory "/usr/lib/gcc/arm-none-eabi/10.3.1/../../../arm-none-eabi/sys-include"]
  ignore line: [#include "..." search starts here:]
  ignore line: [#include <...> search starts here:]
  ignore line: [ /usr/lib/gcc/arm-none-eabi/10.3.1/include]
  ignore line: [ /usr/lib/gcc/arm-none-eabi/10.3.1/include-fixed]
  ignore line: [ /usr/lib/gcc/arm-none-eabi/10.3.1/../../../arm-none-eabi/include]
  ignore line: [End of search list.]
  ignore line: [GNU C17 (15:10.3-2021.07-4) version 10.3.1 20210621 (release) (arm-none-eabi)]
  ignore line: [	compiled by GNU C version 11.2.0  GMP version 6.2.1  MPFR version 4.1.0  MPC version 1.2.1  isl version isl-0.24-GMP]
  ignore line: []
  ignore line: [GGC heuristics: --param ggc-min-expand=100 --param ggc-min-heapsize=131072]
  ignore line: [Compiler executable checksum: 4cf7574ae54eb0935abb4a8c56f8bcfe]
  ignore line: [COLLECT_GCC_OPTIONS='-v' '-ggdb3' '-Os' '-fdata-sections' '-ffunction-sections' '-fno-common' '-fno-exceptions' '-Wall' '-Wextra' '-Wshadow' '-Wdouble-promotion' '-Wundef' '-Wconversion' '-o' 'CMakeFiles/cmTC_29d10.dir/CMakeCCompilerABI.c.obj' '-c' '-mcpu=arm7tdmi' '-mfloat-abi=soft' '-marm' '-mlibarch=armv4t' '-march=armv4t']
  ignore line: [ /usr/lib/gcc/arm-none-eabi/10.3.1/../../../arm-none-eabi/bin/as -v -march=armv4t -mfloat-abi=soft -meabi=5 -o CMakeFiles/cmTC_29d10.dir/CMakeCCompilerABI.c.obj /tmp/ccFxN0Pv.s]
  ignore line: [GNU assembler version 2.38 (arm-none-eabi) using BFD version (2.38-3ubuntu1+15build1) 2.38]
  ignore line: [COMPILER_PATH=/usr/lib/gcc/arm-none-eabi/10.3.1/:/usr/lib/gcc/arm-none-eabi/10.3.1/:/usr/lib/gcc/arm-none-eabi/:/usr/lib/gcc/arm-none-eabi/10.3.1/:/usr/lib/gcc/arm-none-eabi/:/usr/lib/gcc/arm-none-eabi/10.3.1/../../../arm-none-eabi/bin/]
  ignore line: [LIBRARY_PATH=/usr/lib/gcc/arm-none-eabi/10.3.1/:/usr/lib/gcc/arm-none-eabi/10.3.1/../../../arm-none-eabi/lib/]
  ignore line: [COLLECT_GCC_OPTIONS='-v' '-ggdb3' '-Os' '-fdata-sections' '-ffunction-sections' '-fno-common' '-fno-exceptions' '-Wall' '-Wextra' '-Wshadow' '-Wdouble-promotion' '-Wundef' '-Wconversion' '-o' 'CMakeFiles/cmTC_29d10.dir/CMakeCCompilerABI.c.obj' '-c' '-mcpu=arm7tdmi' '-mfloat-abi=soft' '-marm' '-mlibarch=armv4t' '-march=armv4t']
  ignore line: [Linking C static library libcmTC_29d10.a]
  ignore line: [/usr/bin/cmake -P CMakeFiles/cmTC_29d10.dir/cmake_clean_target.cmake]
  ignore line: [/usr/bin/cmake -E cmake_link_script CMakeFiles/cmTC_29d10.dir/link.txt --verbose=1]
  ignore line: [/usr/bin/arm-none-eabi-ar qc libcmTC_29d10.a CMakeFiles/cmTC_29d10.dir/CMakeCCompilerABI.c.obj]
  ignore line: [/usr/bin/arm-none-eabi-ranlib libcmTC_29d10.a]
  ignore line: [gmake[1]: Leaving directory '/home/nikita/MACHINE/proj/build/CMakeFiles/CMakeTmp']
  ignore line: []
  ignore line: []
  implicit libs: []
  implicit objs: []
  implicit dirs: []
  implicit fwks: []


The target system is: Generic -  - ARM
The host system is: Linux - 6.8.0-110-generic - x86_64
Compiling the CXX compiler identification source file "CMakeCXXCompilerId.cpp" succeeded.
Compiler: /usr/bin/arm-none-eabi-g++ 
Build flags: 
Id flags: -c 

The output was:
0


Compilation of the CXX compiler identification source "CMakeCXXCompilerId.cpp" produced "CMakeCXXCompilerId.o"

The CXX compiler identification is GNU, found in "/home/nikita/MACHINE/proj/build/CMakeFiles/3.22.1/CompilerIdCXX/CMakeCXXCompilerId.o"

Compiling the C compiler identification source file "CMakeCCompilerId.c" succeeded.
Compiler: /usr/bin/arm-none-eabi-gcc 
Build flags: 
Id flags: -c 

The output was:
0


Compilation of the C compiler identification source "CMakeCCompilerId.c" produced "CMakeCCompilerId.o"

The C compiler identification is GNU, found in "/home/nikita/MACHINE/proj/build/CMakeFiles/3.22.1/CompilerIdC/CMakeCCompilerId.o"

Checking whether the ASM compiler is GNU using "--version" matched "(GNU assembler)|(GCC)|(Free Software Foundation)":
arm-none-eabi-gcc (15:10.3-2021.07-4) 10.3.1 20210621 (release)
Copyright (C) 2020 Free Software Foundation, Inc.
This is free software; see the source for copying conditions.  There is NO
warranty; not even for MERCHANTABILITY or FITNESS FOR A PARTICULAR PURPOSE.

Detecting CXX compiler ABI info compiled with the following output:
Change Dir: /home/nikita/MACHINE/proj/build/CMakeFiles/CMakeTmp

Run Build Command(s):/usr/bin/gmake -f Makefile cmTC_73470/fast && /usr/bin/gmake  -f CMakeFiles/cmTC_73470.dir/build.make CMakeFiles/cmTC_73470.dir/build
gmake[1]: Entering directory '/home/nikita/MACHINE/proj/build/CMakeFiles/CMakeTmp'
Building CXX object CMakeFiles/cmTC_73470.dir/CMakeCXXCompilerABI.cpp.obj
/usr/bin/arm-none-eabi-g++   -v -ggdb3 -Os -fdata-sections -ffunction-sections -fno-common -fno-exceptions -Wall -Wextra -Wshadow -Wdouble-promotion -Wundef -Wconversion -o CMakeFiles/cmTC_73470.dir/CMakeCXXCompilerABI.cpp.obj -c /usr/share/cmake-3.22/Modules/CMakeCXXCompilerABI.cpp
Using built-in specs.
COLLECT_GCC=/usr/bin/arm-none-eabi-g++
Target: arm-none-eabi
Configured with: ../configure --build=x86_64-linux-gnu --prefix=/usr --includedir='/usr/lib/include' --mandir='/usr/lib/share/man' --infodir='/usr/lib/share/info' --sysconfdir=/etc --localstatedir=/var --disable-option-checking --disable-silent-rules --libdir='/usr/lib/lib/x86_64-linux-gnu' --libexecdir='/usr/lib/lib/x86_64-linux-gnu' --disable-maintainer-mode --disable-dependency-tracking --mandir=/usr/share/man --enable-languages=c,c++,lto --enable-multilib --disable-decimal-float --disable-libffi --disable-libgomp --disable-libmudflap --disable-libquadmath --disable-libssp --disable-libstdcxx-pch --disable-nls --disable-shared --disable-threads --enable-tls --build=x86_64-linux-gnu --target=arm-none-eabi --with-system-zlib --with-gnu-as --with-gnu-ld --with-pkgversion=15:10.3-2021.07-4 --without-included-gettext --prefix=/usr/lib --infodir=/usr/share/doc/gcc-arm-none-eabi/info --htmldir=/usr/share/doc/gcc-arm-none-eabi/html --pdfdir=/usr/share/doc/gcc-arm-none-eabi/pdf --bindir=/usr/bin --libexecdir=/usr/lib --libdir=/usr/lib --disable-libstdc++-v3 --host=x86_64-linux-gnu --with-headers=no --without-newlib --with-multilib-list=rmprofile,aprofile CFLAGS='-g -O2 -ffile-prefix-map=/build/gcc-arm-none-eabi-hYfgK4/gcc-arm-none-eabi-10.3-2021.07=. -flto=auto -ffat-lto-objects -fstack-protector-strong' CPPFLAGS='-Wdate-time -D_FORTIFY_SOURCE=2' CXXFLAGS='-g -O2 -ffile-prefix-map=/build/gcc-arm-none-eabi-hYfgK4/gcc-arm-none-eabi-10.3-2021.07=. -flto=auto -ffat-lto-objects -fstack-protector-strong' DFLAGS=-frelease FCFLAGS='-g -O2 -ffile-prefix-map=/build/gcc-arm-none-eabi-hYfgK4/gcc-arm-none-eabi-10.3-2021.07=. -flto=auto -ffat-lto-objects -fstack-protector-strong' FFLAGS='-g -O2 -ffile-prefix-map=/build/gcc-arm-none-eabi-hYfgK4/gcc-arm-none-eabi-10.3-2021.07=. -flto=auto -ffat-lto-objects -fstack-protector-strong' GCJFLAGS='-g -O2 -ffile-prefix-map=/build/gcc-arm-none-eabi-hYfgK4/gcc-arm-none-eabi-10.3-2021.07=. -fstack-protector-strong' LDFLAGS='-Wl,-Bsymbolic-functions -flto=auto -Wl,-z,relro' OBJCFLAGS='-g -O2 -ffile-prefix-map=/build/gcc-arm-none-eabi-hYfgK4/gcc-arm-none-eabi-10.3-2021.07=. -flto=auto -ffat-lto-objects -fstack-protector-strong' OBJCXXFLAGS='-g -O2 -ffile-prefix-map=/build/gcc-arm-none-eabi-hYfgK4/gcc-arm-none-eabi-10.3-2021.07=. -flto=auto -ffat-lto-objects -fstack-protector-strong' INHIBIT_LIBC_CFLAGS=-DUSE_TM_CLONE_REGISTRY=0 AR_FOR_TARGET=arm-none-eabi-ar AS_FOR_TARGET=arm-none-eabi-as LD_FOR_TARGET=arm-none-eabi-ld NM_FOR_TARGET=arm-none-eabi-nm OBJDUMP_FOR_TARGET=arm-none-eabi-objdump RANLIB_FOR_TARGET=arm-none-eabi-ranlib READELF_FOR_TARGET=arm-none-eabi-readelf STRIP_FOR_TARGET=arm-none-eabi-strip SED=/bin/sed SHELL=/bin/sh BASH=/bin/bash CONFIG_SHELL=/bin/bash
Thread model: single
Supported LTO compression algorithms: zlib
gcc version 10.3.1 20210621 (release) (15:10.3-2021.07-4) 
COLLECT_GCC_OPTIONS='-v' '-ggdb3' '-Os' '-fdata-sections' '-ffunction-sections' '-fno-common' '-fno-exceptions' '-Wall' '-Wextra' '-Wshadow' '-Wdouble-promotion' '-Wundef' '-Wconversion' '-o' 'CMakeFiles/cmTC_73470.dir/CMakeCXXCompilerABI.cpp.obj' '-c' '-mcpu=arm7tdmi' '-mfloat-abi=soft' '-marm' '-mlibarch=armv4t' '-march=armv4t'
 /usr/lib/gcc/arm-none-eabi/10.3.1/cc1plus -quiet -v -dD -D__USES_INITFINI__ /usr/share/cmake-3.22/Modules/CMakeCXXCompilerABI.cpp -quiet -dumpbase CMakeCXXCompilerABI.cpp -mcpu=arm7tdmi -mfloat-abi=soft -marm -mlibarch=armv4t -march=armv4t -auxbase-strip CMakeFiles/cmTC_73470.dir/CMakeCXXCompilerABI.cpp.obj -ggdb3 -Os -Wall -Wextra -Wshadow -Wdouble-promotion -Wundef -Wconversion -version -fdata-sections -ffunction-sections -fno-common -fno-exceptions -o /tmp/cc5DwiQH.s
GNU C++14 (15:10.3-2021.07-4) version 10.3.1 20210621 (release) (arm-none-eabi)
	compiled by GNU C version 11.2.0, GMP version 6.2.1, MPFR version 4.1.0, MPC version 1.2.1, isl version isl-0.24-GMP

GGC heuristics: --param ggc-min-expand=100 --param ggc-min-heapsize=131072
ignoring nonexistent directory "/usr/lib/gcc/arm-none-eabi/10.3.1/../../../arm-none-eabi/sys-include"
#include "..." search starts here:
#include <...> search starts here:
 /usr/lib/gcc/arm-none-eabi/10.3.1/../../../arm-none-eabi/include/c++/10.3.1
 /usr/lib/gcc/arm-none-eabi/10.3.1/../../../arm-none-eabi/include/c++/10.3.1/arm-none-eabi
 /usr/lib/gcc/arm-none-eabi/10.3.1/../../../arm-none-eabi/include/c++/10.3.1/backward
 /usr/lib/gcc/arm-none-eabi/10.3.1/include
 /usr/lib/gcc/arm-none-eabi/10.3.1/include-fixed
 /usr/lib/gcc/arm-none-eabi/10.3.1/../../../arm-none-eabi/include
End of search list.
GNU C++14 (15:10.3-2021.07-4) version 10.3.1 20210621 (release) (arm-none-eabi)
	compiled by GNU C version 11.2.0, GMP version 6.2.1, MPFR version 4.1.0, MPC version 1.2.1, isl version isl-0.24-GMP

GGC heuristics: --param ggc-min-expand=100 --param ggc-min-heapsize=131072
Compiler executable checksum: 4f994585a8ca8864fa1f4d2fb208a0ba
COLLECT_GCC_OPTIONS='-v' '-ggdb3' '-Os' '-fdata-sections' '-ffunction-sections' '-fno-common' '-fno-exceptions' '-Wall' '-Wextra' '-Wshadow' '-Wdouble-promotion' '-Wundef' '-Wconversion' '-o' 'CMakeFiles/cmTC_73470.dir/CMakeCXXCompilerABI.cpp.obj' '-c' '-mcpu=arm7tdmi' '-mfloat-abi=soft' '-marm' '-mlibarch=armv4t' '-march=armv4t'
 /usr/lib/gcc/arm-none-eabi/10.3.1/../../../arm-none-eabi/bin/as -v -march=armv4t -mfloat-abi=soft -meabi=5 -o CMakeFiles/cmTC_73470.dir/CMakeCXXCompilerABI.cpp.obj /tmp/cc5DwiQH.s
GNU assembler version 2.38 (arm-none-eabi) using BFD version (2.38-3ubuntu1+15build1) 2.38
COMPILER_PATH=/usr/lib/gcc/arm-none-eabi/10.3.1/:/usr/lib/gcc/arm-none-eabi/10.3.1/:/usr/lib/gcc/arm-none-eabi/:/usr/lib/gcc/arm-none-eabi/10.3.1/:/usr/lib/gcc/arm-none-eabi/:/usr/lib/gcc/arm-none-eabi/10.3.1/../../../arm-none-eabi/bin/
LIBRARY_PATH=/usr/lib/gcc/arm-none-eabi/10.3.1/:/usr/lib/gcc/arm-none-eabi/10.3.1/../../../arm-none-eabi/lib/
COLLECT_GCC_OPTIONS='-v' '-ggdb3' '-Os' '-fdata-sections' '-ffunction-sections' '-fno-common' '-fno-exceptions' '-Wall' '-Wextra' '-Wshadow' '-Wdouble-promotion' '-Wundef' '-Wconversion' '-o' 'CMakeFiles/cmTC_73470.dir/CMakeCXXCompilerABI.cpp.obj' '-c' '-mcpu=arm7tdmi' '-mfloat-abi=soft' '-marm' '-mlibarch=armv4t' '-march=armv4t'
Linking CXX static library libcmTC_73470.a
/usr/bin/cmake -P CMakeFiles/cmTC_73470.dir/cmake_clean_target.cmake
/usr/bin/cmake -E cmake_link_script CMakeFiles/cmTC_73470.dir/link.txt --verbose=1
/usr/bin/arm-none-eabi-ar qc libcmTC_73470.a CMakeFiles/cmTC_73470.dir/CMakeCXXCompilerABI.cpp.obj
/usr/bin/arm-none-eabi-ranlib libcmTC_73470.a
gmake[1]: Leaving directory '/home/nikita/MACHINE/proj/build/CMakeFiles/CMakeTmp'



Parsed CXX implicit include dir info from above output: rv=done
  found start of include info
  found start of implicit include info
    add: [/usr/lib/gcc/arm-none-eabi/10.3.1/../../../arm-none-eabi/include/c++/10.3.1]
    add: [/usr/lib/gcc/arm-none-eabi/10.3.1/../../../arm-none-eabi/include/c++/10.3.1/arm-none-eabi]
    add: [/usr/lib/gcc/arm-none-eabi/10.3.1/../../../arm-none-eabi/include/c++/10.3.1/backward]
    add: [/usr/lib/gcc/arm-none-eabi/10.3.1/include]
    add: [/usr/lib/gcc/arm-none-eabi/10.3.1/include-fixed]
    add: [/usr/lib/gcc/arm-none-eabi/10.3.1/../../../arm-none-eabi/include]
  end of search list found
  collapse include dir [/usr/lib/gcc/arm-none-eabi/10.3.1/../../../arm-none-eabi/include/c++/10.3.1] ==> [/usr/lib/arm-none-eabi/include/c++/10.3.1]
  collapse include dir [/usr/lib/gcc/arm-none-eabi/10.3.1/../../../arm-none-eabi/include/c++/10.3.1/arm-none-eabi] ==> [/usr/lib/arm-none-eabi/include/c++/10.3.1/arm-none-eabi]
  collapse include dir [/usr/lib/gcc/arm-none-eabi/10.3.1/../../../arm-none-eabi/include/c++/10.3.1/backward] ==> [/usr/lib/arm-none-eabi/include/c++/10.3.1/backward]
  collapse include dir [/usr/lib/gcc/arm-none-eabi/10.3.1/include] ==> [/usr/lib/gcc/arm-none-eabi/10.3.1/include]
  collapse include dir [/usr/lib/gcc/arm-none-eabi/10.3.1/include-fixed] ==> [/usr/lib/gcc/arm-none-eabi/10.3.1/include-fixed]
  collapse include dir [/usr/lib/gcc/arm-none-eabi/10.3.1/../../../arm-none-eabi/include] ==> [/usr/lib/arm-none-eabi/include]
  implicit include dirs: [/usr/lib/arm-none-eabi/include/c++/10.3.1;/usr/lib/arm-none-eabi/include/c++/10.3.1/arm-none-eabi;/usr/lib/arm-none-eabi/include/c++/10.3.1/backward;/usr/lib/gcc/arm-none-eabi/10.3.1/include;/usr/lib/gcc/arm-none-eabi/10.3.1/include-fixed;/usr/lib/arm-none-eabi/include]


Parsed CXX implicit link information from above output:
  link line regex: [^( *|.*[/\])(arm-none-eabi-ld|CMAKE_LINK_STARTFILE-NOTFOUND|([^/\]+-)?ld|collect2)[^/\]*( |$)]
  ignore line: [Change Dir: /home/nikita/MACHINE/proj/build/CMakeFiles/CMakeTmp]
  ignore line: []
  ignore line: [Run Build Command(s):/usr/bin/gmake -f Makefile cmTC_73470/fast && /usr/bin/gmake  -f CMakeFiles/cmTC_73470.dir/build.make CMakeFiles/cmTC_73470.dir/build]
  ignore line: [gmake[1]: Entering directory '/home/nikita/MACHINE/proj/build/CMakeFiles/CMakeTmp']
  ignore line: [Building CXX object CMakeFiles/cmTC_73470.dir/CMakeCXXCompilerABI.cpp.obj]
  ignore line: [/usr/bin/arm-none-eabi-g++   -v -ggdb3 -Os -fdata-sections -ffunction-sections -fno-common -fno-exceptions -Wall -Wextra -Wshadow -Wdouble-promotion -Wundef -Wconversion -o CMakeFiles/cmTC_73470.dir/CMakeCXXCompilerABI.cpp.obj -c /usr/share/cmake-3.22/Modules/CMakeCXXCompilerABI.cpp]
  ignore line: [Using built-in specs.]
  ignore line: [COLLECT_GCC=/usr/bin/arm-none-eabi-g++]
  ignore line: [Target: arm-none-eabi]
  ignore line: [Configured with: ../configure --build=x86_64-linux-gnu --prefix=/usr --includedir='/usr/lib/include' --mandir='/usr/lib/share/man' --infodir='/usr/lib/share/info' --sysconfdir=/etc --localstatedir=/var --disable-option-checking --disable-silent-rules --libdir='/usr/lib/lib/x86_64-linux-gnu' --libexecdir='/usr/lib/lib/x86_64-linux-gnu' --disable-maintainer-mode --disable-dependency-tracking --mandir=/usr/share/man --enable-languages=c,c++,lto --enable-multilib --disable-decimal-float --disable-libffi --disable-libgomp --disable-libmudflap --disable-libquadmath --disable-libssp --disable-libstdcxx-pch --disable-nls --disable-shared --disable-threads --enable-tls --build=x86_64-linux-gnu --target=arm-none-eabi --with-system-zlib --with-gnu-as --with-gnu-ld --with-pkgversion=15:10.3-2021.07-4 --without-included-gettext --prefix=/usr/lib --infodir=/usr/share/doc/gcc-arm-none-eabi/info --htmldir=/usr/share/doc/gcc-arm-none-eabi/html --pdfdir=/usr/share/doc/gcc-arm-none-eabi/pdf --bindir=/usr/bin --libexecdir=/usr/lib --libdir=/usr/lib --disable-libstdc++-v3 --host=x86_64-linux-gnu --with-headers=no --without-newlib --with-multilib-list=rmprofile,aprofile CFLAGS='-g -O2 -ffile-prefix-map=/build/gcc-arm-none-eabi-hYfgK4/gcc-arm-none-eabi-10.3-2021.07=. -flto=auto -ffat-lto-objects -fstack-protector-strong' CPPFLAGS='-Wdate-time -D_FORTIFY_SOURCE=2' CXXFLAGS='-g -O2 -ffile-prefix-map=/build/gcc-arm-none-eabi-hYfgK4/gcc-arm-none-eabi-10.3-2021.07=. -flto=auto -ffat-lto-objects -fstack-protector-strong' DFLAGS=-frelease FCFLAGS='-g -O2 -ffile-prefix-map=/build/gcc-arm-none-eabi-hYfgK4/gcc-arm-none-eabi-10.3-2021.07=. -flto=auto -ffat-lto-objects -fstack-protector-strong' FFLAGS='-g -O2 -ffile-prefix-map=/build/gcc-arm-none-eabi-hYfgK4/gcc-arm-none-eabi-10.3-2021.07=. -flto=auto -ffat-lto-objects -fstack-protector-strong' GCJFLAGS='-g -O2 -ffile-prefix-map=/build/gcc-arm-none-eabi-hYfgK4/gcc-arm-none-eabi-10.3-2021.07=. -fstack-protector-strong' LDFLAGS='-Wl,-Bsymbolic-functions -flto=auto -Wl,-z,relro' OBJCFLAGS='-g -O2 -ffile-prefix-map=/build/gcc-arm-none-eabi-hYfgK4/gcc-arm-none-eabi-10.3-2021.07=. -flto=auto -ffat-lto-objects -fstack-protector-strong' OBJCXXFLAGS='-g -O2 -ffile-prefix-map=/build/gcc-arm-none-eabi-hYfgK4/gcc-arm-none-eabi-10.3-2021.07=. -flto=auto -ffat-lto-objects -fstack-protector-strong' INHIBIT_LIBC_CFLAGS=-DUSE_TM_CLONE_REGISTRY=0 AR_FOR_TARGET=arm-none-eabi-ar AS_FOR_TARGET=arm-none-eabi-as LD_FOR_TARGET=arm-none-eabi-ld NM_FOR_TARGET=arm-none-eabi-nm OBJDUMP_FOR_TARGET=arm-none-eabi-objdump RANLIB_FOR_TARGET=arm-none-eabi-ranlib READELF_FOR_TARGET=arm-none-eabi-readelf STRIP_FOR_TARGET=arm-none-eabi-strip SED=/bin/sed SHELL=/bin/sh BASH=/bin/bash CONFIG_SHELL=/bin/bash]
  ignore line: [Thread model: single]
  ignore line: [Supported LTO compression algorithms: zlib]
  ignore line: [gcc version 10.3.1 20210621 (release) (15:10.3-2021.07-4) ]
  ignore line: [COLLECT_GCC_OPTIONS='-v' '-ggdb3' '-Os' '-fdata-sections' '-ffunction-sections' '-fno-common' '-fno-exceptions' '-Wall' '-Wextra' '-Wshadow' '-Wdouble-promotion' '-Wundef' '-Wconversion' '-o' 'CMakeFiles/cmTC_73470.dir/CMakeCXXCompilerABI.cpp.obj' '-c' '-mcpu=arm7tdmi' '-mfloat-abi=soft' '-marm' '-mlibarch=armv4t' '-march=armv4t']
  ignore line: [ /usr/lib/gcc/arm-none-eabi/10.3.1/cc1plus -quiet -v -dD -D__USES_INITFINI__ /usr/share/cmake-3.22/Modules/CMakeCXXCompilerABI.cpp -quiet -dumpbase CMakeCXXCompilerABI.cpp -mcpu=arm7tdmi -mfloat-abi=soft -marm -mlibarch=armv4t -march=armv4t -auxbase-strip CMakeFiles/cmTC_73470.dir/CMakeCXXCompilerABI.cpp.obj -ggdb3 -Os -Wall -Wextra -Wshadow -Wdouble-promotion -Wundef -Wconversion -version -fdata-sections -ffunction-sections -fno-common -fno-exceptions -o /tmp/cc5DwiQH.s]
  ignore line: [GNU C++14 (15:10.3-2021.07-4) version 10.3.1 20210621 (release) (arm-none-eabi)]
  ignore line: [	compiled by GNU C version 11.2.0  GMP version 6.2.1  MPFR version 4.1.0  MPC version 1.2.1  isl version isl-0.24-GMP]
  ignore line: []
  ignore line: [GGC heuristics: --param ggc-min-expand=100 --param ggc-min-heapsize=131072]
  ignore line: [ignoring nonexistent directory "/usr/lib/gcc/arm-none-eabi/10.3.1/../../../arm-none-eabi/sys-include"]
  ignore line: [#include "..." search starts here:]
  ignore line: [#include <...> search starts here:]
  ignore line: [ /usr/lib/gcc/arm-none-eabi/10.3.1/../../../arm-none-eabi/include/c++/10.3.1]
  ignore line: [ /usr/lib/gcc/arm-none-eabi/10.3.1/../../../arm-none-eabi/include/c++/10.3.1/arm-none-eabi]
  ignore line: [ /usr/lib/gcc/arm-none-eabi/10.3.1/../../../arm-none-eabi/include/c++/10.3.1/backward]
  ignore line: [ /usr/lib/gcc/arm-none-eabi/10.3.1/include]
  ignore line: [ /usr/lib/gcc/arm-none-eabi/10.3.1/include-fixed]
  ignore line: [ /usr/lib/gcc/arm-none-eabi/10.3.1/../../../arm-none-eabi/include]
  ignore line: [End of search list.]
  ignore line: [GNU C++14 (15:10.3-2021.07-4) version 10.3.1 20210621 (release) (arm-none-eabi)]
  ignore line: [	compiled by GNU C version 11.2.0  GMP version 6.2.1  MPFR version 4.1.0  MPC version 1.2.1  isl version isl-0.24-GMP]
  ignore line: []
  ignore line: [GGC heuristics: --param ggc-min-expand=100 --param ggc-min-heapsize=131072]
  ignore line: [Compiler executable checksum: 4f994585a8ca8864fa1f4d2fb208a0ba]
  ignore line: [COLLECT_GCC_OPTIONS='-v' '-ggdb3' '-Os' '-fdata-sections' '-ffunction-sections' '-fno-common' '-fno-exceptions' '-Wall' '-Wextra' '-Wshadow' '-Wdouble-promotion' '-Wundef' '-Wconversion' '-o' 'CMakeFiles/cmTC_73470.dir/CMakeCXXCompilerABI.cpp.obj' '-c' '-mcpu=arm7tdmi' '-mfloat-abi=soft' '-marm' '-mlibarch=armv4t' '-march=armv4t']
  ignore line: [ /usr/lib/gcc/arm-none-eabi/10.3.1/../../../arm-none-eabi/bin/as -v -march=armv4t -mfloat-abi=soft -meabi=5 -o CMakeFiles/cmTC_73470.dir/CMakeCXXCompilerABI.cpp.obj /tmp/cc5DwiQH.s]
  ignore line: [GNU assembler version 2.38 (arm-none-eabi) using BFD version (2.38-3ubuntu1+15build1) 2.38]
  ignore line: [COMPILER_PATH=/usr/lib/gcc/arm-none-eabi/10.3.1/:/usr/lib/gcc/arm-none-eabi/10.3.1/:/usr/lib/gcc/arm-none-eabi/:/usr/lib/gcc/arm-none-eabi/10.3.1/:/usr/lib/gcc/arm-none-eabi/:/usr/lib/gcc/arm-none-eabi/10.3.1/../../../arm-none-eabi/bin/]
  ignore line: [LIBRARY_PATH=/usr/lib/gcc/arm-none-eabi/10.3.1/:/usr/lib/gcc/arm-none-eabi/10.3.1/../../../arm-none-eabi/lib/]
  ignore line: [COLLECT_GCC_OPTIONS='-v' '-ggdb3' '-Os' '-fdata-sections' '-ffunction-sections' '-fno-common' '-fno-exceptions' '-Wall' '-Wextra' '-Wshadow' '-Wdouble-promotion' '-Wundef' '-Wconversion' '-o' 'CMakeFiles/cmTC_73470.dir/CMakeCXXCompilerABI.cpp.obj' '-c' '-mcpu=arm7tdmi' '-mfloat-abi=soft' '-marm' '-mlibarch=armv4t' '-march=armv4t']
  ignore line: [Linking CXX static library libcmTC_73470.a]
  ignore line: [/usr/bin/cmake -P CMakeFiles/cmTC_73470.dir/cmake_clean_target.cmake]
  ignore line: [/usr/bin/cmake -E cmake_link_script CMakeFiles/cmTC_73470.dir/link.txt --verbose=1]
  ignore line: [/usr/bin/arm-none-eabi-ar qc libcmTC_73470.a CMakeFiles/cmTC_73470.dir/CMakeCXXCompilerABI.cpp.obj]
  ignore line: [/usr/bin/arm-none-eabi-ranlib libcmTC_73470.a]
  ignore line: [gmake[1]: Leaving directory '/home/nikita/MACHINE/proj/build/CMakeFiles/CMakeTmp']
  ignore line: []
  ignore line: []
  implicit libs: []
  implicit objs: []
  implicit dirs: []
  implicit fwks: []


Detecting C compiler ABI info compiled with the following output:
Change Dir: /home/nikita/MACHINE/proj/build/CMakeFiles/CMakeTmp

Run Build Command(s):/usr/bin/gmake -f Makefile cmTC_a5498/fast && /usr/bin/gmake  -f CMakeFiles/cmTC_a5498.dir/build.make CMakeFiles/cmTC_a5498.dir/build
gmake[1]: Entering directory '/home/nikita/MACHINE/proj/build/CMakeFiles/CMakeTmp'
Building C object CMakeFiles/cmTC_a5498.dir/CMakeCCompilerABI.c.obj
/usr/bin/arm-none-eabi-gcc   -v -ggdb3 -Os -fdata-sections -ffunction-sections -fno-common -fno-exceptions -Wall -Wextra -Wshadow -Wdouble-promotion -Wundef -Wconversion -o CMakeFiles/cmTC_a5498.dir/CMakeCCompilerABI.c.obj -c /usr/share/cmake-3.22/Modules/CMakeCCompilerABI.c
Using built-in specs.
COLLECT_GCC=/usr/bin/arm-none-eabi-gcc
Target: arm-none-eabi
Configured with: ../configure --build=x86_64-linux-gnu --prefix=/usr --includedir='/usr/lib/include' --mandir='/usr/lib/share/man' --infodir='/usr/lib/share/info' --sysconfdir=/etc --localstatedir=/var --disable-option-checking --disable-silent-rules --libdir='/usr/lib/lib/x86_64-linux-gnu' --libexecdir='/usr/lib/lib/x86_64-linux-gnu' --disable-maintainer-mode --disable-dependency-tracking --mandir=/usr/share/man --enable-languages=c,c++,lto --enable-multilib --disable-decimal-float --disable-libffi --disable-libgomp --disable-libmudflap --disable-libquadmath --disable-libssp --disable-libstdcxx-pch --disable-nls --disable-shared --disable-threads --enable-tls --build=x86_64-linux-gnu --target=arm-none-eabi --with-system-zlib --with-gnu-as --with-gnu-ld --with-pkgversion=15:10.3-2021.07-4 --without-included-gettext --prefix=/usr/lib --infodir=/usr/share/doc/gcc-arm-none-eabi/info --htmldir=/usr/share/doc/gcc-arm-none-eabi/html --pdfdir=/usr/share/doc/gcc-arm-none-eabi/pdf --bindir=/usr/bin --libexecdir=/usr/lib --libdir=/usr/lib --disable-libstdc++-v3 --host=x86_64-linux-gnu --with-headers=no --without-newlib --with-multilib-list=rmprofile,aprofile CFLAGS='-g -O2 -ffile-prefix-map=/build/gcc-arm-none-eabi-hYfgK4/gcc-arm-none-eabi-10.3-2021.07=. -flto=auto -ffat-lto-objects -fstack-protector-strong' CPPFLAGS='-Wdate-time -D_FORTIFY_SOURCE=2' CXXFLAGS='-g -O2 -ffile-prefix-map=/build/gcc-arm-none-eabi-hYfgK4/gcc-arm-none-eabi-10.3-2021.07=. -flto=auto -ffat-lto-objects -fstack-protector-strong' DFLAGS=-frelease FCFLAGS='-g -O2 -ffile-prefix-map=/build/gcc-arm-none-eabi-hYfgK4/gcc-arm-none-eabi-10.3-2021.07=. -flto=auto -ffat-lto-objects -fstack-protector-strong' FFLAGS='-g -O2 -ffile-prefix-map=/build/gcc-arm-none-eabi-hYfgK4/gcc-arm-none-eabi-10.3-2021.07=. -flto=auto -ffat-lto-objects -fstack-protector-strong' GCJFLAGS='-g -O2 -ffile-prefix-map=/build/gcc-arm-none-eabi-hYfgK4/gcc-arm-none-eabi-10.3-2021.07=. -fstack-protector-strong' LDFLAGS='-Wl,-Bsymbolic-functions -flto=auto -Wl,-z,relro' OBJCFLAGS='-g -O2 -ffile-prefix-map=/build/gcc-arm-none-eabi-hYfgK4/gcc-arm-none-eabi-10.3-2021.07=. -flto=auto -ffat-lto-objects -fstack-protector-strong' OBJCXXFLAGS='-g -O2 -ffile-prefix-map=/build/gcc-arm-none-eabi-hYfgK4/gcc-arm-none-eabi-10.3-2021.07=. -flto=auto -ffat-lto-objects -fstack-protector-strong' INHIBIT_LIBC_CFLAGS=-DUSE_TM_CLONE_REGISTRY=0 AR_FOR_TARGET=arm-none-eabi-ar AS_FOR_TARGET=arm-none-eabi-as LD_FOR_TARGET=arm-none-eabi-ld NM_FOR_TARGET=arm-none-eabi-nm OBJDUMP_FOR_TARGET=arm-none-eabi-objdump RANLIB_FOR_TARGET=arm-none-eabi-ranlib READELF_FOR_TARGET=arm-none-eabi-readelf STRIP_FOR_TARGET=arm-none-eabi-strip SED=/bin/sed SHELL=/bin/sh BASH=/bin/bash CONFIG_SHELL=/bin/bash
Thread model: single
Supported LTO compression algorithms: zlib
gcc version 10.3.1 20210621 (release) (15:10.3-2021.07-4) 
COLLECT_GCC_OPTIONS='-v' '-ggdb3' '-Os' '-fdata-sections' '-ffunction-sections' '-fno-common' '-fno-exceptions' '-Wall' '-Wextra' '-Wshadow' '-Wdouble-promotion' '-Wundef' '-Wconversion' '-o' 'CMakeFiles/cmTC_a5498.dir/CMakeCCompilerABI.c.obj' '-c' '-mcpu=arm7tdmi' '-mfloat-abi=soft' '-marm' '-mlibarch=armv4t' '-march=armv4t'
 /usr/lib/gcc/arm-none-eabi/10.3.1/cc1 -quiet -v -dD -D__USES_INITFINI__ /usr/share/cmake-3.22/Modules/CMakeCCompilerABI.c -quiet -dumpbase CMakeCCompilerABI.c -mcpu=arm7tdmi -mfloat-abi=soft -marm -mlibarch=armv4t -march=armv4t -auxbase-strip CMakeFiles/cmTC_a5498.dir/CMakeCCompilerABI.c.obj -ggdb3 -Os -Wall -Wextra -Wshadow -Wdouble-promotion -Wundef -Wconversion -version -fdata-sections -ffunction-sections -fno-common -fno-exceptions -o /tmp/cc5MjnwO.s
GNU C17 (15:10.3-2021.07-4) version 10.3.1 20210621 (release) (arm-none-eabi)
	compiled by GNU C version 11.2.0, GMP version 6.2.1, MPFR version 4.1.0, MPC version 1.2.1, isl version isl-0.24-GMP

GGC heuristics: --param ggc-min-expand=100 --param ggc-min-heapsize=131072
ignoring nonexistent directory "/usr/lib/gcc/arm-none-eabi/10.3.1/../../../arm-none-eabi/sys-include"
#include "..." search starts here:
#include <...> search starts here:
 /usr/lib/gcc/arm-none-eabi/10.3.1/include
 /usr/lib/gcc/arm-none-eabi/10.3.1/include-fixed
 /usr/lib/gcc/arm-none-eabi/10.3.1/../../../arm-none-eabi/include
End of search list.
GNU C17 (15:10.3-2021.07-4) version 10.3.1 20210621 (release) (arm-none-eabi)
	compiled by GNU C version 11.2.0, GMP version 6.2.1, MPFR version 4.1.0, MPC version 1.2.1, isl version isl-0.24-GMP

GGC heuristics: --param ggc-min-expand=100 --param ggc-min-heapsize=131072
Compiler executable checksum: 4cf7574ae54eb0935abb4a8c56f8bcfe
COLLECT_GCC_OPTIONS='-v' '-ggdb3' '-Os' '-fdata-sections' '-ffunction-sections' '-fno-common' '-fno-exceptions' '-Wall' '-Wextra' '-Wshadow' '-Wdouble-promotion' '-Wundef' '-Wconversion' '-o' 'CMakeFiles/cmTC_a5498.dir/CMakeCCompilerABI.c.obj' '-c' '-mcpu=arm7tdmi' '-mfloat-abi=soft' '-marm' '-mlibarch=armv4t' '-march=armv4t'
 /usr/lib/gcc/arm-none-eabi/10.3.1/../../../arm-none-eabi/bin/as -v -march=armv4t -mfloat-abi=soft -meabi=5 -o CMakeFiles/cmTC_a5498.dir/CMakeCCompilerABI.c.obj /tmp/cc5MjnwO.s
GNU assembler version 2.38 (arm-none-eabi) using BFD version (2.38-3ubuntu1+15build1) 2.38
COMPILER_PATH=/usr/lib/gcc/arm-none-eabi/10.3.1/:/usr/lib/gcc/arm-none-eabi/10.3.1/:/usr/lib/gcc/arm-none-eabi/:/usr/lib/gcc/arm-none-eabi/10.3.1/:/usr/lib/gcc/arm-none-eabi/:/usr/lib/gcc/arm-none-eabi/10.3.1/../../../arm-none-eabi/bin/
LIBRARY_PATH=/usr/lib/gcc/arm-none-eabi/10.3.1/:/usr/lib/gcc/arm-none-eabi/10.3.1/../../../arm-none-eabi/lib/
COLLECT_GCC_OPTIONS='-v' '-ggdb3' '-Os' '-fdata-sections' '-ffunction-sections' '-fno-common' '-fno-exceptions' '-Wall' '-Wextra' '-Wshadow' '-Wdouble-promotion' '-Wundef' '-Wconversion' '-o' 'CMakeFiles/cmTC_a5498.dir/CMakeCCompilerABI.c.obj' '-c' '-mcpu=arm7tdmi' '-mfloat-abi=soft' '-marm' '-mlibarch=armv4t' '-march=armv4t'
Linking C static library libcmTC_a5498.a
/usr/bin/cmake -P CMakeFiles/cmTC_a5498.dir/cmake_clean_target.cmake
/usr/bin/cmake -E cmake_link_script CMakeFiles/cmTC_a5498.dir/link.txt --verbose=1
/usr/bin/arm-none-eabi-ar qc libcmTC_a5498.a CMakeFiles/cmTC_a5498.dir/CMakeCCompilerABI.c.obj
/usr/bin/arm-none-eabi-ranlib libcmTC_a5498.a
gmake[1]: Leaving directory '/home/nikita/MACHINE/proj/build/CMakeFiles/CMakeTmp'



Parsed C implicit include dir info from above output: rv=done
  found start of include info
  found start of implicit include info
    add: [/usr/lib/gcc/arm-none-eabi/10.3.1/include]
    add: [/usr/lib/gcc/arm-none-eabi/10.3.1/include-fixed]
    add: [/usr/lib/gcc/arm-none-eabi/10.3.1/../../../arm-none-eabi/include]
  end of search list found
  collapse include dir [/usr/lib/gcc/arm-none-eabi/10.3.1/include] ==> [/usr/lib/gcc/arm-none-eabi/10.3.1/include]
  collapse include dir [/usr/lib/gcc/arm-none-eabi/10.3.1/include-fixed] ==> [/usr/lib/gcc/arm-none-eabi/10.3.1/include-fixed]
  collapse include dir [/usr/lib/gcc/arm-none-eabi/10.3.1/../../../arm-none-eabi/include] ==> [/usr/lib/arm-none-eabi/include]
  implicit include dirs: [/usr/lib/gcc/arm-none-eabi/10.3.1/include;/usr/lib/gcc/arm-none-eabi/10.3.1/include-fixed;/usr/lib/arm-none-eabi/include]


Parsed C implicit link information from above output:
  link line regex: [^( *|.*[/\])(arm-none-eabi-ld|CMAKE_LINK_STARTFILE-NOTFOUND|([^/\]+-)?ld|collect2)[^/\]*( |$)]
  ignore line: [Change Dir: /home/nikita/MACHINE/proj/build/CMakeFiles/CMakeTmp]
  ignore line: []
  ignore line: [Run Build Command(s):/usr/bin/gmake -f Makefile cmTC_a5498/fast && /usr/bin/gmake  -f CMakeFiles/cmTC_a5498.dir/build.make CMakeFiles/cmTC_a5498.dir/build]
  ignore line: [gmake[1]: Entering directory '/home/nikita/MACHINE/proj/build/CMakeFiles/CMakeTmp']
  ignore line: [Building C object CMakeFiles/cmTC_a5498.dir/CMakeCCompilerABI.c.obj]
  ignore line: [/usr/bin/arm-none-eabi-gcc   -v -ggdb3 -Os -fdata-sections -ffunction-sections -fno-common -fno-exceptions -Wall -Wextra -Wshadow -Wdouble-promotion -Wundef -Wconversion -o CMakeFiles/cmTC_a5498.dir/CMakeCCompilerABI.c.obj -c /usr/share/cmake-3.22/Modules/CMakeCCompilerABI.c]
  ignore line: [Using built-in specs.]
  ignore line: [COLLECT_GCC=/usr/bin/arm-none-eabi-gcc]
  ignore line: [Target: arm-none-eabi]
  ignore line: [Configured with: ../configure --build=x86_64-linux-gnu --prefix=/usr --includedir='/usr/lib/include' --mandir='/usr/lib/share/man' --infodir='/usr/lib/share/info' --sysconfdir=/etc --localstatedir=/var --disable-option-checking --disable-silent-rules --libdir='/usr/lib/lib/x86_64-linux-gnu' --libexecdir='/usr/lib/lib/x86_64-linux-gnu' --disable-maintainer-mode --disable-dependency-tracking --mandir=/usr/share/man --enable-languages=c,c++,lto --enable-multilib --disable-decimal-float --disable-libffi --disable-libgomp --disable-libmudflap --disable-libquadmath --disable-libssp --disable-libstdcxx-pch --disable-nls --disable-shared --disable-threads --enable-tls --build=x86_64-linux-gnu --target=arm-none-eabi --with-system-zlib --with-gnu-as --with-gnu-ld --with-pkgversion=15:10.3-2021.07-4 --without-included-gettext --prefix=/usr/lib --infodir=/usr/share/doc/gcc-arm-none-eabi/info --htmldir=/usr/share/doc/gcc-arm-none-eabi/html --pdfdir=/usr/share/doc/gcc-arm-none-eabi/pdf --bindir=/usr/bin --libexecdir=/usr/lib --libdir=/usr/lib --disable-libstdc++-v3 --host=x86_64-linux-gnu --with-headers=no --without-newlib --with-multilib-list=rmprofile,aprofile CFLAGS='-g -O2 -ffile-prefix-map=/build/gcc-arm-none-eabi-hYfgK4/gcc-arm-none-eabi-10.3-2021.07=. -flto=auto -ffat-lto-objects -fstack-protector-strong' CPPFLAGS='-Wdate-time -D_FORTIFY_SOURCE=2' CXXFLAGS='-g -O2 -ffile-prefix-map=/build/gcc-arm-none-eabi-hYfgK4/gcc-arm-none-eabi-10.3-2021.07=. -flto=auto -ffat-lto-objects -fstack-protector-strong' DFLAGS=-frelease FCFLAGS='-g -O2 -ffile-prefix-map=/build/gcc-arm-none-eabi-hYfgK4/gcc-arm-none-eabi-10.3-2021.07=. -flto=auto -ffat-lto-objects -fstack-protector-strong' FFLAGS='-g -O2 -ffile-prefix-map=/build/gcc-arm-none-eabi-hYfgK4/gcc-arm-none-eabi-10.3-2021.07=. -flto=auto -ffat-lto-objects -fstack-protector-strong' GCJFLAGS='-g -O2 -ffile-prefix-map=/build/gcc-arm-none-eabi-hYfgK4/gcc-arm-none-eabi-10.3-2021.07=. -fstack-protector-strong' LDFLAGS='-Wl,-Bsymbolic-functions -flto=auto -Wl,-z,relro' OBJCFLAGS='-g -O2 -ffile-prefix-map=/build/gcc-arm-none-eabi-hYfgK4/gcc-arm-none-eabi-10.3-2021.07=. -flto=auto -ffat-lto-objects -fstack-protector-strong' OBJCXXFLAGS='-g -O2 -ffile-prefix-map=/build/gcc-arm-none-eabi-hYfgK4/gcc-arm-none-eabi-10.3-2021.07=. -flto=auto -ffat-lto-objects -fstack-protector-strong' INHIBIT_LIBC_CFLAGS=-DUSE_TM_CLONE_REGISTRY=0 AR_FOR_TARGET=arm-none-eabi-ar AS_FOR_TARGET=arm-none-eabi-as LD_FOR_TARGET=arm-none-eabi-ld NM_FOR_TARGET=arm-none-eabi-nm OBJDUMP_FOR_TARGET=arm-none-eabi-objdump RANLIB_FOR_TARGET=arm-none-eabi-ranlib READELF_FOR_TARGET=arm-none-eabi-readelf STRIP_FOR_TARGET=arm-none-eabi-strip SED=/bin/sed SHELL=/bin/sh BASH=/bin/bash CONFIG_SHELL=/bin/bash]
  ignore line: [Thread model: single]
  ignore line: [Supported LTO compression algorithms: zlib]
  ignore line: [gcc version 10.3.1 20210621 (release) (15:10.3-2021.07-4) ]
  ignore line: [COLLECT_GCC_OPTIONS='-v' '-ggdb3' '-Os' '-fdata-sections' '-ffunction-sections' '-fno-common' '-fno-exceptions' '-Wall' '-Wextra' '-Wshadow' '-Wdouble-promotion' '-Wundef' '-Wconversion' '-o' 'CMakeFiles/cmTC_a5498.dir/CMakeCCompilerABI.c.obj' '-c' '-mcpu=arm7tdmi' '-mfloat-abi=soft' '-marm' '-mlibarch=armv4t' '-march=armv4t']
  ignore line: [ /usr/lib/gcc/arm-none-eabi/10.3.1/cc1 -quiet -v -dD -D__USES_INITFINI__ /usr/share/cmake-3.22/Modules/CMakeCCompilerABI.c -quiet -dumpbase CMakeCCompilerABI.c -mcpu=arm7tdmi -mfloat-abi=soft -marm -mlibarch=armv4t -march=armv4t -auxbase-strip CMakeFiles/cmTC_a5498.dir/CMakeCCompilerABI.c.obj -ggdb3 -Os -Wall -Wextra -Wshadow -Wdouble-promotion -Wundef -Wconversion -version -fdata-sections -ffunction-sections -fno-common -fno-exceptions -o /tmp/cc5MjnwO.s]
  ignore line: [GNU C17 (15:10.3-2021.07-4) version 10.3.1 20210621 (release) (arm-none-eabi)]
  ignore line: [	compiled by GNU C version 11.2.0  GMP version 6.2.1  MPFR version 4.1.0  MPC version 1.2.1  isl version isl-0.24-GMP]
  ignore line: []
  ignore line: [GGC heuristics: --param ggc-min-expand=100 --param ggc-min-heapsize=131072]
  ignore line: [ignoring nonexistent directory "/usr/lib/gcc/arm-none-eabi/10.3.1/../../../arm-none-eabi/sys-include"]
  ignore line: [#include "..." search starts here:]
  ignore line: [#include <...> search starts here:]
  ignore line: [ /usr/lib/gcc/arm-none-eabi/10.3.1/include]
  ignore line: [ /usr/lib/gcc/arm-none-eabi/10.3.1/include-fixed]
  ignore line: [ /usr/lib/gcc/arm-none-eabi/10.3.1/../../../arm-none-eabi/include]
  ignore line: [End of search list.]
  ignore line: [GNU C17 (15:10.3-2021.07-4) version 10.3.1 20210621 (release) (arm-none-eabi)]
  ignore line: [	compiled by GNU C version 11.2.0  GMP version 6.2.1  MPFR version 4.1.0  MPC version 1.2.1  isl version isl-0.24-GMP]
  ignore line: []
  ignore line: [GGC heuristics: --param ggc-min-expand=100 --param ggc-min-heapsize=131072]
  ignore line: [Compiler executable checksum: 4cf7574ae54eb0935abb4a8c56f8bcfe]
  ignore line: [COLLECT_GCC_OPTIONS='-v' '-ggdb3' '-Os' '-fdata-sections' '-ffunction-sections' '-fno-common' '-fno-exceptions' '-Wall' '-Wextra' '-Wshadow' '-Wdouble-promotion' '-Wundef' '-Wconversion' '-o' 'CMakeFiles/cmTC_a5498.dir/CMakeCCompilerABI.c.obj' '-c' '-mcpu=arm7tdmi' '-mfloat-abi=soft' '-marm' '-mlibarch=armv4t' '-march=armv4t']
  ignore line: [ /usr/lib/gcc/arm-none-eabi/10.3.1/../../../arm-none-eabi/bin/as -v -march=armv4t -mfloat-abi=soft -meabi=5 -o CMakeFiles/cmTC_a5498.dir/CMakeCCompilerABI.c.obj /tmp/cc5MjnwO.s]
  ignore line: [GNU assembler version 2.38 (arm-none-eabi) using BFD version (2.38-3ubuntu1+15build1) 2.38]
  ignore line: [COMPILER_PATH=/usr/lib/gcc/arm-none-eabi/10.3.1/:/usr/lib/gcc/arm-none-eabi/10.3.1/:/usr/lib/gcc/arm-none-eabi/:/usr/lib/gcc/arm-none-eabi/10.3.1/:/usr/lib/gcc/arm-none-eabi/:/usr/lib/gcc/arm-none-eabi/10.3.1/../../../arm-none-eabi/bin/]
  ignore line: [LIBRARY_PATH=/usr/lib/gcc/arm-none-eabi/10.3.1/:/usr/lib/gcc/arm-none-eabi/10.3.1/../../../arm-none-eabi/lib/]
  ignore line: [COLLECT_GCC_OPTIONS='-v' '-ggdb3' '-Os' '-fdata-sections' '-ffunction-sections' '-fno-common' '-fno-exceptions' '-Wall' '-Wextra' '-Wshadow' '-Wdouble-promotion' '-Wundef' '-Wconversion' '-o' 'CMakeFiles/cmTC_a5498.dir/CMakeCCompilerABI.c.obj' '-c' '-mcpu=arm7tdmi' '-mfloat-abi=soft' '-marm' '-mlibarch=armv4t' '-march=armv4t']
  ignore line: [Linking C static library libcmTC_a5498.a]
  ignore line: [/usr/bin/cmake -P CMakeFiles/cmTC_a5498.dir/cmake_clean_target.cmake]
  ignore line: [/usr/bin/cmake -E cmake_link_script CMakeFiles/cmTC_a5498.dir/link.txt --verbose=1]
  ignore line: [/usr/bin/arm-none-eabi-ar qc libcmTC_a5498.a CMakeFiles/cmTC_a5498.dir/CMakeCCompilerABI.c.obj]
  ignore line: [/usr/bin/arm-none-eabi-ranlib libcmTC_a5498.a]
  ignore line: [gmake[1]: Leaving directory '/home/nikita/MACHINE/proj/build/CMakeFiles/CMakeTmp']
  ignore line: []
  ignore line: []
  implicit libs: []
  implicit objs: []
  implicit dirs: []
  implicit fwks: []


